SampleID,SampleDate,Julian,Location,Seasonality,Precipitation,Temp,log_Temp,DO,log_DO,Cond,log_Cond,pH,log_pH,PFBA,PFPeA,PFHxA,PFHpA,PFOA,PFNA,PFDA,PFUnA,PFDoA,PFTrDA,PFTeDA,PFBS,PFPeS,PFHxS,PFHpS,PFOS,PFNS,PFDS,PFDoS,4:2 FTS,6:2 FTS,8:2 FTS,N-MeFOSAA,N-EtFOSAA,FOSA,N-MeFOSA,N-EtFOSA,N-MeFOSE,N-EtFOSE,HFPO-DA,ADONA,9Cl-PF3ONS,11Cl-PF3OUdS,3:3 FTCA,5:3 FTCA,7:3 FTCA,PFEESA,PFMBA,PFMPA,NFDHA,PFHxDA,PFODA,10:2 FTS,MeFOSAA,EtFOSAA,PFOSA,MeFOSA,EtFOSA,MeFOSE,EtFOSE,PFPrS,PFecHS,SumPFAS,log_PFBA,log_PFPeA,log_PFHxA,log_PFHpA,log_PFOA,log_PFNA,log_PFDA,log_PFUnA,log_PFDoA,log_PFTrDA,log_PFTeDA,log_PFBS,log_PFPeS,log_PFHxS,log_PFHpS,log_PFOS,log_PFNS,log_PFDS,log_PFDoS,log_4:2 FTS,log_6:2 FTS,log_8:2 FTS,log_N-MeFOSAA,log_N-EtFOSAA,log_FOSA,log_N-MeFOSA,log_N-EtFOSA,log_N-MeFOSE,log_N-EtFOSE,log_HFPO-DA,log_ADONA,log_9Cl-PF3ONS,log_11Cl-PF3OUdS,log_3:3 FTCA,log_5:3 FTCA,log_7:3 FTCA,log_PFEESA,log_PFMBA,log_PFMPA,log_NFDHA,log_PFHxDA,log_PFODA,log_10:2 FTS,log_MeFOSAA,log_EtFOSAA,log_PFOSA,log_MeFOSA,log_EtFOSA,log_MeFOSE,log_EtFOSE,log_PFPrS,log_PFecHS
JBA002-SW-SPILL-11172020,11/17/2020 0:00,20322,Spill,Winter,0,12.4,1.093421685,4.93,0.692846919,,,,,31,100,160,62,280,14,0.93,0.495,0.495,0.495,0.495,51,61,560,15,520,0.495,0.6,0.495,2.7,120,6,0.6,0.9,10,0.95,0.9,4.85,9,0.495,0.8,1.4,1.3,2.5,6,4.95,1.5,1.25,1.25,0.8,,,,,,,,,,,,,2036.645,1.491361694,2,2.204119983,1.792391689,2.447158031,1.146128036,-0.031517051,-0.305394801,-0.305394801,-0.305394801,-0.305394801,1.707570176,1.785329835,2.748188027,1.176091259,2.716003344,-0.305394801,-0.22184875,-0.305394801,0.431363764,2.079181246,0.77815125,-0.22184875,-0.045757491,1,-0.022276395,-0.045757491,0.685741739,0.954242509,-0.305394801,-0.096910013,0.146128036,0.113943352,0.397940009,0.77815125,0.694605199,0.176091259,0.096910013,0.096910013,-0.096910013,#NUM!,#NUM!,#NUM!,#NUM!,#NUM!,#NUM!,#NUM!,#NUM!,#NUM!,#NUM!,#NUM!,#NUM!
JBA003-SW-RIPP-11172020,11/17/2020 0:00,20322,Ripp,Winter,0,12.1,1.08278537,5.18,0.71432976,,,,,14,45,79,33,190,8.8,0.78,0.5,0.5,0.5,0.5,23,35,490,12,460,0.5,0.6,0.5,2,100,4.1,0.6,0.9,11,0.95,0.9,4.95,9,0.5,0.8,1.4,1.3,2.5,6,5,1.5,1.25,1.25,0.8,,,,,,,,,,,,,1550.88,1.146128036,1.653212514,1.897627091,1.51851394,2.278753601,0.944482672,-0.107905397,-0.301029996,-0.301029996,-0.301029996,-0.301029996,1.361727836,1.544068044,2.69019608,1.079181246,2.662757832,-0.301029996,-0.22184875,-0.301029996,0.301029996,2,0.612783857,-0.22184875,-0.045757491,1.041392685,-0.022276395,-0.045757491,0.694605199,0.954242509,-0.301029996,-0.096910013,0.146128036,0.113943352,0.397940009,0.77815125,0.698970004,0.176091259,0.096910013,0.096910013,-0.096910013,#NUM!,#NUM!,#NUM!,#NUM!,#NUM!,#NUM!,#NUM!,#NUM!,#NUM!,#NUM!,#NUM!,#NUM!
JBA004-SW-DOWN-11172020,11/17/2020 0:00,20322,Down,Winter,0,12.7,1.103803721,5.45,0.736396502,,,,,36,130,180,60,260,15,1.1,0.49,0.49,0.49,0.49,66,66,610,18,660,0.49,0.6,0.49,3.3,160,8.9,0.6,0.9,9.5,0.95,0.9,4.8,9,0.49,0.8,1.35,1.3,2.45,6,4.9,1.45,1.25,1.25,0.8,,,,,,,,,,,,,2326.53,1.556302501,2.113943352,2.255272505,1.77815125,2.414973348,1.176091259,0.041392685,-0.30980392,-0.30980392,-0.30980392,-0.30980392,1.819543936,1.819543936,2.785329835,1.255272505,2.819543936,-0.30980392,-0.22184875,-0.30980392,0.51851394,2.204119983,0.949390007,-0.22184875,-0.045757491,0.977723605,-0.022276395,-0.045757491,0.681241237,0.954242509,-0.30980392,-0.096910013,0.130333768,0.113943352,0.389166084,0.77815125,0.69019608,0.161368002,0.096910013,0.096910013,-0.096910013,#NUM!,#NUM!,#NUM!,#NUM!,#NUM!,#NUM!,#NUM!,#NUM!,#NUM!,#NUM!,#NUM!,#NUM!
JBA005-SW-EXIT-11172020,11/17/2020 0:00,20322,Exit,Winter,0,12.2,1.086359831,5.46,0.737192643,,,,,35,110,180,58,240,14,1.2,0.49,0.49,0.49,0.49,54,59,590,0.49,610,0.49,0.6,0.49,2.5,140,6,0.6,0.9,9.1,0.95,0.9,4.8,9,0.49,0.8,1.35,1.25,2.45,6,4.9,1.45,1.2,1.2,0.8,,,,,,,,,,,,,2151.87,1.544068044,2.041392685,2.255272505,1.763427994,2.380211242,1.146128036,0.079181246,-0.30980392,-0.30980392,-0.30980392,-0.30980392,1.73239376,1.770852012,2.770852012,-0.30980392,2.785329835,-0.30980392,-0.22184875,-0.30980392,0.397940009,2.146128036,0.77815125,-0.22184875,-0.045757491,0.959041392,-0.022276395,-0.045757491,0.681241237,0.954242509,-0.30980392,-0.096910013,0.130333768,0.096910013,0.389166084,0.77815125,0.69019608,0.161368002,0.079181246,0.079181246,-0.096910013,#NUM!,#NUM!,#NUM!,#NUM!,#NUM!,#NUM!,#NUM!,#NUM!,#NUM!,#NUM!,#NUM!,#NUM!
JBA007-SW-SPILL-11192020,11/19/2020 0:00,20324,Spill,Winter,0,10.3,1.012837225,11.4,1.056904851,,,,,29,95,140,63,260,15,0.8,0.49,0.49,0.49,0.49,40,63,660,17,550,0.49,0.6,0.49,2.3,140,6.8,0.6,0.9,13,0.95,0.9,4.8,9,0.49,0.8,1.35,1.3,2.45,6,4.9,1.45,1.25,1.25,0.8,,,,,,,,,,,,,2137.63,1.462397998,1.977723605,2.146128036,1.799340549,2.414973348,1.176091259,-0.096910013,-0.30980392,-0.30980392,-0.30980392,-0.30980392,1.602059991,1.799340549,2.819543936,1.230448921,2.740362689,-0.30980392,-0.22184875,-0.30980392,0.361727836,2.146128036,0.832508913,-0.22184875,-0.045757491,1.113943352,-0.022276395,-0.045757491,0.681241237,0.954242509,-0.30980392,-0.096910013,0.130333768,0.113943352,0.389166084,0.77815125,0.69019608,0.161368002,0.096910013,0.096910013,-0.096910013,#NUM!,#NUM!,#NUM!,#NUM!,#NUM!,#NUM!,#NUM!,#NUM!,#NUM!,#NUM!,#NUM!,#NUM!
JBA008-SW-RIPP-11192020,11/19/2020 0:00,20324,Ripp,Winter,0,10.3,1.012837225,12.07,1.08170727,,,,,39,110,190,66,250,16,0.9,0.5,0.5,0.5,0.5,51,71,610,20,640,0.5,0.6,0.5,3,140,7.6,0.6,0.9,10,0.95,0.9,4.9,9,0.5,0.8,1.4,1.3,2.5,6,5,1.5,1.25,1.25,0.8,,,,,,,,,,,,,2267.65,1.591064607,2.041392685,2.278753601,1.819543936,2.397940009,1.204119983,-0.045757491,-0.301029996,-0.301029996,-0.301029996,-0.301029996,1.707570176,1.851258349,2.785329835,1.301029996,2.806179974,-0.301029996,-0.22184875,-0.301029996,0.477121255,2.146128036,0.880813592,-0.22184875,-0.045757491,1,-0.022276395,-0.045757491,0.69019608,0.954242509,-0.301029996,-0.096910013,0.146128036,0.113943352,0.397940009,0.77815125,0.698970004,0.176091259,0.096910013,0.096910013,-0.096910013,#NUM!,#NUM!,#NUM!,#NUM!,#NUM!,#NUM!,#NUM!,#NUM!,#NUM!,#NUM!,#NUM!,#NUM!
JBA009-SW-DOWN-11192020,11/19/2020 0:00,20324,Down,Winter,0,9.8,0.991226076,12.46,1.095518042,,,,,43,130,210,67,290,15,1.1,0.495,0.495,0.495,0.495,66,65,650,19,740,0.495,0.6,0.495,3.5,140,6.6,0.6,0.9,12,0.95,0.9,4.85,9,0.495,0.8,1.4,1.3,2.5,6,4.95,1.5,1.25,1.25,0.8,,,,,,,,,,,,,2501.215,1.633468456,2.113943352,2.322219295,1.826074803,2.462397998,1.176091259,0.041392685,-0.305394801,-0.305394801,-0.305394801,-0.305394801,1.819543936,1.812913357,2.812913357,1.278753601,2.86923172,-0.305394801,-0.22184875,-0.305394801,0.544068044,2.146128036,0.819543936,-0.22184875,-0.045757491,1.079181246,-0.022276395,-0.045757491,0.685741739,0.954242509,-0.305394801,-0.096910013,0.146128036,0.113943352,0.397940009,0.77815125,0.694605199,0.176091259,0.096910013,0.096910013,-0.096910013,#NUM!,#NUM!,#NUM!,#NUM!,#NUM!,#NUM!,#NUM!,#NUM!,#NUM!,#NUM!,#NUM!,#NUM!
JBA010-SW-EXIT-11192020,11/19/2020 0:00,20324,Exit,Winter,0,8.9,0.949390007,12.4,1.093421685,,,,,26,75,160,53,290,17,1.2,0.5,0.5,0.5,0.5,41,53,550,23,610,0.5,0.6,0.5,2.7,120,6.1,0.6,0.9,7.7,0.95,0.9,4.9,9,0.5,0.8,1.4,1.3,2.8,6,5,1.5,1.25,1.25,0.8,,,,,,,,,,,,,2079.15,1.414973348,1.875061263,2.204119983,1.72427587,2.462397998,1.230448921,0.079181246,-0.301029996,-0.301029996,-0.301029996,-0.301029996,1.612783857,1.72427587,2.740362689,1.361727836,2.785329835,-0.301029996,-0.22184875,-0.301029996,0.431363764,2.079181246,0.785329835,-0.22184875,-0.045757491,0.886490725,-0.022276395,-0.045757491,0.69019608,0.954242509,-0.301029996,-0.096910013,0.146128036,0.113943352,0.447158031,0.77815125,0.698970004,0.176091259,0.096910013,0.096910013,-0.096910013,#NUM!,#NUM!,#NUM!,#NUM!,#NUM!,#NUM!,#NUM!,#NUM!,#NUM!,#NUM!,#NUM!,#NUM!
JBA012-SW-SPILL-1124-2020,11/24/2020 0:00,20329,Spill,Winter,,12.7,1.103803721,6.15,0.788875116,,,,,50,150,270,80,350,19,0.92,0.5,0.5,0.5,0.5,77,85,650,24,820,0.5,0.6,0.5,4.7,180,10,0.6,0.9,8.5,0.95,0.9,4.9,9,0.5,0.8,1.4,1.3,2.8,6,5,1.5,1.25,1.25,0.8,,,,,,,,,,,,,2822.57,1.698970004,2.176091259,2.431363764,1.903089987,2.544068044,1.278753601,-0.036212173,-0.301029996,-0.301029996,-0.301029996,-0.301029996,1.886490725,1.929418926,2.812913357,1.380211242,2.913813852,-0.301029996,-0.22184875,-0.301029996,0.672097858,2.255272505,1,-0.22184875,-0.045757491,0.929418926,-0.022276395,-0.045757491,0.69019608,0.954242509,-0.301029996,-0.096910013,0.146128036,0.113943352,0.447158031,0.77815125,0.698970004,0.176091259,0.096910013,0.096910013,-0.096910013,#NUM!,#NUM!,#NUM!,#NUM!,#NUM!,#NUM!,#NUM!,#NUM!,#NUM!,#NUM!,#NUM!,#NUM!
JBA013-SW-RIPP-1124-2020,11/24/2020 0:00,20329,Ripp,Winter,,11.8,1.071882007,6.18,0.790988475,,,,,48,140,250,62,300,17,0.92,0.495,0.495,0.495,0.495,71,88,690,21,620,0.495,0.6,0.495,5.5,180,9.5,0.6,0.9,8.7,0.95,0.9,4.85,9,0.495,0.8,1.4,1.3,2.8,6,4.95,1.5,1.25,1.25,0.8,,,,,,,,,,,,,2554.935,1.681241237,2.146128036,2.397940009,1.792391689,2.477121255,1.230448921,-0.036212173,-0.305394801,-0.305394801,-0.305394801,-0.305394801,1.851258349,1.944482672,2.838849091,1.322219295,2.792391689,-0.305394801,-0.22184875,-0.305394801,0.740362689,2.255272505,0.977723605,-0.22184875,-0.045757491,0.939519253,-0.022276395,-0.045757491,0.685741739,0.954242509,-0.305394801,-0.096910013,0.146128036,0.113943352,0.447158031,0.77815125,0.694605199,0.176091259,0.096910013,0.096910013,-0.096910013,#NUM!,#NUM!,#NUM!,#NUM!,#NUM!,#NUM!,#NUM!,#NUM!,#NUM!,#NUM!,#NUM!,#NUM!
JBA014-SW-DOWN-1124-2020,11/24/2020 0:00,20329,Down,Winter,,11.8,1.071882007,6.08,0.783903579,,,,,28,85,190,55,350,17,1.1,0.48,0.48,0.48,0.48,48,65,590,22,700,0.48,0.6,0.48,3.4,200,9.4,0.6,0.85,7.5,0.9,0.85,4.7,8.5,0.48,0.75,1.35,1.25,2.7,6,4.8,1.45,1.2,1.2,0.75,,,,,,,,,,,,,2413.21,1.447158031,1.929418926,2.278753601,1.740362689,2.544068044,1.230448921,0.041392685,-0.318758763,-0.318758763,-0.318758763,-0.318758763,1.681241237,1.812913357,2.770852012,1.342422681,2.84509804,-0.318758763,-0.22184875,-0.318758763,0.531478917,2.301029996,0.973127854,-0.22184875,-0.070581074,0.875061263,-0.045757491,-0.070581074,0.672097858,0.929418926,-0.318758763,-0.124938737,0.130333768,0.096910013,0.431363764,0.77815125,0.681241237,0.161368002,0.079181246,0.079181246,-0.124938737,#NUM!,#NUM!,#NUM!,#NUM!,#NUM!,#NUM!,#NUM!,#NUM!,#NUM!,#NUM!,#NUM!,#NUM!
JBA015-SW-EXIT-1124-2020,11/24/2020 0:00,20329,Exit,Winter,,10.9,1.037426498,5.96,0.77524626,,,,,12,35,85,23,200,16,0.99,0.55,0.55,0.55,0.55,16,20,300,17,560,0.55,0.65,0.55,2.2,100,6.2,0.65,1,7.7,1.05,1,5.5,10,0.55,0.9,1.55,1.45,3.1,6.5,5.5,1.65,1.35,1.35,0.9,,,,,,,,,,,,,1449.04,1.079181246,1.544068044,1.929418926,1.361727836,2.301029996,1.204119983,-0.004364805,-0.259637311,-0.259637311,-0.259637311,-0.259637311,1.204119983,1.301029996,2.477121255,1.230448921,2.748188027,-0.259637311,-0.187086643,-0.259637311,0.342422681,2,0.792391689,-0.187086643,0,0.886490725,0.021189299,0,0.740362689,1,-0.259637311,-0.045757491,0.190331698,0.161368002,0.491361694,0.812913357,0.740362689,0.217483944,0.130333768,0.130333768,-0.045757491,#NUM!,#NUM!,#NUM!,#NUM!,#NUM!,#NUM!,#NUM!,#NUM!,#NUM!,#NUM!,#NUM!,#NUM!
JBA017-SW-SPILL-11272020,11/27/2020 0:00,20332,Spill,Winter,0,14.5,1.161368002,5.58,0.746634199,,,,,51,160,310,87,380,17,1.4,0.495,0.495,0.495,0.495,85,99,810,28,770,0.495,0.6,0.495,5.2,180,9.9,0.6,0.9,8.5,0.95,0.9,4.85,9,0.495,0.8,1.4,1.3,2.75,6,4.95,1.5,1.25,1.25,0.8,,,,,,,,,,,,,3045.265,1.707570176,2.204119983,2.491361694,1.939519253,2.579783597,1.230448921,0.146128036,-0.305394801,-0.305394801,-0.305394801,-0.305394801,1.929418926,1.995635195,2.908485019,1.447158031,2.886490725,-0.305394801,-0.22184875,-0.305394801,0.716003344,2.255272505,0.995635195,-0.22184875,-0.045757491,0.929418926,-0.022276395,-0.045757491,0.685741739,0.954242509,-0.305394801,-0.096910013,0.146128036,0.113943352,0.439332694,0.77815125,0.694605199,0.176091259,0.096910013,0.096910013,-0.096910013,#NUM!,#NUM!,#NUM!,#NUM!,#NUM!,#NUM!,#NUM!,#NUM!,#NUM!,#NUM!,#NUM!,#NUM!
JBA018-SW-RIPP-11272020,11/27/2020 0:00,20332,Ripp,Winter,0,14,1.146128036,5.52,0.741939078,,,,,53,160,280,82,370,20,0.87,0.495,0.495,0.495,0.495,87,86,680,24,770,0.495,0.6,0.495,5.2,190,9.5,0.6,0.9,6.4,0.95,0.9,4.85,9,0.495,0.8,1.4,1.3,2.75,6,4.95,1.5,1.25,1.25,0.8,,,,,,,,,,,,,2867.235,1.72427587,2.204119983,2.447158031,1.913813852,2.568201724,1.301029996,-0.060480747,-0.305394801,-0.305394801,-0.305394801,-0.305394801,1.939519253,1.934498451,2.832508913,1.380211242,2.886490725,-0.305394801,-0.22184875,-0.305394801,0.716003344,2.278753601,0.977723605,-0.22184875,-0.045757491,0.806179974,-0.022276395,-0.045757491,0.685741739,0.954242509,-0.305394801,-0.096910013,0.146128036,0.113943352,0.439332694,0.77815125,0.694605199,0.176091259,0.096910013,0.096910013,-0.096910013,#NUM!,#NUM!,#NUM!,#NUM!,#NUM!,#NUM!,#NUM!,#NUM!,#NUM!,#NUM!,#NUM!,#NUM!
JBA019-SW-DOWN-11272020,11/27/2020 0:00,20332,Down,Winter,0,14,1.146128036,5.73,0.758154622,,,,,29,92,200,75,310,19,1.1,0.5,0.5,0.5,0.5,52,78,570,24,710,0.5,0.6,0.5,3.1,160,11,0.6,0.9,7.9,0.95,0.9,4.9,9,0.5,0.8,1.4,1.3,2.8,6,5,1.5,1.25,1.25,0.8,,,,,,,,,,,,,2385.55,1.462397998,1.963787827,2.301029996,1.875061263,2.491361694,1.278753601,0.041392685,-0.301029996,-0.301029996,-0.301029996,-0.301029996,1.716003344,1.892094603,2.755874856,1.380211242,2.851258349,-0.301029996,-0.22184875,-0.301029996,0.491361694,2.204119983,1.041392685,-0.22184875,-0.045757491,0.897627091,-0.022276395,-0.045757491,0.69019608,0.954242509,-0.301029996,-0.096910013,0.146128036,0.113943352,0.447158031,0.77815125,0.698970004,0.176091259,0.096910013,0.096910013,-0.096910013,#NUM!,#NUM!,#NUM!,#NUM!,#NUM!,#NUM!,#NUM!,#NUM!,#NUM!,#NUM!,#NUM!,#NUM!
JBA020-SW-EXIT-11272020,11/27/2020 0:00,20332,Exit,Winter,0,13.7,1.136720567,5.67,0.753583059,,,,,50,120,280,69,310,16,0.99,0.47,0.47,0.47,0.47,73,81,680,24,630,0.47,0.55,0.47,4.9,170,7,0.55,0.85,5.7,0.9,0.85,4.6,8.5,0.47,0.75,1.3,1.2,2.65,5.5,4.7,1.4,1.2,1.2,0.75,,,,,,,,,,,,,2562.33,1.698970004,2.079181246,2.447158031,1.838849091,2.491361694,1.204119983,-0.004364805,-0.327902142,-0.327902142,-0.327902142,-0.327902142,1.86332286,1.908485019,2.832508913,1.380211242,2.799340549,-0.327902142,-0.259637311,-0.327902142,0.69019608,2.230448921,0.84509804,-0.259637311,-0.070581074,0.755874856,-0.045757491,-0.070581074,0.662757832,0.929418926,-0.327902142,-0.124938737,0.113943352,0.079181246,0.423245874,0.740362689,0.672097858,0.146128036,0.079181246,0.079181246,-0.124938737,#NUM!,#NUM!,#NUM!,#NUM!,#NUM!,#NUM!,#NUM!,#NUM!,#NUM!,#NUM!,#NUM!,#NUM!
JBA022-SW-SPILL-12022020,12/2/2020 0:00,20337,Spill,Winter,0.02,10.5,1.021189299,6.36,0.803457116,,,,,33,87,200,51,230,13,0.89,0.47,0.47,0.47,0.47,54,58,460,15,510,0.47,0.55,0.47,3.6,110,5.5,0.55,0.85,4.1,0.9,0.85,4.65,8.5,0.47,0.75,1.3,1.25,2.65,5.5,4.7,1.4,1.2,1.2,0.75,,,,,,,,,,,,,1875.93,1.51851394,1.939519253,2.301029996,1.707570176,2.361727836,1.113943352,-0.050609993,-0.327902142,-0.327902142,-0.327902142,-0.327902142,1.73239376,1.763427994,2.662757832,1.176091259,2.707570176,-0.327902142,-0.259637311,-0.327902142,0.556302501,2.041392685,0.740362689,-0.259637311,-0.070581074,0.612783857,-0.045757491,-0.070581074,0.667452953,0.929418926,-0.327902142,-0.124938737,0.113943352,0.096910013,0.423245874,0.740362689,0.672097858,0.146128036,0.079181246,0.079181246,-0.124938737,#NUM!,#NUM!,#NUM!,#NUM!,#NUM!,#NUM!,#NUM!,#NUM!,#NUM!,#NUM!,#NUM!,#NUM!
JBA023-SW-RIPP-12022020,12/2/2020 0:00,20337,Ripp,Winter,0.02,9.8,0.991226076,6.09,0.784617293,,,,,28,75,160,39,200,12,0.72,0.48,0.48,0.48,0.48,42,49,460,14,420,0.48,0.6,0.48,2.7,84,5.8,0.6,0.85,4.1,0.9,0.85,4.7,8.5,0.48,0.75,1.35,1.25,2.7,6,4.8,1.45,1.2,1.2,0.75,,,,,,,,,,,,,1638.13,1.447158031,1.875061263,2.204119983,1.591064607,2.301029996,1.079181246,-0.142667504,-0.318758763,-0.318758763,-0.318758763,-0.318758763,1.62324929,1.69019608,2.662757832,1.146128036,2.62324929,-0.318758763,-0.22184875,-0.318758763,0.431363764,1.924279286,0.763427994,-0.22184875,-0.070581074,0.612783857,-0.045757491,-0.070581074,0.672097858,0.929418926,-0.318758763,-0.124938737,0.130333768,0.096910013,0.431363764,0.77815125,0.681241237,0.161368002,0.079181246,0.079181246,-0.124938737,#NUM!,#NUM!,#NUM!,#NUM!,#NUM!,#NUM!,#NUM!,#NUM!,#NUM!,#NUM!,#NUM!,#NUM!
JBA024-SW-DOWN-12022020,12/2/2020 0:00,20337,Down,Winter,0.02,10,1,6.06,0.782472624,,,,,18,55,120,41,200,14,0.82,0.475,0.475,0.475,0.475,33,36,400,15,480,0.475,0.55,0.475,2.3,95,5.5,0.55,0.85,4.4,0.9,0.85,4.7,8.5,0.475,0.75,1.35,1.25,2.65,5.5,4.75,1.45,1.2,1.2,0.75,,,,,,,,,,,,,1561.095,1.255272505,1.740362689,2.079181246,1.612783857,2.301029996,1.146128036,-0.086186148,-0.32330639,-0.32330639,-0.32330639,-0.32330639,1.51851394,1.556302501,2.602059991,1.176091259,2.681241237,-0.32330639,-0.259637311,-0.32330639,0.361727836,1.977723605,0.740362689,-0.259637311,-0.070581074,0.643452676,-0.045757491,-0.070581074,0.672097858,0.929418926,-0.32330639,-0.124938737,0.130333768,0.096910013,0.423245874,0.740362689,0.67669361,0.161368002,0.079181246,0.079181246,-0.124938737,#NUM!,#NUM!,#NUM!,#NUM!,#NUM!,#NUM!,#NUM!,#NUM!,#NUM!,#NUM!,#NUM!,#NUM!
JBA025-SW-EXIT-12022020,12/2/2020 0:00,20337,Exit,Winter,0.02,10.2,1.008600172,6.12,0.786751422,,,,,30,86,160,41,230,16,1.4,0.485,0.485,0.485,0.485,43,49,500,18,530,0.485,0.6,0.485,1.95,100,4.6,0.6,0.85,4,0.9,0.85,4.75,8.5,0.485,0.75,1.35,1.25,2.7,6,4.85,1.45,1.2,1.2,0.75,,,,,,,,,,,,,1856.895,1.477121255,1.934498451,2.204119983,1.612783857,2.361727836,1.204119983,0.146128036,-0.314258261,-0.314258261,-0.314258261,-0.314258261,1.633468456,1.69019608,2.698970004,1.255272505,2.72427587,-0.314258261,-0.22184875,-0.314258261,0.290034611,2,0.662757832,-0.22184875,-0.070581074,0.602059991,-0.045757491,-0.070581074,0.67669361,0.929418926,-0.314258261,-0.124938737,0.130333768,0.096910013,0.431363764,0.77815125,0.685741739,0.161368002,0.079181246,0.079181246,-0.124938737,#NUM!,#NUM!,#NUM!,#NUM!,#NUM!,#NUM!,#NUM!,#NUM!,#NUM!,#NUM!,#NUM!,#NUM!
JBA027-SW-SPILL-12082020,12/8/2020 0:00,20343,Spill,Winter,0,10,1,9.02,0.955206538,,,,,38,110,200,55,320,13,0.93,0.5,0.5,0.5,0.5,58,66,460,18,580,0.5,0.6,0.5,4.2,140,7.4,0.6,0.9,4.7,0.95,0.9,4.9,9,0.5,0.8,1.4,1.3,2.8,6,5,1.5,1.25,1.25,0.8,,,,,,,,,,,,,2118.68,1.579783597,2.041392685,2.301029996,1.740362689,2.505149978,1.113943352,-0.031517051,-0.301029996,-0.301029996,-0.301029996,-0.301029996,1.763427994,1.819543936,2.662757832,1.255272505,2.763427994,-0.301029996,-0.22184875,-0.301029996,0.62324929,2.146128036,0.86923172,-0.22184875,-0.045757491,0.672097858,-0.022276395,-0.045757491,0.69019608,0.954242509,-0.301029996,-0.096910013,0.146128036,0.113943352,0.447158031,0.77815125,0.698970004,0.176091259,0.096910013,0.096910013,-0.096910013,#NUM!,#NUM!,#NUM!,#NUM!,#NUM!,#NUM!,#NUM!,#NUM!,#NUM!,#NUM!,#NUM!,#NUM!
JBA028-SW-RIPP-12082020,12/8/2020 0:00,20343,Ripp,Winter,0,8.8,0.944482672,5.38,0.730782276,,,,,38,110,200,60,270,18,0.86,0.5,0.5,0.5,0.5,62,59,550,19,570,0.5,0.6,0.5,3.8,140,7,0.6,0.9,6.2,0.95,0.9,5,9,0.5,0.8,1.45,1.35,2.85,6,5,1.55,1.25,1.25,0.8,,,,,,,,,,,,,2157.61,1.579783597,2.041392685,2.301029996,1.77815125,2.431363764,1.255272505,-0.065501549,-0.301029996,-0.301029996,-0.301029996,-0.301029996,1.792391689,1.770852012,2.740362689,1.278753601,2.755874856,-0.301029996,-0.22184875,-0.301029996,0.579783597,2.146128036,0.84509804,-0.22184875,-0.045757491,0.792391689,-0.022276395,-0.045757491,0.698970004,0.954242509,-0.301029996,-0.096910013,0.161368002,0.130333768,0.45484486,0.77815125,0.698970004,0.190331698,0.096910013,0.096910013,-0.096910013,#NUM!,#NUM!,#NUM!,#NUM!,#NUM!,#NUM!,#NUM!,#NUM!,#NUM!,#NUM!,#NUM!,#NUM!
JBA029-SW-DOWN-12082020,12/8/2020 0:00,20343,Down,Winter,0,9,0.954242509,4.3,0.633468456,,,,,42,88,180,52,270,15,0.89,0.49,0.49,0.49,0.49,56,63,550,16,520,0.49,0.6,0.49,3.4,140,6.8,0.6,0.9,5,0.95,0.9,4.8,9,0.69,0.8,1.4,1.3,2.75,6,4.9,1.5,1.25,1.25,0.8,,,,,,,,,,,,,2051.42,1.62324929,1.944482672,2.255272505,1.716003344,2.431363764,1.176091259,-0.050609993,-0.30980392,-0.30980392,-0.30980392,-0.30980392,1.748188027,1.799340549,2.740362689,1.204119983,2.716003344,-0.30980392,-0.22184875,-0.30980392,0.531478917,2.146128036,0.832508913,-0.22184875,-0.045757491,0.698970004,-0.022276395,-0.045757491,0.681241237,0.954242509,-0.161150909,-0.096910013,0.146128036,0.113943352,0.439332694,0.77815125,0.69019608,0.176091259,0.096910013,0.096910013,-0.096910013,#NUM!,#NUM!,#NUM!,#NUM!,#NUM!,#NUM!,#NUM!,#NUM!,#NUM!,#NUM!,#NUM!,#NUM!
JBA030-SW-EXIT-12082020,12/8/2020 0:00,20343,Exit,Winter,0,9.1,0.959041392,3.55,0.550228353,,,,,32,86,170,48,230,13,0.74,0.5,0.5,0.5,0.5,44,52,510,16,500,0.5,0.6,0.5,3.7,110,6.3,0.6,0.9,4.1,0.95,0.9,4.9,9,0.5,0.8,1.4,1.3,2.8,6,5,1.5,1.25,1.25,0.8,,,,,,,,,,,,,1869.29,1.505149978,1.934498451,2.230448921,1.681241237,2.361727836,1.113943352,-0.13076828,-0.301029996,-0.301029996,-0.301029996,-0.301029996,1.643452676,1.716003344,2.707570176,1.204119983,2.698970004,-0.301029996,-0.22184875,-0.301029996,0.568201724,2.041392685,0.799340549,-0.22184875,-0.045757491,0.612783857,-0.022276395,-0.045757491,0.69019608,0.954242509,-0.301029996,-0.096910013,0.146128036,0.113943352,0.447158031,0.77815125,0.698970004,0.176091259,0.096910013,0.096910013,-0.096910013,#NUM!,#NUM!,#NUM!,#NUM!,#NUM!,#NUM!,#NUM!,#NUM!,#NUM!,#NUM!,#NUM!,#NUM!
JBA032-SW-SPILL-12122020,12/12/2020 0:00,20347,Spill,Winter,0,11.6,1.064457989,3.57,0.552668216,,,,,43,130,240,80,310,16,0.81,0.49,0.49,0.49,0.49,74,83,620,25,630,0.49,0.6,0.49,5.6,180,9.3,0.6,0.9,6.2,0.95,0.9,4.8,9,0.56,0.8,1.35,1.25,2.75,6,4.9,1.45,1.2,1.2,0.8,,,,,,,,,,,,,2495.86,1.633468456,2.113943352,2.380211242,1.903089987,2.491361694,1.204119983,-0.091514981,-0.30980392,-0.30980392,-0.30980392,-0.30980392,1.86923172,1.919078092,2.792391689,1.397940009,2.799340549,-0.30980392,-0.22184875,-0.30980392,0.748188027,2.255272505,0.968482949,-0.22184875,-0.045757491,0.792391689,-0.022276395,-0.045757491,0.681241237,0.954242509,-0.251811973,-0.096910013,0.130333768,0.096910013,0.439332694,0.77815125,0.69019608,0.161368002,0.079181246,0.079181246,-0.096910013,#NUM!,#NUM!,#NUM!,#NUM!,#NUM!,#NUM!,#NUM!,#NUM!,#NUM!,#NUM!,#NUM!,#NUM!
JBA033-SW-RIPP-12122020,12/12/2020 0:00,20347,Ripp,Winter,0,11.2,1.049218023,2.68,0.428134794,,,,,43,130,220,66,330,17,0.85,0.485,0.485,0.485,0.485,67,71,650,23,620,0.485,0.6,0.485,5.6,160,9.1,0.6,0.85,6,0.9,0.85,4.75,8.5,0.485,0.75,1.35,1.25,2.7,6,4.85,1.45,1.2,1.2,0.75,,,,,,,,,,,,,2460.495,1.633468456,2.113943352,2.342422681,1.819543936,2.51851394,1.230448921,-0.070581074,-0.314258261,-0.314258261,-0.314258261,-0.314258261,1.826074803,1.851258349,2.812913357,1.361727836,2.792391689,-0.314258261,-0.22184875,-0.314258261,0.748188027,2.204119983,0.959041392,-0.22184875,-0.070581074,0.77815125,-0.045757491,-0.070581074,0.67669361,0.929418926,-0.314258261,-0.124938737,0.130333768,0.096910013,0.431363764,0.77815125,0.685741739,0.161368002,0.079181246,0.079181246,-0.124938737,#NUM!,#NUM!,#NUM!,#NUM!,#NUM!,#NUM!,#NUM!,#NUM!,#NUM!,#NUM!,#NUM!,#NUM!
JBA034-SW-DOWN-12122020,12/12/2020 0:00,20347,Down,Winter,0,10.9,1.037426498,3.27,0.514547753,,,,,18,49,110,39,240,17,0.96,0.49,0.49,0.49,0.49,27,38,510,22,610,0.49,0.6,0.49,2.3,160,9,0.6,0.9,5.3,0.95,0.9,4.8,9,0.49,0.8,1.4,1.3,2.75,6,4.9,1.5,1.25,1.25,0.8,,,,,,,,,,,,,1900.69,1.255272505,1.69019608,2.041392685,1.591064607,2.380211242,1.230448921,-0.017728767,-0.30980392,-0.30980392,-0.30980392,-0.30980392,1.431363764,1.579783597,2.707570176,1.342422681,2.785329835,-0.30980392,-0.22184875,-0.30980392,0.361727836,2.204119983,0.954242509,-0.22184875,-0.045757491,0.72427587,-0.022276395,-0.045757491,0.681241237,0.954242509,-0.30980392,-0.096910013,0.146128036,0.113943352,0.439332694,0.77815125,0.69019608,0.176091259,0.096910013,0.096910013,-0.096910013,#NUM!,#NUM!,#NUM!,#NUM!,#NUM!,#NUM!,#NUM!,#NUM!,#NUM!,#NUM!,#NUM!,#NUM!
JBA035-SW-EXIT-12122020,12/12/2020 0:00,20347,Exit,Winter,0,10.7,1.029383778,5.25,0.720159303,,,,,23,68,160,51,280,16,1.2,0.475,0.475,0.475,0.475,46,53,610,20,620,0.475,0.55,0.475,3,160,9.9,0.55,0.85,5.5,0.9,0.85,4.7,8.5,0.475,0.75,1.35,1.25,2.65,5.5,4.75,1.45,1.2,1.2,0.75,,,,,,,,,,,,,2167.675,1.361727836,1.832508913,2.204119983,1.707570176,2.447158031,1.204119983,0.079181246,-0.32330639,-0.32330639,-0.32330639,-0.32330639,1.662757832,1.72427587,2.785329835,1.301029996,2.792391689,-0.32330639,-0.259637311,-0.32330639,0.477121255,2.204119983,0.995635195,-0.259637311,-0.070581074,0.740362689,-0.045757491,-0.070581074,0.672097858,0.929418926,-0.32330639,-0.124938737,0.130333768,0.096910013,0.423245874,0.740362689,0.67669361,0.161368002,0.079181246,0.079181246,-0.124938737,#NUM!,#NUM!,#NUM!,#NUM!,#NUM!,#NUM!,#NUM!,#NUM!,#NUM!,#NUM!,#NUM!,#NUM!
JBA037-SW-SPILL-12152020,12/15/2020 0:00,20350,Spill,Winter,0.92,8.2,0.913813852,10.81,1.033825694,,,,,14,46,110,34,170,12,1.2,0.485,0.485,0.485,0.485,27,34,390,13,440,0.485,0.6,0.485,1.95,100,5.4,0.6,0.85,3.9,0.9,0.85,4.75,8.5,0.485,0.75,1.35,1.25,2.7,6,4.85,1.45,1.2,1.2,0.75,,,,,,,,,,,,,1444.395,1.146128036,1.662757832,2.041392685,1.531478917,2.230448921,1.079181246,0.079181246,-0.314258261,-0.314258261,-0.314258261,-0.314258261,1.431363764,1.531478917,2.591064607,1.113943352,2.643452676,-0.314258261,-0.22184875,-0.314258261,0.290034611,2,0.73239376,-0.22184875,-0.070581074,0.591064607,-0.045757491,-0.070581074,0.67669361,0.929418926,-0.314258261,-0.124938737,0.130333768,0.096910013,0.431363764,0.77815125,0.685741739,0.161368002,0.079181246,0.079181246,-0.124938737,#NUM!,#NUM!,#NUM!,#NUM!,#NUM!,#NUM!,#NUM!,#NUM!,#NUM!,#NUM!,#NUM!,#NUM!
JBA038-SW-RIPP-12152020,12/15/2020 0:00,20350,Ripp,Winter,0.92,8,0.903089987,4.42,0.645422269,,,,,28,78,140,37,180,12,0.98,0.48,0.48,0.48,0.48,39,44,390,13,430,0.48,0.6,0.48,2.1,110,4.9,0.6,0.85,3.7,0.9,0.85,4.7,8.5,0.48,0.75,1.35,1.25,2.7,6,4.8,1.45,1.2,1.2,0.75,,,,,,,,,,,,,1554.49,1.447158031,1.892094603,2.146128036,1.568201724,2.255272505,1.079181246,-0.008773924,-0.318758763,-0.318758763,-0.318758763,-0.318758763,1.591064607,1.643452676,2.591064607,1.113943352,2.633468456,-0.318758763,-0.22184875,-0.318758763,0.322219295,2.041392685,0.69019608,-0.22184875,-0.070581074,0.568201724,-0.045757491,-0.070581074,0.672097858,0.929418926,-0.318758763,-0.124938737,0.130333768,0.096910013,0.431363764,0.77815125,0.681241237,0.161368002,0.079181246,0.079181246,-0.124938737,#NUM!,#NUM!,#NUM!,#NUM!,#NUM!,#NUM!,#NUM!,#NUM!,#NUM!,#NUM!,#NUM!,#NUM!
JBA039-SW-DOWN-12152020,12/15/2020 0:00,20350,Down,Winter,0.92,7.8,0.892094603,4.5,0.653212514,,,,,23,64,130,32,160,9.9,0.91,0.485,0.485,0.485,0.485,33,36,360,11,400,0.485,0.6,0.485,1.9,88,4.8,0.6,0.9,3.4,0.9,0.9,4.75,9,0.485,0.8,1.35,1.25,2.7,6,4.85,1.45,1.2,1.2,0.8,,,,,,,,,,,,,1400.555,1.361727836,1.806179974,2.113943352,1.505149978,2.204119983,0.995635195,-0.040958608,-0.314258261,-0.314258261,-0.314258261,-0.314258261,1.51851394,1.556302501,2.556302501,1.041392685,2.602059991,-0.314258261,-0.22184875,-0.314258261,0.278753601,1.944482672,0.681241237,-0.22184875,-0.045757491,0.531478917,-0.045757491,-0.045757491,0.67669361,0.954242509,-0.314258261,-0.096910013,0.130333768,0.096910013,0.431363764,0.77815125,0.685741739,0.161368002,0.079181246,0.079181246,-0.096910013,#NUM!,#NUM!,#NUM!,#NUM!,#NUM!,#NUM!,#NUM!,#NUM!,#NUM!,#NUM!,#NUM!,#NUM!
JBA040-SW-EXIT-12152020,12/15/2020 0:00,20350,Exit,Winter,0.92,7.7,0.886490725,3.38,0.5289167,,,,,24,71,130,41,190,11,0.84,0.485,0.485,0.485,0.485,33,41,400,11,390,0.485,0.6,0.485,1.95,89,4.2,0.6,0.9,3.7,0.95,0.9,4.75,9,0.485,0.8,1.35,1.25,2.75,6,4.85,1.45,1.2,1.2,0.8,,,,,,,,,,,,,1484.435,1.380211242,1.851258349,2.113943352,1.612783857,2.278753601,1.041392685,-0.075720714,-0.314258261,-0.314258261,-0.314258261,-0.314258261,1.51851394,1.612783857,2.602059991,1.041392685,2.591064607,-0.314258261,-0.22184875,-0.314258261,0.290034611,1.949390007,0.62324929,-0.22184875,-0.045757491,0.568201724,-0.022276395,-0.045757491,0.67669361,0.954242509,-0.314258261,-0.096910013,0.130333768,0.096910013,0.439332694,0.77815125,0.685741739,0.161368002,0.079181246,0.079181246,-0.096910013,#NUM!,#NUM!,#NUM!,#NUM!,#NUM!,#NUM!,#NUM!,#NUM!,#NUM!,#NUM!,#NUM!,#NUM!
JBA042-SW-SPILL-01142021,1/14/2021 0:00,21014,Spill,Winter,0,7.9,0.897627091,0.2,-0.698970004,,,,,60,170,290,94,400,20,1.1,0.5,0.5,0.5,0.5,110,100,840,33,870,0.5,0.6,0.5,7.7,270,17,0.6,0.9,4.6,0.95,0.9,5,9,0.5,0.8,1.45,1.35,2.85,6,5,1.55,1.3,1.3,0.8,,,,,,,,,,,,,3331.25,1.77815125,2.230448921,2.462397998,1.973127854,2.602059991,1.301029996,0.041392685,-0.301029996,-0.301029996,-0.301029996,-0.301029996,2.041392685,2,2.924279286,1.51851394,2.939519253,-0.301029996,-0.22184875,-0.301029996,0.886490725,2.431363764,1.230448921,-0.22184875,-0.045757491,0.662757832,-0.022276395,-0.045757491,0.698970004,0.954242509,-0.301029996,-0.096910013,0.161368002,0.130333768,0.45484486,0.77815125,0.698970004,0.190331698,0.113943352,0.113943352,-0.096910013,#NUM!,#NUM!,#NUM!,#NUM!,#NUM!,#NUM!,#NUM!,#NUM!,#NUM!,#NUM!,#NUM!,#NUM!
JBA043-SW-RIPP-01142021,1/14/2021 0:00,21014,Ripp,Winter,0,7.4,0.86923172,,,,,,,57,210,390,100,370,20,0.99,0.5,0.5,0.5,0.5,96,120,850,35,910,0.5,0.6,0.5,8.3,280,17,0.6,0.9,4.8,0.95,0.9,5,9,0.5,0.8,1.4,1.3,2.85,6,5,1.5,1.25,1.25,0.8,,,,,,,,,,,,,3512.69,1.755874856,2.322219295,2.591064607,2,2.568201724,1.301029996,-0.004364805,-0.301029996,-0.301029996,-0.301029996,-0.301029996,1.982271233,2.079181246,2.929418926,1.544068044,2.959041392,-0.301029996,-0.22184875,-0.301029996,0.919078092,2.447158031,1.230448921,-0.22184875,-0.045757491,0.681241237,-0.022276395,-0.045757491,0.698970004,0.954242509,-0.301029996,-0.096910013,0.146128036,0.113943352,0.45484486,0.77815125,0.698970004,0.176091259,0.096910013,0.096910013,-0.096910013,#NUM!,#NUM!,#NUM!,#NUM!,#NUM!,#NUM!,#NUM!,#NUM!,#NUM!,#NUM!,#NUM!,#NUM!
JBA044-SW-DOWN-01142021,1/14/2021 0:00,21014,Down,Winter,0,7,0.84509804,,,,,,,57,170,320,86,430,19,1.1,0.55,0.55,0.55,0.55,100,120,890,30,940,0.55,0.65,0.55,6.8,270,17,0.65,0.95,5.7,1,0.95,5,9.5,0.55,0.85,1.45,1.35,2.95,6.5,5.5,1.6,1.3,1.3,0.85,,,,,,,,,,,,,3508.8,1.755874856,2.230448921,2.505149978,1.934498451,2.633468456,1.278753601,0.041392685,-0.259637311,-0.259637311,-0.259637311,-0.259637311,2,2.079181246,2.949390007,1.477121255,2.973127854,-0.259637311,-0.187086643,-0.259637311,0.832508913,2.431363764,1.230448921,-0.187086643,-0.022276395,0.755874856,0,-0.022276395,0.698970004,0.977723605,-0.259637311,-0.070581074,0.161368002,0.130333768,0.469822016,0.812913357,0.740362689,0.204119983,0.113943352,0.113943352,-0.070581074,#NUM!,#NUM!,#NUM!,#NUM!,#NUM!,#NUM!,#NUM!,#NUM!,#NUM!,#NUM!,#NUM!,#NUM!
JBA045-SW-EXIT-01142021,1/14/2021 0:00,21014,Exit,Winter,0,6.8,0.832508913,,,,,,,42,130,260,75,370,20,0.94,0.5,0.5,0.5,0.5,67,77,710,31,790,0.5,0.6,0.5,5.2,200,15,0.6,0.9,5.3,0.95,0.9,5,9,0.5,0.8,1.45,1.3,2.85,6,5,1.55,1.25,1.25,0.8,,,,,,,,,,,,,2842.14,1.62324929,2.113943352,2.414973348,1.875061263,2.568201724,1.301029996,-0.026872146,-0.301029996,-0.301029996,-0.301029996,-0.301029996,1.826074803,1.886490725,2.851258349,1.491361694,2.897627091,-0.301029996,-0.22184875,-0.301029996,0.716003344,2.301029996,1.176091259,-0.22184875,-0.045757491,0.72427587,-0.022276395,-0.045757491,0.698970004,0.954242509,-0.301029996,-0.096910013,0.161368002,0.113943352,0.45484486,0.77815125,0.698970004,0.190331698,0.096910013,0.096910013,-0.096910013,#NUM!,#NUM!,#NUM!,#NUM!,#NUM!,#NUM!,#NUM!,#NUM!,#NUM!,#NUM!,#NUM!,#NUM!
JBA047-SW-SPILL-033021,3/30/2021 0:00,21089,Spill,Spring,0,13.4,1.127104798,10.56,1.023663918,0.2465,-0.608183076,7.47,0.873320602,41,113,215,56,262,10.9,2.025,2.025,2.025,2.025,2.025,55.2,55.6,615,17.4,669,2.025,2.025,2.025,2.025,134,2.025,,,,,,,,2.025,2.025,2.025,2.025,2.535,2.535,2.535,2.025,2.025,2.025,2.535,2.025,2.025,2.025,2.025,2.025,12.3,2.535,2.535,2.535,2.025,23.9,2.025,2346.645,1.612783857,2.053078443,2.33243846,1.748188027,2.418301291,1.037426498,0.306425028,0.306425028,0.306425028,0.306425028,0.306425028,1.741939078,1.745074792,2.788875116,1.240549248,2.825426118,0.306425028,0.306425028,0.306425028,0.306425028,2.127104798,0.306425028,#NUM!,#NUM!,#NUM!,#NUM!,#NUM!,#NUM!,#NUM!,0.306425028,0.306425028,0.306425028,0.306425028,0.403977964,0.403977964,0.403977964,0.306425028,0.306425028,0.306425028,0.403977964,0.306425028,0.306425028,0.306425028,0.306425028,0.306425028,1.089905111,0.403977964,0.403977964,0.403977964,0.306425028,1.378397901,0.306425028
JBA048-SW-RIPP-033021,3/30/2021 0:00,21089,Ripp,Spring,0,13.7,1.136720567,10.25,1.010723865,0.2387,-0.622147581,7.47,0.873320602,36.6,105,192,44.8,226,10.1,2.145,2.145,2.145,2.145,2.145,48.9,50.9,609,16,627,2.145,2.145,2.145,2.145,115,2.145,,,,,,,,2.145,2.145,2.145,2.145,2.685,2.685,2.685,2.145,2.145,2.145,2.685,2.145,2.145,2.145,2.145,2.145,8.25,2.685,2.685,2.685,2.145,20.4,2.145,2180.225,1.563481085,2.021189299,2.283301229,1.651278014,2.354108439,1.004321374,0.331427297,0.331427297,0.331427297,0.331427297,0.331427297,1.689308859,1.706717782,2.784617293,1.204119983,2.797267541,0.331427297,0.331427297,0.331427297,0.331427297,2.06069784,0.331427297,#NUM!,#NUM!,#NUM!,#NUM!,#NUM!,#NUM!,#NUM!,0.331427297,0.331427297,0.331427297,0.331427297,0.42894429,0.42894429,0.42894429,0.331427297,0.331427297,0.331427297,0.42894429,0.331427297,0.331427297,0.331427297,0.331427297,0.331427297,0.916453949,0.42894429,0.42894429,0.42894429,0.331427297,1.309630167,0.331427297
JBA049-SW-DOWN-033021,3/30/2021 0:00,21089,Down,Spring,0,13.9,1.1430148,10.24,1.010299957,0.2291,-0.639974911,7.53,0.876794976,34.4,95.6,189,40.8,239,11.4,2.17,2.17,2.17,2.17,2.17,45.7,48.1,535,14.6,639,2.17,2.17,2.17,2.17,104,2.17,,,,,,,,2.17,2.17,2.17,2.17,2.71,2.71,2.71,2.17,2.17,2.17,2.71,2.17,2.17,2.17,2.17,2.17,12.8,2.71,2.71,2.71,2.17,18.9,2.17,2099.35,1.536558443,1.980457892,2.276461804,1.610660163,2.378397901,1.056904851,0.336459734,0.336459734,0.336459734,0.336459734,0.336459734,1.6599162,1.682145076,2.728353782,1.164352856,2.805500858,0.336459734,0.336459734,0.336459734,0.336459734,2.017033339,0.336459734,#NUM!,#NUM!,#NUM!,#NUM!,#NUM!,#NUM!,#NUM!,0.336459734,0.336459734,0.336459734,0.336459734,0.432969291,0.432969291,0.432969291,0.336459734,0.336459734,0.336459734,0.432969291,0.336459734,0.336459734,0.336459734,0.336459734,0.336459734,1.10720997,0.432969291,0.432969291,0.432969291,0.336459734,1.276461804,0.336459734
JBA050-SW-EXIT-033021,3/30/2021 0:00,21089,Exit,Spring,0,13.9,1.1430148,10.5,1.021189299,0.23,-0.638272164,7.53,0.876794976,32.3,93,169,45.1,209,10.9,2.17,2.17,2.17,2.17,2.17,46,46.6,550,15.1,538,2.17,2.17,2.17,2.17,107,2.17,,,,,,,,2.17,2.17,2.17,2.17,2.71,2.71,2.71,2.17,2.17,2.17,2.71,2.17,2.17,2.17,2.17,2.17,12.4,2.71,2.71,2.71,2.17,18.1,2.17,1963.55,1.509202522,1.968482949,2.227886705,1.654176542,2.320146286,1.037426498,0.336459734,0.336459734,0.336459734,0.336459734,0.336459734,1.662757832,1.668385917,2.740362689,1.178976947,2.730782276,0.336459734,0.336459734,0.336459734,0.336459734,2.029383778,0.336459734,#NUM!,#NUM!,#NUM!,#NUM!,#NUM!,#NUM!,#NUM!,0.336459734,0.336459734,0.336459734,0.336459734,0.432969291,0.432969291,0.432969291,0.336459734,0.336459734,0.336459734,0.432969291,0.336459734,0.336459734,0.336459734,0.336459734,0.336459734,1.093421685,0.432969291,0.432969291,0.432969291,0.336459734,1.257678575,0.336459734
JBA052-SW-SPILL-040221,4/2/2021 0:00,21092,Spill,Spring,0,7.4,0.86923172,11.25,1.051152522,0.2213,-0.655018586,7.63,0.882524538,24,66,140,31,160,10,1.1,0.5,0.5,0.5,0.5,33,40,370,12,350,0.5,0.6,0.5,2.05,77,5.3,0.6,0.9,3.8,0.95,0.9,5,9,0.5,0.8,1.45,1.3,2.85,6,5,1.55,1.25,1.25,0.8,,,,,,,,,,,,,1368.95,1.380211242,1.819543936,2.146128036,1.491361694,2.204119983,1,0.041392685,-0.301029996,-0.301029996,-0.301029996,-0.301029996,1.51851394,1.602059991,2.568201724,1.079181246,2.544068044,-0.301029996,-0.22184875,-0.301029996,0.311753861,1.886490725,0.72427587,-0.22184875,-0.045757491,0.579783597,-0.022276395,-0.045757491,0.698970004,0.954242509,-0.301029996,-0.096910013,0.161368002,0.113943352,0.45484486,0.77815125,0.698970004,0.190331698,0.096910013,0.096910013,-0.096910013,#NUM!,#NUM!,#NUM!,#NUM!,#NUM!,#NUM!,#NUM!,#NUM!,#NUM!,#NUM!,#NUM!,#NUM!
JBA053-SW-RIPP-040221,4/2/2021 0:00,21092,Ripp,Spring,0,7.5,0.875061263,11.31,1.053462605,0.2251,-0.647624505,7.58,0.879669206,23,68,120,38,170,12,1.1,0.495,0.495,0.495,0.495,33,37,370,12,420,0.495,0.6,0.495,2.1,88,7.1,0.6,0.9,4.8,0.95,0.9,4.85,9,0.495,0.8,1.4,1.3,2.75,6,4.95,1.5,1.25,1.25,0.8,,,,,,,,,,,,,1449.365,1.361727836,1.832508913,2.079181246,1.579783597,2.230448921,1.079181246,0.041392685,-0.305394801,-0.305394801,-0.305394801,-0.305394801,1.51851394,1.568201724,2.568201724,1.079181246,2.62324929,-0.305394801,-0.22184875,-0.305394801,0.322219295,1.944482672,0.851258349,-0.22184875,-0.045757491,0.681241237,-0.022276395,-0.045757491,0.685741739,0.954242509,-0.305394801,-0.096910013,0.146128036,0.113943352,0.439332694,0.77815125,0.694605199,0.176091259,0.096910013,0.096910013,-0.096910013,#NUM!,#NUM!,#NUM!,#NUM!,#NUM!,#NUM!,#NUM!,#NUM!,#NUM!,#NUM!,#NUM!,#NUM!
JBA054-SW-DOWN-040221,4/2/2021 0:00,21092,Down,Spring,0,7.4,0.86923172,11.11,1.045714059,0.215,-0.66756154,7.54,0.877371346,26,69,130,33,170,11,1.1,0.6,0.6,0.6,0.6,33,36,350,11,420,0.6,0.7,0.6,2.3,84,5.8,0.7,1.05,5,1.1,1.05,5.5,10.5,0.6,0.9,1.6,1.5,3.25,7,6,1.75,1.45,1.45,0.9,,,,,,,,,,,,,1437.8,1.414973348,1.838849091,2.113943352,1.51851394,2.230448921,1.041392685,0.041392685,-0.22184875,-0.22184875,-0.22184875,-0.22184875,1.51851394,1.556302501,2.544068044,1.041392685,2.62324929,-0.22184875,-0.15490196,-0.22184875,0.361727836,1.924279286,0.763427994,-0.15490196,0.021189299,0.698970004,0.041392685,0.021189299,0.740362689,1.021189299,-0.22184875,-0.045757491,0.204119983,0.176091259,0.511883361,0.84509804,0.77815125,0.243038049,0.161368002,0.161368002,-0.045757491,#NUM!,#NUM!,#NUM!,#NUM!,#NUM!,#NUM!,#NUM!,#NUM!,#NUM!,#NUM!,#NUM!,#NUM!
JBA055-SW-EXIT-040221,4/2/2021 0:00,21092,Exit,Spring,0,7.5,0.875061263,11.34,1.054613055,0.2163,-0.664943481,7.56,0.878521796,14,42,79,27,170,9.4,0.94,0.5,0.5,0.5,0.5,23,27,310,8.9,350,0.5,0.6,0.5,2,67,4.5,0.6,0.9,4.2,0.95,0.9,4.9,9,0.5,0.8,1.4,1.3,2.8,6,5,1.5,1.25,1.25,0.8,,,,,,,,,,,,,1182.39,1.146128036,1.62324929,1.897627091,1.431363764,2.230448921,0.973127854,-0.026872146,-0.301029996,-0.301029996,-0.301029996,-0.301029996,1.361727836,1.431363764,2.491361694,0.949390007,2.544068044,-0.301029996,-0.22184875,-0.301029996,0.301029996,1.826074803,0.653212514,-0.22184875,-0.045757491,0.62324929,-0.022276395,-0.045757491,0.69019608,0.954242509,-0.301029996,-0.096910013,0.146128036,0.113943352,0.447158031,0.77815125,0.698970004,0.176091259,0.096910013,0.096910013,-0.096910013,#NUM!,#NUM!,#NUM!,#NUM!,#NUM!,#NUM!,#NUM!,#NUM!,#NUM!,#NUM!,#NUM!,#NUM!
JBA057-SW-SPILL-040721,4/7/2021 0:00,21097,Spill,Spring,,17.3,1.238046103,10.08,1.003460532,0.2424,-0.615467385,7.4,0.86923172,41.5,122,244,55.8,295,13.1,2.09,2.09,2.09,2.09,2.09,65.2,64.9,764,17.3,781,2.09,2.09,2.09,2.09,156,5.85,,,,,,,,2.09,2.09,2.09,2.09,2.61,2.61,2.61,2.09,2.09,2.09,2.61,2.09,2.09,2.09,2.09,2.09,13.9,2.61,2.61,2.61,2.09,26.6,2.09,2732.49,1.618048097,2.086359831,2.387389826,1.746634199,2.469822016,1.117271296,0.320146286,0.320146286,0.320146286,0.320146286,0.320146286,1.814247596,1.812244697,2.883093359,1.238046103,2.892651034,0.320146286,0.320146286,0.320146286,0.320146286,2.193124598,0.767155866,#NUM!,#NUM!,#NUM!,#NUM!,#NUM!,#NUM!,#NUM!,0.320146286,0.320146286,0.320146286,0.320146286,0.416640507,0.416640507,0.416640507,0.320146286,0.320146286,0.320146286,0.416640507,0.320146286,0.320146286,0.320146286,0.320146286,0.320146286,1.1430148,0.416640507,0.416640507,0.416640507,0.320146286,1.424881637,0.320146286
JBA058-SW-RIPP-040721,4/7/2021 0:00,21097,Ripp,Spring,,17.4,1.240549248,10.07,1.003029471,0.2414,-0.617262734,7.54,0.877371346,41.2,118,213,58.8,322,12.6,2.07,2.07,2.07,2.07,2.07,56.3,56.2,752,19.8,854,2.07,2.07,2.07,2.07,140,5.41,,,,,,,,2.07,2.07,2.07,2.07,2.59,2.59,2.59,2.07,2.07,2.07,2.59,2.07,2.07,2.07,2.07,2.07,12.6,2.59,2.59,2.59,2.07,24.7,2.07,2752.35,1.614897216,2.071882007,2.328379603,1.769377326,2.507855872,1.100370545,0.315970345,0.315970345,0.315970345,0.315970345,0.315970345,1.750508395,1.749736316,2.876217841,1.29666519,2.931457871,0.315970345,0.315970345,0.315970345,0.315970345,2.146128036,0.733197265,#NUM!,#NUM!,#NUM!,#NUM!,#NUM!,#NUM!,#NUM!,0.315970345,0.315970345,0.315970345,0.315970345,0.413299764,0.413299764,0.413299764,0.315970345,0.315970345,0.315970345,0.413299764,0.315970345,0.315970345,0.315970345,0.315970345,0.315970345,1.100370545,0.413299764,0.413299764,0.413299764,0.315970345,1.392696953,0.315970345
JBA059-SW-DOWN-040721,4/7/2021 0:00,21097,Down,Spring,,17.5,1.243038049,8.72,0.940516485,0.2411,-0.61780279,7.55,0.877946952,42.3,126,237,58.6,317,12.3,2.17,2.17,2.17,2.17,2.17,60.9,66.3,793,19.2,789,2.17,2.17,2.17,2.17,164,6.91,,,,,,,,2.17,2.17,2.17,2.17,2.715,2.715,2.715,2.17,2.17,2.17,2.715,2.17,2.17,2.17,2.17,2.17,15.3,2.715,2.715,2.715,2.17,25.1,2.17,2801.825,1.626340367,2.100370545,2.374748346,1.767897616,2.501059262,1.089905111,0.336459734,0.336459734,0.336459734,0.336459734,0.336459734,1.784617293,1.821513528,2.899273187,1.283301229,2.897077003,0.336459734,0.336459734,0.336459734,0.336459734,2.214843848,0.839478047,#NUM!,#NUM!,#NUM!,#NUM!,#NUM!,#NUM!,#NUM!,0.336459734,0.336459734,0.336459734,0.336459734,0.433769834,0.433769834,0.433769834,0.336459734,0.336459734,0.336459734,0.433769834,0.336459734,0.336459734,0.336459734,0.336459734,0.336459734,1.184691431,0.433769834,0.433769834,0.433769834,0.336459734,1.399673721,0.336459734
JBA060-SW-EXIT-040721,4/7/2021 0:00,21097,Exit,Spring,,17.4,1.240549248,9.63,0.983626287,0.2412,-0.617622697,7.58,0.879669206,41.5,118,215,52.4,297,13,2.13,2.13,2.13,2.13,2.13,63.3,58.7,693,16.5,785,2.13,2.13,2.13,2.13,137,6.44,,,,,,,,2.13,2.13,2.13,2.13,2.665,2.665,2.665,2.13,2.13,2.13,2.665,2.13,2.13,2.13,2.13,2.13,16.8,2.665,2.665,2.665,2.13,24.2,2.13,2605.485,1.618048097,2.071882007,2.33243846,1.719331287,2.472756449,1.113943352,0.328379603,0.328379603,0.328379603,0.328379603,0.328379603,1.80140371,1.768638101,2.840733235,1.217483944,2.894869657,0.328379603,0.328379603,0.328379603,0.328379603,2.136720567,0.808885867,#NUM!,#NUM!,#NUM!,#NUM!,#NUM!,#NUM!,#NUM!,0.328379603,0.328379603,0.328379603,0.328379603,0.425697213,0.425697213,0.425697213,0.328379603,0.328379603,0.328379603,0.425697213,0.328379603,0.328379603,0.328379603,0.328379603,0.328379603,1.225309282,0.425697213,0.425697213,0.425697213,0.328379603,1.383815366,0.328379603
JBA062-SW-SPILL-040921,4/9/2021 0:00,21099,Spill,Spring,0.37,12.8,1.10720997,9.13,0.960470778,0.1861,-0.730253627,7.55,0.877946952,33,79,160,38,150,15,4.7,0.99,0.97,0.5,0.5,35,37,340,13,480,0.5,0.6,0.5,2.1,79,6.8,0.6,0.95,7.3,1,0.95,5,9.5,0.5,0.85,1.45,1.35,2.9,6,5,1.55,1.3,1.3,0.85,,,,,,,,,,,,,1525.51,1.51851394,1.897627091,2.204119983,1.579783597,2.176091259,1.176091259,0.672097858,-0.004364805,-0.013228266,-0.301029996,-0.301029996,1.544068044,1.568201724,2.531478917,1.113943352,2.681241237,-0.301029996,-0.22184875,-0.301029996,0.322219295,1.897627091,0.832508913,-0.22184875,-0.022276395,0.86332286,0,-0.022276395,0.698970004,0.977723605,-0.301029996,-0.070581074,0.161368002,0.130333768,0.462397998,0.77815125,0.698970004,0.190331698,0.113943352,0.113943352,-0.070581074,#NUM!,#NUM!,#NUM!,#NUM!,#NUM!,#NUM!,#NUM!,#NUM!,#NUM!,#NUM!,#NUM!,#NUM!
JBA063-SW-RIPP-040921,4/9/2021 0:00,21099,Ripp,Spring,0.37,12.8,1.10720997,9.01,0.954724791,0.1873,-0.727462223,7.54,0.877371346,29,73,150,33,150,13,4.4,1,1.1,0.5,0.5,32,36,370,10,450,0.5,0.6,0.5,2,110,6.6,0.6,0.9,7.2,0.95,0.9,4.9,9,0.5,0.8,1.4,1.3,2.8,6,5,1.5,1.25,1.25,0.8,,,,,,,,,,,,,1520.75,1.462397998,1.86332286,2.176091259,1.51851394,2.176091259,1.113943352,0.643452676,0,0.041392685,-0.301029996,-0.301029996,1.505149978,1.556302501,2.568201724,1,2.653212514,-0.301029996,-0.22184875,-0.301029996,0.301029996,2.041392685,0.819543936,-0.22184875,-0.045757491,0.857332496,-0.022276395,-0.045757491,0.69019608,0.954242509,-0.301029996,-0.096910013,0.146128036,0.113943352,0.447158031,0.77815125,0.698970004,0.176091259,0.096910013,0.096910013,-0.096910013,#NUM!,#NUM!,#NUM!,#NUM!,#NUM!,#NUM!,#NUM!,#NUM!,#NUM!,#NUM!,#NUM!,#NUM!
JBA064-SW-DOWN-040921,4/9/2021 0:00,21099,Down,Spring,0.37,12.9,1.11058971,8.68,0.938519725,0.1806,-0.743282254,7.5,0.875061263,31,75,150,33,160,14,4.3,1,1,0.5,0.5,32,33,270,10,470,0.5,0.6,0.5,2.05,98,7.4,0.6,0.95,6.7,1,0.95,5,9.5,0.5,0.85,1.45,1.35,2.9,6,5,1.55,1.3,1.3,0.85,,,,,,,,,,,,,1442.1,1.491361694,1.875061263,2.176091259,1.51851394,2.204119983,1.146128036,0.633468456,0,0,-0.301029996,-0.301029996,1.505149978,1.51851394,2.431363764,1,2.672097858,-0.301029996,-0.22184875,-0.301029996,0.311753861,1.991226076,0.86923172,-0.22184875,-0.022276395,0.826074803,0,-0.022276395,0.698970004,0.977723605,-0.301029996,-0.070581074,0.161368002,0.130333768,0.462397998,0.77815125,0.698970004,0.190331698,0.113943352,0.113943352,-0.070581074,#NUM!,#NUM!,#NUM!,#NUM!,#NUM!,#NUM!,#NUM!,#NUM!,#NUM!,#NUM!,#NUM!,#NUM!
JBA065-SW-EXIT-040921,4/9/2021 0:00,21099,Exit,Spring,0.37,12.9,1.11058971,9.17,0.962369336,0.1786,-0.748118545,7.37,0.867467488,29,74,130,33,140,13,4.4,0.92,0.93,0.5,0.5,31,31,300,10,450,0.5,0.65,0.5,2.1,95,7.4,0.65,0.95,7.7,1,0.95,5,9.5,0.5,0.85,1.45,1.35,2.9,6.5,5,1.55,1.3,1.3,0.85,,,,,,,,,,,,,1403.7,1.462397998,1.86923172,2.113943352,1.51851394,2.146128036,1.113943352,0.643452676,-0.036212173,-0.031517051,-0.301029996,-0.301029996,1.491361694,1.491361694,2.477121255,1,2.653212514,-0.301029996,-0.187086643,-0.301029996,0.322219295,1.977723605,0.86923172,-0.187086643,-0.022276395,0.886490725,0,-0.022276395,0.698970004,0.977723605,-0.301029996,-0.070581074,0.161368002,0.130333768,0.462397998,0.812913357,0.698970004,0.190331698,0.113943352,0.113943352,-0.070581074,#NUM!,#NUM!,#NUM!,#NUM!,#NUM!,#NUM!,#NUM!,#NUM!,#NUM!,#NUM!,#NUM!,#NUM!
JBA067-SW-SPILL-04132021,4/13/2021 0:00,21103,Spill,Spring,0.04,12.4,1.093421685,9.11,0.959518377,0.2542,-0.594824454,7.51,0.875639937,38.3,122,229,53.6,280,13.4,,2.065,,,,64.9,65.5,662,22.1,695,,,,,127,7.49,2,2,7,2.5,,,,2.065,,2.065,2.065,2.58,,,2.065,2.065,2.065,2.58,,,,2.065,2.065,,2.58,2.58,2.58,2.065,26.7,,2454.04,1.583198774,2.086359831,2.359835482,1.72916479,2.447158031,1.127104798,#NUM!,0.314920056,#NUM!,#NUM!,#NUM!,1.812244697,1.8162413,2.820857989,1.344392274,2.841984805,#NUM!,#NUM!,#NUM!,#NUM!,2.103803721,0.874481818,0.301029996,0.301029996,0.84509804,0.397940009,#NUM!,#NUM!,#NUM!,0.314920056,#NUM!,0.314920056,0.314920056,0.411619706,#NUM!,#NUM!,0.314920056,0.314920056,0.314920056,0.411619706,#NUM!,#NUM!,#NUM!,0.314920056,0.314920056,#NUM!,0.411619706,0.411619706,0.411619706,0.314920056,1.426511261,#NUM!
JBA068-SW-RIPP-04132021,4/13/2021 0:00,21103,Ripp,Spring,0.04,12.5,1.096910013,8.7,0.939519253,0.2557,-0.592269272,7.44,0.871572936,37.7,120,224,55.2,296,11.5,,2.085,,,,66.4,63.1,649,23.1,689,,,,,132,6.74,2,2,2,2.5,,,,2.085,,2.085,2.085,2.61,,,2.085,2.085,2.085,2.61,,,,2.085,2.085,2.085,2.61,2.61,2.61,2.085,22.3,,2440.525,1.57634135,2.079181246,2.350248018,1.741939078,2.471291711,1.06069784,#NUM!,0.319106059,#NUM!,#NUM!,#NUM!,1.822168079,1.800029359,2.812244697,1.36361198,2.838219222,#NUM!,#NUM!,#NUM!,#NUM!,2.120573931,0.828659897,0.301029996,0.301029996,0.301029996,0.397940009,#NUM!,#NUM!,#NUM!,0.319106059,#NUM!,0.319106059,0.319106059,0.416640507,#NUM!,#NUM!,0.319106059,0.319106059,0.319106059,0.416640507,#NUM!,#NUM!,#NUM!,0.319106059,0.319106059,0.319106059,0.416640507,0.416640507,0.416640507,0.319106059,1.348304863,#NUM!
JBA069-SW-DOWN-04132021,4/13/2021 0:00,21103,Down,Spring,0.04,12.6,1.100370545,8.35,0.921686475,0.2537,-0.595679533,7.41,0.869818208,38.6,115,222,53.5,255,11.4,,2.14,,,,61.7,58.2,650,19.4,698,,,,,135,7.2,2,2,5,2.5,,,,2.14,,2.14,2.14,2.675,,,2.14,2.14,2.14,2.675,,,,2.14,2.14,,2.675,2.675,2.675,2.14,21.6,,2392.875,1.586587305,2.06069784,2.346352974,1.728353782,2.40654018,1.056904851,#NUM!,0.330413773,#NUM!,#NUM!,#NUM!,1.790285164,1.764922985,2.812913357,1.28780173,2.843855423,#NUM!,#NUM!,#NUM!,#NUM!,2.130333768,0.857332496,0.301029996,0.301029996,0.698970004,0.397940009,#NUM!,#NUM!,#NUM!,0.330413773,#NUM!,0.330413773,0.330413773,0.427323786,#NUM!,#NUM!,0.330413773,0.330413773,0.330413773,0.427323786,#NUM!,#NUM!,#NUM!,0.330413773,0.330413773,#NUM!,0.427323786,0.427323786,0.427323786,0.330413773,1.334453751,#NUM!
JBA070-SW-EXIT-04132021,4/13/2021 0:00,21103,Exit,Spring,0.04,12.6,1.100370545,8.82,0.945468585,0.2538,-0.595508382,7.48,0.873901598,36.1,121,231,54.7,256,12.3,,2.095,,,,64.4,61.1,689,18,683,,,,,129,7.35,2,2,9.37,2.5,,,,2.095,,2.095,2.095,2.62,,,2.095,2.095,2.095,2.62,,,,2.095,2.095,,2.62,2.62,2.62,2.095,20.4,,2433.27,1.557507202,2.08278537,2.36361198,1.737987326,2.408239965,1.089905111,#NUM!,0.321184027,#NUM!,#NUM!,#NUM!,1.808885867,1.78604121,2.838219222,1.255272505,2.834420704,#NUM!,#NUM!,#NUM!,#NUM!,2.11058971,0.866287339,0.301029996,0.301029996,0.971739591,0.397940009,#NUM!,#NUM!,#NUM!,0.321184027,#NUM!,0.321184027,0.321184027,0.418301291,#NUM!,#NUM!,0.321184027,0.321184027,0.321184027,0.418301291,#NUM!,#NUM!,#NUM!,0.321184027,0.321184027,#NUM!,0.418301291,0.418301291,0.418301291,0.321184027,1.309630167,#NUM!
JBA072-SW-SPILL-041521,4/15/2021 0:00,21105,Spill,Spring,0.34,13.5,1.130333768,8.35,0.921686475,0.2559,-0.591929714,7.79,0.891537458,28,70,130,34,160,13,4.3,0.88,0.94,0.5,0.5,41,43,350,9.9,430,0.5,0.6,0.5,2.5,80,6.2,0.6,0.9,5.4,0.95,0.9,4.9,9,0.5,0.8,1.4,1.3,2.8,6,5,1.5,1.25,1.25,0.8,,,,,,,,,,,,,1451.57,1.447158031,1.84509804,2.113943352,1.531478917,2.204119983,1.113943352,0.633468456,-0.055517328,-0.026872146,-0.301029996,-0.301029996,1.612783857,1.633468456,2.544068044,0.995635195,2.633468456,-0.301029996,-0.22184875,-0.301029996,0.397940009,1.903089987,0.792391689,-0.22184875,-0.045757491,0.73239376,-0.022276395,-0.045757491,0.69019608,0.954242509,-0.301029996,-0.096910013,0.146128036,0.113943352,0.447158031,0.77815125,0.698970004,0.176091259,0.096910013,0.096910013,-0.096910013,#NUM!,#NUM!,#NUM!,#NUM!,#NUM!,#NUM!,#NUM!,#NUM!,#NUM!,#NUM!,#NUM!,#NUM!
JBA073-SW-RIPP-041521,4/15/2021 0:00,21105,Ripp,Spring,0.34,13.6,1.133538908,8.66,0.937517892,0.2263,-0.645315446,7.76,0.889861721,26,68,140,36,160,13,3.1,0.72,0.59,0.5,0.5,41,40,360,12,450,0.5,0.6,0.5,2.6,87,5.7,0.6,0.9,5.5,0.95,0.9,4.95,9,0.5,0.8,1.4,1.3,2.85,6,5,1.5,1.25,1.25,0.8,,,,,,,,,,,,,1493.76,1.414973348,1.832508913,2.146128036,1.556302501,2.204119983,1.113943352,0.491361694,-0.142667504,-0.229147988,-0.301029996,-0.301029996,1.612783857,1.602059991,2.556302501,1.079181246,2.653212514,-0.301029996,-0.22184875,-0.301029996,0.414973348,1.939519253,0.755874856,-0.22184875,-0.045757491,0.740362689,-0.022276395,-0.045757491,0.694605199,0.954242509,-0.301029996,-0.096910013,0.146128036,0.113943352,0.45484486,0.77815125,0.698970004,0.176091259,0.096910013,0.096910013,-0.096910013,#NUM!,#NUM!,#NUM!,#NUM!,#NUM!,#NUM!,#NUM!,#NUM!,#NUM!,#NUM!,#NUM!,#NUM!
JBA074-SW-DOWN-041521,4/15/2021 0:00,21105,Down,Spring,0.34,13.6,1.133538908,8.75,0.942008053,0.2273,-0.643400564,7.76,0.889861721,28,79,170,38,180,14,3.9,0.82,0.57,0.5,0.5,40,38,340,13,510,0.5,0.6,0.5,2.8,100,5.7,0.6,0.9,6.1,0.95,0.9,4.9,9,0.5,0.8,1.4,1.3,2.8,6,5,1.5,1.25,1.25,0.8,,,,,,,,,,,,,1612.34,1.447158031,1.897627091,2.230448921,1.579783597,2.255272505,1.146128036,0.591064607,-0.086186148,-0.244125144,-0.301029996,-0.301029996,1.602059991,1.579783597,2.531478917,1.113943352,2.707570176,-0.301029996,-0.22184875,-0.301029996,0.447158031,2,0.755874856,-0.22184875,-0.045757491,0.785329835,-0.022276395,-0.045757491,0.69019608,0.954242509,-0.301029996,-0.096910013,0.146128036,0.113943352,0.447158031,0.77815125,0.698970004,0.176091259,0.096910013,0.096910013,-0.096910013,#NUM!,#NUM!,#NUM!,#NUM!,#NUM!,#NUM!,#NUM!,#NUM!,#NUM!,#NUM!,#NUM!,#NUM!
JBA075-SW-EXIT-041521,4/15/2021 0:00,21105,Exit,Spring,0.34,13.6,1.133538908,8.45,0.926856709,0.2283,-0.641494089,7.39,0.868644438,26,77,170,36,160,14,3.2,0.77,0.54,0.5,0.5,43,44,390,12,470,0.5,0.6,0.5,2.3,100,5.7,0.6,0.95,5,1,0.95,5,9.5,0.5,0.85,1.45,1.35,2.9,6,5,1.55,1.3,1.3,0.85,,,,,,,,,,,,,1603.16,1.414973348,1.886490725,2.230448921,1.556302501,2.204119983,1.146128036,0.505149978,-0.113509275,-0.26760624,-0.301029996,-0.301029996,1.633468456,1.643452676,2.591064607,1.079181246,2.672097858,-0.301029996,-0.22184875,-0.301029996,0.361727836,2,0.755874856,-0.22184875,-0.022276395,0.698970004,0,-0.022276395,0.698970004,0.977723605,-0.301029996,-0.070581074,0.161368002,0.130333768,0.462397998,0.77815125,0.698970004,0.190331698,0.113943352,0.113943352,-0.070581074,#NUM!,#NUM!,#NUM!,#NUM!,#NUM!,#NUM!,#NUM!,#NUM!,#NUM!,#NUM!,#NUM!,#NUM!
JBA077-SW-SPILL-042221,4/22/2021 0:00,21112,Spill,Spring,0.06,10.2,1.008600172,9.5,0.977723605,0.2525,-0.597738618,7.31,0.863917377,47.3,137,286,59.6,329,10.6,2.17,2.17,2.17,2.17,2.17,71.7,69.9,815,18.3,734,2.17,2.17,2.17,2.17,169,7,,,,,,,,2.17,2.17,2.17,2.17,2.71,2.71,2.71,2.17,2.17,2.17,2.71,2.17,2.17,2.17,2.17,2.17,11,2.71,2.71,2.71,2.17,27.4,2.17,2861.68,1.674861141,2.136720567,2.456366033,1.77524626,2.517195898,1.025305865,0.336459734,0.336459734,0.336459734,0.336459734,0.336459734,1.855519156,1.844477176,2.911157609,1.26245109,2.86569606,0.336459734,0.336459734,0.336459734,0.336459734,2.227886705,0.84509804,#NUM!,#NUM!,#NUM!,#NUM!,#NUM!,#NUM!,#NUM!,0.336459734,0.336459734,0.336459734,0.336459734,0.432969291,0.432969291,0.432969291,0.336459734,0.336459734,0.336459734,0.432969291,0.336459734,0.336459734,0.336459734,0.336459734,0.336459734,1.041392685,0.432969291,0.432969291,0.432969291,0.336459734,1.437750563,0.336459734
JBA078-SW-RIPP-042221,4/22/2021 0:00,21112,Ripp,Spring,0.06,9.8,0.991226076,9.2,0.963787827,0.2528,-0.59722293,7.53,0.876794976,42.9,125,222,55.2,299,11.4,2.19,2.19,2.19,2.19,2.19,75.2,78.5,704,17.5,721,2.19,2.19,2.19,2.19,147,5.15,,,,,,,,2.19,2.19,2.19,2.19,2.735,2.735,2.735,2.19,2.19,2.19,2.735,2.19,2.19,2.19,2.19,2.19,7.92,2.735,2.735,2.735,2.19,31,2.19,2612.285,1.632457292,2.096910013,2.346352974,1.741939078,2.475671188,1.056904851,0.340444115,0.340444115,0.340444115,0.340444115,0.340444115,1.876217841,1.894869657,2.847572659,1.243038049,2.857935265,0.340444115,0.340444115,0.340444115,0.340444115,2.167317335,0.711807229,#NUM!,#NUM!,#NUM!,#NUM!,#NUM!,#NUM!,#NUM!,0.340444115,0.340444115,0.340444115,0.340444115,0.436957331,0.436957331,0.436957331,0.340444115,0.340444115,0.340444115,0.436957331,0.340444115,0.340444115,0.340444115,0.340444115,0.340444115,0.898725182,0.436957331,0.436957331,0.436957331,0.340444115,1.491361694,0.340444115
JBA079-SW-DOWN-042221,4/22/2021 0:00,21112,Down,Spring,0.06,9.7,0.986771734,9.34,0.970346876,0.2505,-0.60119227,7.43,0.870988814,45.5,127,247,59.2,343,11.6,2.125,2.125,2.125,2.125,2.125,65.6,67.7,777,23.3,782,2.125,2.125,2.125,2.125,156,2.125,,,,,,,,2.125,2.125,2.125,2.125,2.66,2.66,2.66,2.125,2.125,2.125,2.66,2.125,2.125,2.125,2.125,2.125,12.6,2.66,2.66,2.66,2.125,26.7,2.125,2813.82,1.658011397,2.103803721,2.392696953,1.772321707,2.53529412,1.064457989,0.327358934,0.327358934,0.327358934,0.327358934,0.327358934,1.816903839,1.830588669,2.890421019,1.367355921,2.893206753,0.327358934,0.327358934,0.327358934,0.327358934,2.193124598,0.327358934,#NUM!,#NUM!,#NUM!,#NUM!,#NUM!,#NUM!,#NUM!,0.327358934,0.327358934,0.327358934,0.327358934,0.424881637,0.424881637,0.424881637,0.327358934,0.327358934,0.327358934,0.424881637,0.327358934,0.327358934,0.327358934,0.327358934,0.327358934,1.100370545,0.424881637,0.424881637,0.424881637,0.327358934,1.426511261,0.327358934
JBA080-SW-EXIT-042221,4/22/2021 0:00,21112,Exit,Spring,0.06,9.7,0.986771734,9.12,0.959994838,0.2535,-0.596022036,7.51,0.875639937,47.1,132,270,59,287,12,2.04,2.04,2.04,2.04,2.04,69.4,66.4,799,19.9,881,2.04,2.04,2.04,4.14,167,2.04,,,,,,,,2.04,2.04,2.04,2.04,2.55,2.55,2.55,2.04,2.04,2.04,2.55,2.04,2.04,2.04,2.04,2.04,16.5,2.55,2.55,2.55,2.04,29.3,2.04,2924.51,1.673020907,2.120573931,2.431363764,1.770852012,2.457881897,1.079181246,0.309630167,0.309630167,0.309630167,0.309630167,0.309630167,1.84135947,1.822168079,2.902546779,1.298853076,2.944975908,0.309630167,0.309630167,0.309630167,0.617000341,2.222716471,0.309630167,#NUM!,#NUM!,#NUM!,#NUM!,#NUM!,#NUM!,#NUM!,0.309630167,0.309630167,0.309630167,0.309630167,0.40654018,0.40654018,0.40654018,0.309630167,0.309630167,0.309630167,0.40654018,0.309630167,0.309630167,0.309630167,0.309630167,0.309630167,1.217483944,0.40654018,0.40654018,0.40654018,0.309630167,1.46686762,0.309630167
JBA082-SW-SPILL-0423-21,4/23/2021 0:00,21113,Spill,Spring,0,11.2,1.049218023,9.5,0.977723605,0.2498,-0.602407566,7.47,0.873320602,40,130,270,75,330,20,1.4,0.5,0.5,0.5,0.5,73,82,530,22,740,0.5,0.6,0.5,3.7,180,6.8,0.6,0.95,5.6,1,0.95,5,9.5,0.5,0.85,1.45,1.35,2.9,6,5,1.55,1.3,1.3,0.85,,,,,,,,,,,,,2554.15,1.602059991,2.113943352,2.431363764,1.875061263,2.51851394,1.301029996,0.146128036,-0.301029996,-0.301029996,-0.301029996,-0.301029996,1.86332286,1.913813852,2.72427587,1.342422681,2.86923172,-0.301029996,-0.22184875,-0.301029996,0.568201724,2.255272505,0.832508913,-0.22184875,-0.022276395,0.748188027,0,-0.022276395,0.698970004,0.977723605,-0.301029996,-0.070581074,0.161368002,0.130333768,0.462397998,0.77815125,0.698970004,0.190331698,0.113943352,0.113943352,-0.070581074,#NUM!,#NUM!,#NUM!,#NUM!,#NUM!,#NUM!,#NUM!,#NUM!,#NUM!,#NUM!,#NUM!,#NUM!
JBA083-SW-RIPP-0423-21,4/23/2021 0:00,21113,Ripp,Spring,0,11.3,1.053078443,9.06,0.957128198,0.2474,-0.606600305,7.47,0.873320602,41,120,230,65,320,19,1.4,0.495,0.495,0.495,0.495,78,71,600,22,670,0.495,0.6,0.495,4.7,190,6.1,0.6,0.9,7.4,0.95,0.9,4.85,9,0.495,0.8,1.4,1.3,2.8,6,4.95,1.5,1.25,1.25,0.8,,,,,,,,,,,,,2488.915,1.612783857,2.079181246,2.361727836,1.812913357,2.505149978,1.278753601,0.146128036,-0.305394801,-0.305394801,-0.305394801,-0.305394801,1.892094603,1.851258349,2.77815125,1.342422681,2.826074803,-0.305394801,-0.22184875,-0.305394801,0.672097858,2.278753601,0.785329835,-0.22184875,-0.045757491,0.86923172,-0.022276395,-0.045757491,0.685741739,0.954242509,-0.305394801,-0.096910013,0.146128036,0.113943352,0.447158031,0.77815125,0.694605199,0.176091259,0.096910013,0.096910013,-0.096910013,#NUM!,#NUM!,#NUM!,#NUM!,#NUM!,#NUM!,#NUM!,#NUM!,#NUM!,#NUM!,#NUM!,#NUM!
JBA084-SW-DOWN-0423-21,4/23/2021 0:00,21113,Down,Spring,0,11.1,1.045322979,9.37,0.971739591,0.2469,-0.60747891,7.56,0.878521796,23,66,140,48,300,16,1.1,0.5,0.5,0.5,0.5,39,52,540,19,650,0.5,0.6,0.5,2.8,150,6.6,0.6,0.9,5.5,0.95,0.9,4.95,9,0.5,0.8,1.4,1.3,2.85,6,5,1.5,1.25,1.25,0.8,,,,,,,,,,,,,2102.55,1.361727836,1.819543936,2.146128036,1.681241237,2.477121255,1.204119983,0.041392685,-0.301029996,-0.301029996,-0.301029996,-0.301029996,1.591064607,1.716003344,2.73239376,1.278753601,2.812913357,-0.301029996,-0.22184875,-0.301029996,0.447158031,2.176091259,0.819543936,-0.22184875,-0.045757491,0.740362689,-0.022276395,-0.045757491,0.694605199,0.954242509,-0.301029996,-0.096910013,0.146128036,0.113943352,0.45484486,0.77815125,0.698970004,0.176091259,0.096910013,0.096910013,-0.096910013,#NUM!,#NUM!,#NUM!,#NUM!,#NUM!,#NUM!,#NUM!,#NUM!,#NUM!,#NUM!,#NUM!,#NUM!
JBA085-SW-EXIT-0423-21,4/23/2021 0:00,21113,Exit,Spring,0,10.9,1.037426498,9.03,0.95568775,0.2492,-0.603451962,7.43,0.870988814,42,110,240,72,320,16,1.5,0.5,0.5,0.5,0.5,64,77,550,19,660,0.5,0.6,0.5,4.5,150,6.9,0.6,0.9,6.2,0.95,0.9,5,9,0.5,0.8,1.45,1.35,2.85,6,5,1.55,1.25,1.25,0.8,,,,,,,,,,,,,2382.85,1.62324929,2.041392685,2.380211242,1.857332496,2.505149978,1.204119983,0.176091259,-0.301029996,-0.301029996,-0.301029996,-0.301029996,1.806179974,1.886490725,2.740362689,1.278753601,2.819543936,-0.301029996,-0.22184875,-0.301029996,0.653212514,2.176091259,0.838849091,-0.22184875,-0.045757491,0.792391689,-0.022276395,-0.045757491,0.698970004,0.954242509,-0.301029996,-0.096910013,0.161368002,0.130333768,0.45484486,0.77815125,0.698970004,0.190331698,0.096910013,0.096910013,-0.096910013,#NUM!,#NUM!,#NUM!,#NUM!,#NUM!,#NUM!,#NUM!,#NUM!,#NUM!,#NUM!,#NUM!,#NUM!
JBA087-SW-SPILL-042621,4/26/2021 0:00,21116,Spill,Spring,,11.8,1.071882007,9.23,0.965201701,0.2098,-0.678194516,7.54,0.877371346,31,87.7,174,40.3,183,8.64,,2.175,,,,40.8,40.1,492,12.7,530,,,,,105,,2,2,13.5,2.5,,,,2.175,,2.175,2.175,2.72,,,2.175,2.175,2.175,2.72,,,,2.175,2.175,,2.72,2.72,2.72,2.175,18.1,,1818.69,1.491361694,1.942999593,2.240549248,1.605305046,2.26245109,0.936513742,#NUM!,0.337459261,#NUM!,#NUM!,#NUM!,1.610660163,1.603144373,2.691965103,1.103803721,2.72427587,#NUM!,#NUM!,#NUM!,#NUM!,2.021189299,#NUM!,0.301029996,0.301029996,1.130333768,0.397940009,#NUM!,#NUM!,#NUM!,0.337459261,#NUM!,0.337459261,0.337459261,0.434568904,#NUM!,#NUM!,0.337459261,0.337459261,0.337459261,0.434568904,#NUM!,#NUM!,#NUM!,0.337459261,0.337459261,#NUM!,0.434568904,0.434568904,0.434568904,0.337459261,1.257678575,#NUM!
JBA088-SW-RIPP-042621,4/26/2021 0:00,21116,Ripp,Spring,,11.9,1.075546961,9.47,0.976349979,0.2204,-0.65678841,7.57,0.87909588,34,92.4,162,41.1,195,9.85,,2.075,,,,42.1,48.2,532,13.2,629,,,,,126,,2,2,10.9,2.5,,,,2.075,,2.075,2.075,2.59,,,2.075,2.075,2.075,2.59,,,,2.075,2.075,,2.59,2.59,2.59,2.075,17.1,,1993.05,1.531478917,1.965671971,2.209515015,1.613841822,2.290034611,0.99343623,#NUM!,0.317018101,#NUM!,#NUM!,#NUM!,1.624282096,1.683047038,2.725911632,1.120573931,2.798650645,#NUM!,#NUM!,#NUM!,#NUM!,2.100370545,#NUM!,0.301029996,0.301029996,1.037426498,0.397940009,#NUM!,#NUM!,#NUM!,0.317018101,#NUM!,0.317018101,0.317018101,0.413299764,#NUM!,#NUM!,0.317018101,0.317018101,0.317018101,0.413299764,#NUM!,#NUM!,#NUM!,0.317018101,0.317018101,#NUM!,0.413299764,0.413299764,0.413299764,0.317018101,1.23299611,#NUM!
JBA089-SW-DOWN-042621,4/26/2021 0:00,21116,Down,Spring,,11.8,1.071882007,9.1,0.959041392,0.2256,-0.646660905,7.54,0.877371346,34.7,97.9,175,42.5,199,9.88,,2.125,,,,42.7,47,605,11.6,649,,,,,126,,2,2,14.4,2.5,,,,2.125,,2.125,2.125,2.655,,,2.125,2.125,2.125,2.655,,,,2.125,2.125,,2.655,2.655,2.655,2.125,19.5,,2115.205,1.540329475,1.990782692,2.243038049,1.62838893,2.298853076,0.994756945,#NUM!,0.327358934,#NUM!,#NUM!,#NUM!,1.630427875,1.672097858,2.781755375,1.064457989,2.812244697,#NUM!,#NUM!,#NUM!,#NUM!,2.100370545,#NUM!,0.301029996,0.301029996,1.158362492,0.397940009,#NUM!,#NUM!,#NUM!,0.327358934,#NUM!,0.327358934,0.327358934,0.424064525,#NUM!,#NUM!,0.327358934,0.327358934,0.327358934,0.424064525,#NUM!,#NUM!,#NUM!,0.327358934,0.327358934,#NUM!,0.424064525,0.424064525,0.424064525,0.327358934,1.290034611,#NUM!
JBA090-SW-EXIT-042621,4/26/2021 0:00,21116,Exit,Spring,,11.8,1.071882007,9.03,0.95568775,0.2333,-0.632085261,7.51,0.875639937,38.6,101,177,47.1,221,9.86,,2.105,,,,50.7,46.6,561,13.4,639,,,,,125,,2,2,9.95,2.5,,,,2.105,,2.105,2.105,2.635,,,2.105,2.105,2.105,2.635,,,,2.105,2.105,,2.635,2.635,2.635,2.105,22.1,,2103.035,1.586587305,2.004321374,2.247973266,1.673020907,2.344392274,0.993876915,#NUM!,0.3232521,#NUM!,#NUM!,#NUM!,1.705007959,1.668385917,2.748962861,1.127104798,2.805500858,#NUM!,#NUM!,#NUM!,#NUM!,2.096910013,#NUM!,0.301029996,0.301029996,0.997823081,0.397940009,#NUM!,#NUM!,#NUM!,0.3232521,#NUM!,0.3232521,0.3232521,0.42078062,#NUM!,#NUM!,0.3232521,0.3232521,0.3232521,0.42078062,#NUM!,#NUM!,#NUM!,0.3232521,0.3232521,#NUM!,0.42078062,0.42078062,0.42078062,0.3232521,1.344392274,#NUM!
JBA092-SW-SPILL-042821,4/28/2021 0:00,21118,Spill,Spring,0,13.8,1.139879086,8.4,0.924279286,0.2542,-0.594824454,7.4,0.86923172,44,135,243,58,291,12.4,2.27,2.27,2.27,2.27,2.27,73.5,65.6,785,21.1,766,2.27,2.27,2.27,2.27,165,6.61,,,,,,,,2.27,2.27,2.27,2.27,2.84,2.84,2.84,2.27,2.27,2.27,2.84,2.27,2.27,2.27,2.27,2.27,14.3,2.84,2.84,2.84,2.27,28.7,2.27,2781.3,1.643452676,2.130333768,2.385606274,1.763427994,2.463892989,1.093421685,0.356025857,0.356025857,0.356025857,0.356025857,0.356025857,1.866287339,1.816903839,2.894869657,1.324282455,2.88422877,0.356025857,0.356025857,0.356025857,0.356025857,2.217483944,0.820201459,#NUM!,#NUM!,#NUM!,#NUM!,#NUM!,#NUM!,#NUM!,0.356025857,0.356025857,0.356025857,0.356025857,0.45331834,0.45331834,0.45331834,0.356025857,0.356025857,0.356025857,0.45331834,0.356025857,0.356025857,0.356025857,0.356025857,0.356025857,1.155336037,0.45331834,0.45331834,0.45331834,0.356025857,1.457881897,0.356025857
JBA093-SW-RIPP-042821,4/28/2021 0:00,21118,Ripp,Spring,0,14.3,1.155336037,7.78,0.890979597,0.251,-0.600326279,7.36,0.866877814,40.6,120,218,49.9,270,10.9,2.025,2.025,2.025,2.025,2.025,60.3,57.7,726,17.5,719,2.025,2.025,2.025,2.025,147,5.5,,,,,,,,2.025,2.025,2.025,2.025,2.53,2.53,2.53,2.025,2.025,2.025,2.53,2.025,2.025,2.025,2.025,2.025,8.99,2.53,2.53,2.53,2.025,26.4,2.025,2542.075,1.608526034,2.079181246,2.338456494,1.698100546,2.431363764,1.037426498,0.306425028,0.306425028,0.306425028,0.306425028,0.306425028,1.780317312,1.761175813,2.860936621,1.243038049,2.85672889,0.306425028,0.306425028,0.306425028,0.306425028,2.167317335,0.740362689,#NUM!,#NUM!,#NUM!,#NUM!,#NUM!,#NUM!,#NUM!,0.306425028,0.306425028,0.306425028,0.306425028,0.403120521,0.403120521,0.403120521,0.306425028,0.306425028,0.306425028,0.403120521,0.306425028,0.306425028,0.306425028,0.306425028,0.306425028,0.953759692,0.403120521,0.403120521,0.403120521,0.306425028,1.421603927,0.306425028
JBA094-SW-DOWN-042821,4/28/2021 0:00,21118,Down,Spring,0,14.3,1.155336037,8.15,0.911157609,0.2534,-0.596193389,7.49,0.874481818,41.7,122,238,55,272,11,2.105,2.105,2.105,2.105,2.105,61.3,64,751,20.1,731,2.105,2.105,2.105,2.105,147,7.94,,,,,,,,2.105,2.105,2.105,2.105,2.63,2.63,2.63,2.105,2.105,2.105,2.63,2.105,2.105,2.105,2.105,2.105,11.6,2.63,2.63,2.63,2.105,26.3,2.105,2626.765,1.620136055,2.086359831,2.376576957,1.740362689,2.434568904,1.041392685,0.3232521,0.3232521,0.3232521,0.3232521,0.3232521,1.787460475,1.806179974,2.875639937,1.303196057,2.863917377,0.3232521,0.3232521,0.3232521,0.3232521,2.167317335,0.899820502,#NUM!,#NUM!,#NUM!,#NUM!,#NUM!,#NUM!,#NUM!,0.3232521,0.3232521,0.3232521,0.3232521,0.419955748,0.419955748,0.419955748,0.3232521,0.3232521,0.3232521,0.419955748,0.3232521,0.3232521,0.3232521,0.3232521,0.3232521,1.064457989,0.419955748,0.419955748,0.419955748,0.3232521,1.419955748,0.3232521
JBA095-SW-EXIT-042821,4/28/2021 0:00,21118,Exit,Spring,0,14.2,1.152288344,7.72,0.8876173,0.2533,-0.59636481,7.36,0.866877814,40.4,116,221,53.8,284,10.7,2.115,2.115,2.115,2.115,2.115,65.6,57.1,736,19.4,707,2.115,2.115,2.115,2.115,151,5.95,,,,,,,,2.115,2.115,2.115,2.115,2.64,2.64,2.64,2.115,2.115,2.115,2.64,2.115,2.115,2.115,2.115,2.115,14.9,2.64,2.64,2.64,2.115,24.1,2.115,2574.075,1.606381365,2.064457989,2.344392274,1.730782276,2.45331834,1.029383778,0.325310372,0.325310372,0.325310372,0.325310372,0.325310372,1.816903839,1.756636108,2.866877814,1.28780173,2.849419414,0.325310372,0.325310372,0.325310372,0.325310372,2.178976947,0.774516966,#NUM!,#NUM!,#NUM!,#NUM!,#NUM!,#NUM!,#NUM!,0.325310372,0.325310372,0.325310372,0.325310372,0.421603927,0.421603927,0.421603927,0.325310372,0.325310372,0.325310372,0.421603927,0.325310372,0.325310372,0.325310372,0.325310372,0.325310372,1.173186268,0.421603927,0.421603927,0.421603927,0.325310372,1.382017043,0.325310372
JBA097-SW-SPILL-06142021,6/14/2021 0:00,21165,Spill,Summer,0,20,1.301029996,6.71,0.82672252,0.2754,-0.560036064,7.59,0.880241776,47.7,139,260,59.6,272,11.2,,2.035,,,,82.2,70.2,836,22.2,829,,,,,159,7.27,2,2,12.4,2.5,,,,2.035,,2.035,2.035,2.545,,,2.035,2.035,2.035,2.545,,,,2.035,2.035,,2.545,2.545,2.545,2.035,31.8,,2879.145,1.678518379,2.1430148,2.414973348,1.77524626,2.434568904,1.049218023,#NUM!,0.308564414,#NUM!,#NUM!,#NUM!,1.914871818,1.846337112,2.922206277,1.346352974,2.918554531,#NUM!,#NUM!,#NUM!,#NUM!,2.201397124,0.861534411,0.301029996,0.301029996,1.093421685,0.397940009,#NUM!,#NUM!,#NUM!,0.308564414,#NUM!,0.308564414,0.308564414,0.405687787,#NUM!,#NUM!,0.308564414,0.308564414,0.308564414,0.405687787,#NUM!,#NUM!,#NUM!,0.308564414,0.308564414,#NUM!,0.405687787,0.405687787,0.405687787,0.308564414,1.50242712,#NUM!
JBA098-SW-RIPP-06142021,6/14/2021 0:00,21165,Ripp,Summer,0,19.9,1.298853076,6.44,0.808885867,0.2763,-0.558619115,7.5,0.875061263,49,159,251,59.3,281,11.8,,2.155,,,,68.3,82.2,811,20.2,946,,,,,142,8.19,2,2,5.61,2.5,,,,2.155,,2.155,2.155,2.695,,,2.155,2.155,2.155,2.695,,,,2.155,2.155,,2.695,2.695,2.695,2.155,28.7,,2964.825,1.69019608,2.201397124,2.399673721,1.773054693,2.44870632,1.071882007,#NUM!,0.333447274,#NUM!,#NUM!,#NUM!,1.834420704,1.914871818,2.909020854,1.305351369,2.975891136,#NUM!,#NUM!,#NUM!,#NUM!,2.152288344,0.913283902,0.301029996,0.301029996,0.748962861,0.397940009,#NUM!,#NUM!,#NUM!,0.333447274,#NUM!,0.333447274,0.333447274,0.43055877,#NUM!,#NUM!,0.333447274,0.333447274,0.333447274,0.43055877,#NUM!,#NUM!,#NUM!,0.333447274,0.333447274,#NUM!,0.43055877,0.43055877,0.43055877,0.333447274,1.457881897,#NUM!
JBA099-SW-DOWN-06142021,6/14/2021 0:00,21165,Down,Summer,0,20.1,1.303196057,6.45,0.809559715,0.2766,-0.558147824,7.58,0.879669206,49.7,147,272,62.9,319,13.4,,2.02,,,,82,75.1,881,22.6,933,,,,,173,10.2,2,2,14.5,2.5,,,,2.02,,2.02,2.02,2.525,,,2.02,2.02,2.02,2.525,,,,2.02,2.02,,2.525,2.525,2.525,2.02,32.7,,3127.425,1.696356389,2.167317335,2.434568904,1.798650645,2.503790683,1.127104798,#NUM!,0.305351369,#NUM!,#NUM!,#NUM!,1.913813852,1.875639937,2.944975908,1.354108439,2.969881644,#NUM!,#NUM!,#NUM!,#NUM!,2.238046103,1.008600172,0.301029996,0.301029996,1.161368002,0.397940009,#NUM!,#NUM!,#NUM!,0.305351369,#NUM!,0.305351369,0.305351369,0.402261382,#NUM!,#NUM!,0.305351369,0.305351369,0.305351369,0.402261382,#NUM!,#NUM!,#NUM!,0.305351369,0.305351369,#NUM!,0.402261382,0.402261382,0.402261382,0.305351369,1.514547753,#NUM!
JBA100-SW-EXIT-06142021,6/14/2021 0:00,21165,Exit,Summer,0,20.1,1.303196057,6.42,0.807535028,0.2753,-0.560193789,7.57,0.87909588,54.8,155,287,69.2,338,16.7,,2.065,,,,85.9,71,896,27.9,1140,,,,,195,9.64,2,2,2,2.5,,,,2.065,,2.065,2.065,2.58,,,2.065,2.065,2.065,2.58,,,,2.065,2.065,2.065,2.58,2.58,2.58,2.065,36.5,,3426.755,1.738780558,2.190331698,2.457881897,1.840106094,2.5289167,1.222716471,#NUM!,0.314920056,#NUM!,#NUM!,#NUM!,1.933993164,1.851258349,2.95230801,1.445604203,3.056904851,#NUM!,#NUM!,#NUM!,#NUM!,2.290034611,0.984077034,0.301029996,0.301029996,0.301029996,0.397940009,#NUM!,#NUM!,#NUM!,0.314920056,#NUM!,0.314920056,0.314920056,0.411619706,#NUM!,#NUM!,0.314920056,0.314920056,0.314920056,0.411619706,#NUM!,#NUM!,#NUM!,0.314920056,0.314920056,0.314920056,0.411619706,0.411619706,0.411619706,0.314920056,1.562292864,#NUM!
JBA102-SW-SPILL-06162021,6/16/2021 0:00,21167,Spill,Summer,0,18.8,1.274157849,6.9,0.838849091,0.2611,-0.583193128,7.58,0.879669206,43,110,200,55,270,15,1.6,0.55,0.5,0.5,0.5,64,66,560,19,680,0.5,0.6,0.5,3.8,160,6.6,0.6,0.9,8.5,0.95,0.9,4.9,9,0.5,0.8,1.4,1.3,2.8,6,5,1.5,1.25,1.25,0.8,,,,,,,,,,,,,2306,1.633468456,2.041392685,2.301029996,1.740362689,2.431363764,1.176091259,0.204119983,-0.259637311,-0.301029996,-0.301029996,-0.301029996,1.806179974,1.819543936,2.748188027,1.278753601,2.832508913,-0.301029996,-0.22184875,-0.301029996,0.579783597,2.204119983,0.819543936,-0.22184875,-0.045757491,0.929418926,-0.022276395,-0.045757491,0.69019608,0.954242509,-0.301029996,-0.096910013,0.146128036,0.113943352,0.447158031,0.77815125,0.698970004,0.176091259,0.096910013,0.096910013,-0.096910013,#NUM!,#NUM!,#NUM!,#NUM!,#NUM!,#NUM!,#NUM!,#NUM!,#NUM!,#NUM!,#NUM!,#NUM!
JBA103-SW-RIPP-06162021,6/16/2021 0:00,21167,Ripp,Summer,0,19,1.278753601,6.52,0.814247596,0.2629,-0.580209414,7.61,0.881384657,43,130,240,57,280,18,1.8,0.57,0.5,0.5,0.5,63,72,520,23,650,0.5,0.6,0.5,3.4,180,8.1,0.6,0.9,5.4,0.95,0.9,4.95,9,0.5,0.8,1.4,1.3,2.85,6,5,1.5,1.25,1.25,0.8,,,,,,,,,,,,,2338.32,1.633468456,2.113943352,2.380211242,1.755874856,2.447158031,1.255272505,0.255272505,-0.244125144,-0.301029996,-0.301029996,-0.301029996,1.799340549,1.857332496,2.716003344,1.361727836,2.812913357,-0.301029996,-0.22184875,-0.301029996,0.531478917,2.255272505,0.908485019,-0.22184875,-0.045757491,0.73239376,-0.022276395,-0.045757491,0.694605199,0.954242509,-0.301029996,-0.096910013,0.146128036,0.113943352,0.45484486,0.77815125,0.698970004,0.176091259,0.096910013,0.096910013,-0.096910013,#NUM!,#NUM!,#NUM!,#NUM!,#NUM!,#NUM!,#NUM!,#NUM!,#NUM!,#NUM!,#NUM!,#NUM!
JBA104-SW-DOWN-06162021,6/16/2021 0:00,21167,Down,Summer,0,19.7,1.294466226,6.55,0.8162413,0.2641,-0.578231599,7.55,0.877946952,38,110,200,53,250,18,1.5,0.5,0.5,0.5,0.5,61,56,540,20,720,0.5,0.6,0.5,3.3,160,7.8,0.6,0.9,6.4,0.95,0.9,4.9,9,0.5,0.8,1.4,1.3,2.8,6,5,1.5,1.25,1.25,0.8,,,,,,,,,,,,,2288.45,1.579783597,2.041392685,2.301029996,1.72427587,2.397940009,1.255272505,0.176091259,-0.301029996,-0.301029996,-0.301029996,-0.301029996,1.785329835,1.748188027,2.73239376,1.301029996,2.857332496,-0.301029996,-0.22184875,-0.301029996,0.51851394,2.204119983,0.892094603,-0.22184875,-0.045757491,0.806179974,-0.022276395,-0.045757491,0.69019608,0.954242509,-0.301029996,-0.096910013,0.146128036,0.113943352,0.447158031,0.77815125,0.698970004,0.176091259,0.096910013,0.096910013,-0.096910013,#NUM!,#NUM!,#NUM!,#NUM!,#NUM!,#NUM!,#NUM!,#NUM!,#NUM!,#NUM!,#NUM!,#NUM!
JBA105-SW-EXIT-06162021,6/16/2021 0:00,21167,Exit,Summer,0,19.3,1.285557309,6.52,0.814247596,0.2614,-0.582694417,7.62,0.881954971,41,110,220,60,300,17,1.7,0.51,0.5,0.5,0.5,58,65,500,20,760,0.5,0.6,0.5,3.2,140,8.3,0.6,0.9,6.7,0.95,0.9,4.95,9,0.5,0.8,1.4,1.3,2.85,6,5,1.5,1.25,1.25,0.8,,,,,,,,,,,,,2354.46,1.612783857,2.041392685,2.342422681,1.77815125,2.477121255,1.230448921,0.230448921,-0.292429824,-0.301029996,-0.301029996,-0.301029996,1.763427994,1.812913357,2.698970004,1.301029996,2.880813592,-0.301029996,-0.22184875,-0.301029996,0.505149978,2.146128036,0.919078092,-0.22184875,-0.045757491,0.826074803,-0.022276395,-0.045757491,0.694605199,0.954242509,-0.301029996,-0.096910013,0.146128036,0.113943352,0.45484486,0.77815125,0.698970004,0.176091259,0.096910013,0.096910013,-0.096910013,#NUM!,#NUM!,#NUM!,#NUM!,#NUM!,#NUM!,#NUM!,#NUM!,#NUM!,#NUM!,#NUM!,#NUM!
JBA107-SW-SPILL-06232021,6/23/2021 0:00,21174,Spill,Summer,0.33,19.8,1.29666519,6.67,0.824125834,0.2643,-0.577902837,7.6,0.880813592,43.2,136,230,61.3,246,11,2.205,2.205,2.205,2.205,2.205,61.4,63.7,673,19.8,729,2.205,2.205,2.205,2.205,152,5.24,,,,,,,,2.205,2.205,2.205,2.205,2.755,2.755,2.755,2.205,2.205,2.205,2.755,2.205,2.205,2.205,2.205,2.205,12.7,2.755,2.755,2.755,2.205,33.6,2.205,2547.94,1.635483747,2.133538908,2.361727836,1.787460475,2.390935107,1.041392685,0.343408594,0.343408594,0.343408594,0.343408594,0.343408594,1.788168371,1.804139432,2.828015064,1.29666519,2.862727528,0.343408594,0.343408594,0.343408594,0.343408594,2.181843588,0.719331287,#NUM!,#NUM!,#NUM!,#NUM!,#NUM!,#NUM!,#NUM!,0.343408594,0.343408594,0.343408594,0.343408594,0.440121603,0.440121603,0.440121603,0.343408594,0.343408594,0.343408594,0.440121603,0.343408594,0.343408594,0.343408594,0.343408594,0.343408594,1.103803721,0.440121603,0.440121603,0.440121603,0.343408594,1.526339277,0.343408594
JBA108-SW-RIPP-06232021,6/23/2021 0:00,21174,Ripp,Summer,0.33,19.3,1.285557309,6.33,0.80140371,0.2622,-0.581367313,7.63,0.882524538,44.6,136,226,61.9,230,11.1,2.145,2.145,2.145,2.145,2.145,58.2,58,680,18.6,725,2.145,2.145,2.145,2.145,163,6.05,,,,,,,,2.145,2.145,2.145,2.145,2.68,2.68,2.68,2.145,2.145,2.145,2.68,2.145,2.145,2.145,2.145,2.145,8.63,2.68,2.68,2.68,2.145,34.4,2.145,2529.575,1.649334859,2.133538908,2.354108439,1.791690649,2.361727836,1.045322979,0.331427297,0.331427297,0.331427297,0.331427297,0.331427297,1.764922985,1.763427994,2.832508913,1.269512944,2.860338007,0.331427297,0.331427297,0.331427297,0.331427297,2.212187604,0.781755375,#NUM!,#NUM!,#NUM!,#NUM!,#NUM!,#NUM!,#NUM!,0.331427297,0.331427297,0.331427297,0.331427297,0.428134794,0.428134794,0.428134794,0.331427297,0.331427297,0.331427297,0.428134794,0.331427297,0.331427297,0.331427297,0.331427297,0.331427297,0.936010796,0.428134794,0.428134794,0.428134794,0.331427297,1.536558443,0.331427297
JBA109-SW-DOWN-06232021,6/23/2021 0:00,21174,Down,Summer,0.33,20,1.301029996,6.32,0.800717078,0.2614,-0.582694417,7.7,0.886490725,48.8,132,211,61.4,240,11.1,2.18,2.18,2.18,2.18,2.18,60,64.5,670,16.9,824,2.18,2.18,2.18,2.18,166,4.49,,,,,,,,2.18,2.18,2.18,2.18,2.73,2.73,2.73,2.18,2.18,2.18,2.73,2.18,2.18,2.18,2.18,2.18,8.7,2.73,2.73,2.73,2.18,35,2.18,2623.14,1.688419822,2.120573931,2.324282455,1.788168371,2.380211242,1.045322979,0.338456494,0.338456494,0.338456494,0.338456494,0.338456494,1.77815125,1.809559715,2.826074803,1.227886705,2.915927212,0.338456494,0.338456494,0.338456494,0.338456494,2.220108088,0.652246341,#NUM!,#NUM!,#NUM!,#NUM!,#NUM!,#NUM!,#NUM!,0.338456494,0.338456494,0.338456494,0.338456494,0.436162647,0.436162647,0.436162647,0.338456494,0.338456494,0.338456494,0.436162647,0.338456494,0.338456494,0.338456494,0.338456494,0.338456494,0.939519253,0.436162647,0.436162647,0.436162647,0.338456494,1.544068044,0.338456494
JBA110-SW-EXIT-06232021,6/23/2021 0:00,21174,Exit,Summer,0.33,19.8,1.29666519,6.4,0.806179974,0.2602,-0.584692708,7.67,0.884795364,43.7,135,230,63.9,219,10.1,2.175,2.175,2.175,2.175,2.175,64.9,62.3,702,18.9,799,2.175,2.175,2.175,2.175,181,4.97,,,,,,,,2.175,2.175,2.175,2.175,2.72,2.72,2.72,2.175,2.175,2.175,2.72,2.175,2.175,2.175,2.175,2.175,7.01,2.72,2.72,2.72,2.175,30.8,2.175,2641.645,1.640481437,2.130333768,2.361727836,1.805500858,2.340444115,1.004321374,0.337459261,0.337459261,0.337459261,0.337459261,0.337459261,1.812244697,1.794488047,2.846337112,1.276461804,2.902546779,0.337459261,0.337459261,0.337459261,0.337459261,2.257678575,0.696356389,#NUM!,#NUM!,#NUM!,#NUM!,#NUM!,#NUM!,#NUM!,0.337459261,0.337459261,0.337459261,0.337459261,0.434568904,0.434568904,0.434568904,0.337459261,0.337459261,0.337459261,0.434568904,0.337459261,0.337459261,0.337459261,0.337459261,0.337459261,0.845718018,0.434568904,0.434568904,0.434568904,0.337459261,1.488550717,0.337459261
JBA112-SW-SPILL-07012021,7/1/2021 0:00,21182,Spill,Summer,0.01,20,1.301029996,6.93,0.840733235,0.2452,-0.610479534,7.6,0.880813592,110,370,870,170,940,30,1.5,0.55,0.55,0.55,0.55,200,190,1500,55,1500,0.55,0.65,0.55,18,650,25,0.65,0.95,11,1,0.95,5,9.5,0.55,0.85,1.45,1.35,2.95,6.5,5.5,1.6,1.3,1.3,0.85,,,,,,,,,,,,,6686.7,2.041392685,2.568201724,2.939519253,2.230448921,2.973127854,1.477121255,0.176091259,-0.259637311,-0.259637311,-0.259637311,-0.259637311,2.301029996,2.278753601,3.176091259,1.740362689,3.176091259,-0.259637311,-0.187086643,-0.259637311,1.255272505,2.812913357,1.397940009,-0.187086643,-0.022276395,1.041392685,0,-0.022276395,0.698970004,0.977723605,-0.259637311,-0.070581074,0.161368002,0.130333768,0.469822016,0.812913357,0.740362689,0.204119983,0.113943352,0.113943352,-0.070581074,#NUM!,#NUM!,#NUM!,#NUM!,#NUM!,#NUM!,#NUM!,#NUM!,#NUM!,#NUM!,#NUM!,#NUM!
JBA113-SW-RIPP-07012021,7/1/2021 0:00,21182,Ripp,Summer,0.01,20.3,1.307496038,6.9,0.838849091,0.2458,-0.609418121,7.51,0.875639937,110,390,950,170,980,33,1.8,0.5,0.5,0.5,0.5,180,250,1600,59,1600,0.5,0.6,0.5,17,660,25,0.6,0.9,6.3,0.95,0.9,5,9,0.5,0.8,1.45,1.35,2.85,6,5,1.55,1.3,1.3,0.8,,,,,,,,,,,,,7075.95,2.041392685,2.591064607,2.977723605,2.230448921,2.991226076,1.51851394,0.255272505,-0.301029996,-0.301029996,-0.301029996,-0.301029996,2.255272505,2.397940009,3.204119983,1.770852012,3.204119983,-0.301029996,-0.22184875,-0.301029996,1.230448921,2.819543936,1.397940009,-0.22184875,-0.045757491,0.799340549,-0.022276395,-0.045757491,0.698970004,0.954242509,-0.301029996,-0.096910013,0.161368002,0.130333768,0.45484486,0.77815125,0.698970004,0.190331698,0.113943352,0.113943352,-0.096910013,#NUM!,#NUM!,#NUM!,#NUM!,#NUM!,#NUM!,#NUM!,#NUM!,#NUM!,#NUM!,#NUM!,#NUM!
JBA114-SW-DOWN-07012021,7/1/2021 0:00,21182,Down,Summer,0.01,19.9,1.298853076,6.87,0.836956737,0.2459,-0.609241471,7.62,0.881954971,110,310,710,170,860,29,1.8,0.55,0.55,0.55,0.55,150,220,1700,45,1800,0.55,0.65,0.55,19,680,28,0.65,0.95,9,1,0.95,5,9.5,0.55,0.85,1.5,1.35,2.95,6.5,5.5,1.6,1.3,1.3,0.85,,,,,,,,,,,,,6888.05,2.041392685,2.491361694,2.851258349,2.230448921,2.934498451,1.462397998,0.255272505,-0.259637311,-0.259637311,-0.259637311,-0.259637311,2.176091259,2.342422681,3.230448921,1.653212514,3.255272505,-0.259637311,-0.187086643,-0.259637311,1.278753601,2.832508913,1.447158031,-0.187086643,-0.022276395,0.954242509,0,-0.022276395,0.698970004,0.977723605,-0.259637311,-0.070581074,0.176091259,0.130333768,0.469822016,0.812913357,0.740362689,0.204119983,0.113943352,0.113943352,-0.070581074,#NUM!,#NUM!,#NUM!,#NUM!,#NUM!,#NUM!,#NUM!,#NUM!,#NUM!,#NUM!,#NUM!,#NUM!
JBA115-SW-EXIT-07012021,7/1/2021 0:00,21182,Exit,Summer,0.01,20,1.301029996,6.81,0.833147112,0.2455,-0.609948504,7.58,0.879669206,110,380,630,170,880,32,1.9,0.55,0.55,0.55,0.55,200,220,1700,50,1500,0.55,0.65,0.55,18,460,18,0.65,0.95,8.4,1,0.95,5.5,9.5,0.55,0.85,1.5,1.4,3,6.5,5.5,1.6,1.35,1.35,0.85,,,,,,,,,,,,,6425.25,2.041392685,2.579783597,2.799340549,2.230448921,2.944482672,1.505149978,0.278753601,-0.259637311,-0.259637311,-0.259637311,-0.259637311,2.301029996,2.342422681,3.230448921,1.698970004,3.176091259,-0.259637311,-0.187086643,-0.259637311,1.255272505,2.662757832,1.255272505,-0.187086643,-0.022276395,0.924279286,0,-0.022276395,0.740362689,0.977723605,-0.259637311,-0.070581074,0.176091259,0.146128036,0.477121255,0.812913357,0.740362689,0.204119983,0.130333768,0.130333768,-0.070581074,#NUM!,#NUM!,#NUM!,#NUM!,#NUM!,#NUM!,#NUM!,#NUM!,#NUM!,#NUM!,#NUM!,#NUM!
JBA118-SW-SPILL-07072021,7/7/2021 0:00,21188,Spill,Summer,0,20.6,1.31386722,6.61,0.820201459,0.2732,-0.563519305,7.58,0.879669206,44.7,125,243,62.8,263,9.63,,2.11,,,,78,67.8,814,21.5,881,,,,,164,,2,2,8.21,2.5,,,,2.11,,2.11,2.11,2.635,,,2.11,2.11,2.11,2.635,,,,2.11,2.11,,2.635,2.635,2.635,2.11,46.4,,2869.815,1.650307523,2.096910013,2.385606274,1.797959644,2.419955748,0.983626287,#NUM!,0.324282455,#NUM!,#NUM!,#NUM!,1.892094603,1.831229694,2.910624405,1.33243846,2.944975908,#NUM!,#NUM!,#NUM!,#NUM!,2.214843848,#NUM!,0.301029996,0.301029996,0.914343157,0.397940009,#NUM!,#NUM!,#NUM!,0.324282455,#NUM!,0.324282455,0.324282455,0.42078062,#NUM!,#NUM!,0.324282455,0.324282455,0.324282455,0.42078062,#NUM!,#NUM!,#NUM!,0.324282455,0.324282455,#NUM!,0.42078062,0.42078062,0.42078062,0.324282455,1.666517981,#NUM!
JBA119-SW-RIPP-07072021,7/7/2021 0:00,21188,Ripp,Summer,0,20.8,1.318063335,6.48,0.811575006,0.2715,-0.566230166,7.62,0.881954971,44.8,123,220,53.8,250,9.38,,2.235,,,,74.5,69.8,764,20.7,818,,,,,156,5.15,2,2,8.98,2.5,,,,2.235,,2.235,2.235,2.795,,,2.235,2.235,2.235,2.795,,,,2.235,2.235,,2.795,2.795,2.795,2.235,45.9,,2706.835,1.651278014,2.089905111,2.342422681,1.730782276,2.397940009,0.972202838,#NUM!,0.349277527,#NUM!,#NUM!,#NUM!,1.872156273,1.843855423,2.883093359,1.315970345,2.912753304,#NUM!,#NUM!,#NUM!,#NUM!,2.193124598,0.711807229,0.301029996,0.301029996,0.953276337,0.397940009,#NUM!,#NUM!,#NUM!,0.349277527,#NUM!,0.349277527,0.349277527,0.446381812,#NUM!,#NUM!,0.349277527,0.349277527,0.349277527,0.446381812,#NUM!,#NUM!,#NUM!,0.349277527,0.349277527,#NUM!,0.446381812,0.446381812,0.446381812,0.349277527,1.661812686,#NUM!
JBA120-SW-DOWN-07072021,7/7/2021 0:00,21188,Down,Summer,0,20.5,1.311753861,6.57,0.81756537,0.2715,-0.566230166,7.68,0.88536122,43.1,124,228,59.6,262,10,,2.26,,,,67.8,65.3,730,22.9,892,,,,,140,5.38,2,2,6.33,2.5,,,,2.26,,2.26,2.26,2.825,,,2.26,2.26,2.26,2.825,,,,2.26,2.26,,2.825,2.825,2.825,2.26,39.8,,2739.435,1.63447727,2.093421685,2.357934847,1.77524626,2.418301291,1,#NUM!,0.354108439,#NUM!,#NUM!,#NUM!,1.831229694,1.814913181,2.86332286,1.359835482,2.950364854,#NUM!,#NUM!,#NUM!,#NUM!,2.146128036,0.730782276,0.301029996,0.301029996,0.80140371,0.397940009,#NUM!,#NUM!,#NUM!,0.354108439,#NUM!,0.354108439,0.354108439,0.451018452,#NUM!,#NUM!,0.354108439,0.354108439,0.354108439,0.451018452,#NUM!,#NUM!,#NUM!,0.354108439,0.354108439,#NUM!,0.451018452,0.451018452,0.451018452,0.354108439,1.599883072,#NUM!
JBA121-SW-EXIT-07072021,7/7/2021 0:00,21188,Exit,Summer,0,20.7,1.315970345,6.43,0.808210973,0.2715,-0.566230166,7.65,0.883661435,41.7,122,225,57,252,10.2,,2.13,,,,71.9,65.6,730,22.3,858,,,,,139,5.3,2,2,8.25,2.5,,,,2.13,,2.13,2.13,2.66,,,2.13,2.13,2.13,2.66,,,,2.13,2.13,,2.66,2.66,2.66,2.13,38.7,,2688.05,1.620136055,2.086359831,2.352182518,1.755874856,2.401400541,1.008600172,#NUM!,0.328379603,#NUM!,#NUM!,#NUM!,1.85672889,1.816903839,2.86332286,1.348304863,2.933487288,#NUM!,#NUM!,#NUM!,#NUM!,2.1430148,0.72427587,0.301029996,0.301029996,0.916453949,0.397940009,#NUM!,#NUM!,#NUM!,0.328379603,#NUM!,0.328379603,0.328379603,0.424881637,#NUM!,#NUM!,0.328379603,0.328379603,0.328379603,0.424881637,#NUM!,#NUM!,#NUM!,0.328379603,0.328379603,#NUM!,0.424881637,0.424881637,0.424881637,0.328379603,1.587710965,#NUM!
JBA123-SW-SPILL-07092021,7/9/2021 0:00,21190,Spill,Summer,0.5,23.3,1.367355921,6.15,0.788875116,0.2173,-0.662940274,7.61,0.881384657,69,200,450,84,440,20,2.2,0.75,0.5,0.5,0.5,89,93,810,30,870,0.5,0.6,0.5,10,390,25,0.6,0.95,8.1,1,0.95,5,9.5,0.5,0.8,1.45,1.35,2.9,6,5,1.55,1.3,1.3,0.8,,,,,,,,,,,,,3635.1,1.838849091,2.301029996,2.653212514,1.924279286,2.643452676,1.301029996,0.342422681,-0.124938737,-0.301029996,-0.301029996,-0.301029996,1.949390007,1.968482949,2.908485019,1.477121255,2.939519253,-0.301029996,-0.22184875,-0.301029996,1,2.591064607,1.397940009,-0.22184875,-0.022276395,0.908485019,0,-0.022276395,0.698970004,0.977723605,-0.301029996,-0.096910013,0.161368002,0.130333768,0.462397998,0.77815125,0.698970004,0.190331698,0.113943352,0.113943352,-0.096910013,#NUM!,#NUM!,#NUM!,#NUM!,#NUM!,#NUM!,#NUM!,#NUM!,#NUM!,#NUM!,#NUM!,#NUM!
JBA124-SW-RIPP-07092021,7/9/2021 0:00,21190,Ripp,Summer,0.5,23.2,1.365487985,6.05,0.781755375,0.2098,-0.678194516,7.63,0.882524538,62,190,330,83,430,21,2.6,0.79,0.5,0.5,0.5,92,93,860,30,1100,0.5,0.6,0.5,9,340,30,0.6,0.9,8.7,0.95,0.9,4.95,9,0.5,0.8,1.4,1.3,2.8,6,5,1.5,1.25,1.25,0.8,,,,,,,,,,,,,3725.09,1.792391689,2.278753601,2.51851394,1.919078092,2.633468456,1.322219295,0.414973348,-0.102372909,-0.301029996,-0.301029996,-0.301029996,1.963787827,1.968482949,2.934498451,1.477121255,3.041392685,-0.301029996,-0.22184875,-0.301029996,0.954242509,2.531478917,1.477121255,-0.22184875,-0.045757491,0.939519253,-0.022276395,-0.045757491,0.694605199,0.954242509,-0.301029996,-0.096910013,0.146128036,0.113943352,0.447158031,0.77815125,0.698970004,0.176091259,0.096910013,0.096910013,-0.096910013,#NUM!,#NUM!,#NUM!,#NUM!,#NUM!,#NUM!,#NUM!,#NUM!,#NUM!,#NUM!,#NUM!,#NUM!
JBA125-SW-DOWN-07092021,7/9/2021 0:00,21190,Down,Summer,0.5,22.7,1.356025857,6.49,0.812244697,0.196,-0.707743929,7.64,0.883093359,58,170,340,82,390,19,2.5,1.1,0.5,0.5,0.5,73,91,780,25,1000,0.5,0.6,0.5,7.8,320,39,0.6,0.9,12,0.95,0.9,5,9,0.5,0.8,1.45,1.35,2.85,6,5,1.55,1.3,1.3,0.8,,,,,,,,,,,,,3453.75,1.763427994,2.230448921,2.531478917,1.913813852,2.591064607,1.278753601,0.397940009,0.041392685,-0.301029996,-0.301029996,-0.301029996,1.86332286,1.959041392,2.892094603,1.397940009,3,-0.301029996,-0.22184875,-0.301029996,0.892094603,2.505149978,1.591064607,-0.22184875,-0.045757491,1.079181246,-0.022276395,-0.045757491,0.698970004,0.954242509,-0.301029996,-0.096910013,0.161368002,0.130333768,0.45484486,0.77815125,0.698970004,0.190331698,0.113943352,0.113943352,-0.096910013,#NUM!,#NUM!,#NUM!,#NUM!,#NUM!,#NUM!,#NUM!,#NUM!,#NUM!,#NUM!,#NUM!,#NUM!
JBA126-SW-EXIT-07092021,7/9/2021 0:00,21190,Exit,Summer,0.5,22.9,1.359835482,6.27,0.797267541,0.1957,-0.708409174,7.67,0.884795364,50,160,310,80,440,20,2.7,1.1,0.5,0.5,0.5,91,100,850,27,1100,0.58,0.6,0.5,7.3,310,37,0.6,0.9,8.7,0.95,0.9,4.95,9,0.5,0.8,1.4,1.3,2.85,6,5,1.5,1.25,1.25,0.8,,,,,,,,,,,,,3637.93,1.698970004,2.204119983,2.491361694,1.903089987,2.643452676,1.301029996,0.431363764,0.041392685,-0.301029996,-0.301029996,-0.301029996,1.959041392,2,2.929418926,1.431363764,3.041392685,-0.236572006,-0.22184875,-0.301029996,0.86332286,2.491361694,1.568201724,-0.22184875,-0.045757491,0.939519253,-0.022276395,-0.045757491,0.694605199,0.954242509,-0.301029996,-0.096910013,0.146128036,0.113943352,0.45484486,0.77815125,0.698970004,0.176091259,0.096910013,0.096910013,-0.096910013,#NUM!,#NUM!,#NUM!,#NUM!,#NUM!,#NUM!,#NUM!,#NUM!,#NUM!,#NUM!,#NUM!,#NUM!
JBA128-SW-SPILL-07122021,7/12/2021 0:00,21193,Spill,Summer,0,21.3,1.328379603,6.49,0.812244697,0.2503,-0.60153915,7.67,0.884795364,84.9,313,550,127,554,20.7,,2.16,,,,135,138,1540,36.4,1580,,,,13,586,35.5,2,2,11,2.5,,,,2.16,,2.16,2.16,2.7,,,2.16,2.16,2.16,2.7,,,,2.16,2.16,,2.7,2.7,2.7,2.16,67.3,,5833.4,1.92890769,2.495544338,2.740362689,2.103803721,2.743509765,1.315970345,#NUM!,0.334453751,#NUM!,#NUM!,#NUM!,2.130333768,2.139879086,3.187520721,1.561101384,3.198657087,#NUM!,#NUM!,#NUM!,1.113943352,2.767897616,1.550228353,0.301029996,0.301029996,1.041392685,0.397940009,#NUM!,#NUM!,#NUM!,0.334453751,#NUM!,0.334453751,0.334453751,0.431363764,#NUM!,#NUM!,0.334453751,0.334453751,0.334453751,0.431363764,#NUM!,#NUM!,#NUM!,0.334453751,0.334453751,#NUM!,0.431363764,0.431363764,0.431363764,0.334453751,1.828015064,#NUM!
JBA129-SW-RIPP-07122021,7/12/2021 0:00,21193,Ripp,Summer,0,21.4,1.330413773,6.4,0.806179974,0.2545,-0.594312213,7.62,0.881954971,110,386,682,165,729,24.1,,2.16,,,,159,166,2120,47.6,1910,,,,16.2,754,37.8,2,2,8.81,2.5,,,,2.16,,2.16,2.16,2.7,,,2.16,2.16,2.16,2.7,,,,2.16,2.16,,2.7,2.7,2.7,2.16,78.4,,7435.51,2.041392685,2.586587305,2.833784375,2.217483944,2.862727528,1.382017043,#NUM!,0.334453751,#NUM!,#NUM!,#NUM!,2.201397124,2.220108088,3.326335861,1.677606953,3.281033367,#NUM!,#NUM!,#NUM!,1.209515015,2.877371346,1.5774918,0.301029996,0.301029996,0.944975908,0.397940009,#NUM!,#NUM!,#NUM!,0.334453751,#NUM!,0.334453751,0.334453751,0.431363764,#NUM!,#NUM!,0.334453751,0.334453751,0.334453751,0.431363764,#NUM!,#NUM!,#NUM!,0.334453751,0.334453751,#NUM!,0.431363764,0.431363764,0.431363764,0.334453751,1.894316063,#NUM!
JBA130-SW-DOWN-07122021,7/12/2021 0:00,21193,Down,Summer,0,21,1.322219295,6.56,0.816903839,0.2575,-0.589222767,7.63,0.882524538,99.3,340,605,147,659,21.3,,2.14,,,,159,153,1990,48.6,1800,,,,14.5,638,29.9,2,2,13.3,2.5,,,,2.14,,2.14,2.14,2.675,,,2.14,2.14,2.14,2.675,,,,2.14,2.14,,2.675,2.675,2.675,2.14,76.7,,6835.875,1.996949248,2.531478917,2.781755375,2.167317335,2.818885415,1.328379603,#NUM!,0.330413773,#NUM!,#NUM!,#NUM!,2.201397124,2.184691431,3.298853076,1.686636269,3.255272505,#NUM!,#NUM!,#NUM!,1.161368002,2.804820679,1.475671188,0.301029996,0.301029996,1.123851641,0.397940009,#NUM!,#NUM!,#NUM!,0.330413773,#NUM!,0.330413773,0.330413773,0.427323786,#NUM!,#NUM!,0.330413773,0.330413773,0.330413773,0.427323786,#NUM!,#NUM!,#NUM!,0.330413773,0.330413773,#NUM!,0.427323786,0.427323786,0.427323786,0.330413773,1.884795364,#NUM!
JBA131-SW-EXIT-07122021,7/12/2021 0:00,21193,Exit,Summer,0,21.3,1.328379603,6.35,0.802773725,0.2576,-0.589054141,7.67,0.884795364,94.7,339,646,151,666,20.8,,2.12,,,,151,154,1870,45.9,1750,,,,13.3,674,25.2,2,2,6.8,2.5,,,,2.12,,2.12,2.12,2.655,,,2.12,2.12,2.12,2.655,,,,2.12,2.12,,2.655,2.655,2.655,2.12,75.2,,6723.875,1.976349979,2.530199698,2.810232518,2.178976947,2.823474229,1.318063335,#NUM!,0.326335861,#NUM!,#NUM!,#NUM!,2.178976947,2.187520721,3.271841607,1.661812686,3.243038049,#NUM!,#NUM!,#NUM!,1.123851641,2.828659897,1.401400541,0.301029996,0.301029996,0.832508913,0.397940009,#NUM!,#NUM!,#NUM!,0.326335861,#NUM!,0.326335861,0.326335861,0.424064525,#NUM!,#NUM!,0.326335861,0.326335861,0.326335861,0.424064525,#NUM!,#NUM!,#NUM!,0.326335861,0.326335861,#NUM!,0.424064525,0.424064525,0.424064525,0.326335861,1.876217841,#NUM!
JBA133-SW-SPILL-07142021,7/14/2021 0:00,21195,Spill,Summer,0,23,1.361727836,6.61,0.820201459,0.2567,-0.590574131,7.65,0.883661435,120,340,800,180,1000,38,1.8,0.56,0.55,0.55,0.55,190,250,1700,63,1700,0.55,0.65,0.55,18,640,35,0.65,0.95,8.7,1,0.95,5,9.5,0.72,0.85,1.45,1.35,2.95,6.5,5.5,1.6,1.3,1.3,0.85,,,,,,,,,,,,,7130.88,2.079181246,2.531478917,2.903089987,2.255272505,3,1.579783597,0.255272505,-0.251811973,-0.259637311,-0.259637311,-0.259637311,2.278753601,2.397940009,3.230448921,1.799340549,3.230448921,-0.259637311,-0.187086643,-0.259637311,1.255272505,2.806179974,1.544068044,-0.187086643,-0.022276395,0.939519253,0,-0.022276395,0.698970004,0.977723605,-0.142667504,-0.070581074,0.161368002,0.130333768,0.469822016,0.812913357,0.740362689,0.204119983,0.113943352,0.113943352,-0.070581074,#NUM!,#NUM!,#NUM!,#NUM!,#NUM!,#NUM!,#NUM!,#NUM!,#NUM!,#NUM!,#NUM!,#NUM!
JBA134-SW-RIPP-07142021,7/14/2021 0:00,21195,Ripp,Summer,0,22.9,1.359835482,6.43,0.808210973,0.2582,-0.588043762,7.59,0.880241776,110,390,760,180,950,33,1.5,0.5,0.5,0.5,0.5,190,220,1900,53,1800,0.5,0.65,0.5,16,510,32,0.65,0.95,7.7,1,0.95,5,9.5,0.52,0.85,1.45,1.35,2.9,6.5,5,1.55,1.3,1.3,0.85,,,,,,,,,,,,,7198.47,2.041392685,2.591064607,2.880813592,2.255272505,2.977723605,1.51851394,0.176091259,-0.301029996,-0.301029996,-0.301029996,-0.301029996,2.278753601,2.342422681,3.278753601,1.72427587,3.255272505,-0.301029996,-0.187086643,-0.301029996,1.204119983,2.707570176,1.505149978,-0.187086643,-0.022276395,0.886490725,0,-0.022276395,0.698970004,0.977723605,-0.283996656,-0.070581074,0.161368002,0.130333768,0.462397998,0.812913357,0.698970004,0.190331698,0.113943352,0.113943352,-0.070581074,#NUM!,#NUM!,#NUM!,#NUM!,#NUM!,#NUM!,#NUM!,#NUM!,#NUM!,#NUM!,#NUM!,#NUM!
JBA135-SW-DOWN-07142021,7/14/2021 0:00,21195,Down,Summer,0,22.3,1.348304863,6.9,0.838849091,0.2585,-0.587539453,7.61,0.881384657,120,400,780,190,1100,32,1.7,0.65,0.5,0.5,0.5,210,250,1900,55,1900,0.5,0.6,0.5,21,650,27,0.6,0.9,7.7,0.95,0.9,4.95,9,0.5,0.8,1.4,1.3,2.85,6,5,1.5,1.25,1.25,0.8,,,,,,,,,,,,,7688.1,2.079181246,2.602059991,2.892094603,2.278753601,3.041392685,1.505149978,0.230448921,-0.187086643,-0.301029996,-0.301029996,-0.301029996,2.322219295,2.397940009,3.278753601,1.740362689,3.278753601,-0.301029996,-0.22184875,-0.301029996,1.322219295,2.812913357,1.431363764,-0.22184875,-0.045757491,0.886490725,-0.022276395,-0.045757491,0.694605199,0.954242509,-0.301029996,-0.096910013,0.146128036,0.113943352,0.45484486,0.77815125,0.698970004,0.176091259,0.096910013,0.096910013,-0.096910013,#NUM!,#NUM!,#NUM!,#NUM!,#NUM!,#NUM!,#NUM!,#NUM!,#NUM!,#NUM!,#NUM!,#NUM!
JBA136-SW-EXIT-07142021,7/14/2021 0:00,21195,Exit,Summer,0,22.7,1.356025857,6.47,0.810904281,0.2584,-0.587707491,7.68,0.88536122,120,340,760,170,860,36,1.5,0.54,0.5,0.5,0.5,220,210,1800,63,1900,0.5,0.6,0.5,20,900,29,0.6,0.9,7.7,0.95,0.9,4.9,9,0.54,0.8,1.4,1.3,2.8,6,5,1.5,1.25,1.25,0.8,,,,,,,,,,,,,7480.73,2.079181246,2.531478917,2.880813592,2.230448921,2.934498451,1.556302501,0.176091259,-0.26760624,-0.301029996,-0.301029996,-0.301029996,2.342422681,2.322219295,3.255272505,1.799340549,3.278753601,-0.301029996,-0.22184875,-0.301029996,1.301029996,2.954242509,1.462397998,-0.22184875,-0.045757491,0.886490725,-0.022276395,-0.045757491,0.69019608,0.954242509,-0.26760624,-0.096910013,0.146128036,0.113943352,0.447158031,0.77815125,0.698970004,0.176091259,0.096910013,0.096910013,-0.096910013,#NUM!,#NUM!,#NUM!,#NUM!,#NUM!,#NUM!,#NUM!,#NUM!,#NUM!,#NUM!,#NUM!,#NUM!
JBA138-SW-SPILL-07162021,7/16/2021 0:00,21197,Spill,Summer,0,20,1.301029996,6.46,0.810232518,0.2589,-0.58686795,7.63,0.882524538,105,348,616,144,700,19,,2.11,,,,175,180,1960,46.2,1590,,,,13.3,633,18,2,2,8.78,2.5,,,,2.11,,2.11,2.11,2.635,,,2.11,2.11,2.11,2.635,,,,2.11,2.11,,2.635,2.635,2.635,2.11,97.7,,6694.755,2.021189299,2.541579244,2.789580712,2.158362492,2.84509804,1.278753601,#NUM!,0.324282455,#NUM!,#NUM!,#NUM!,2.243038049,2.255272505,3.292256071,1.664641976,3.201397124,#NUM!,#NUM!,#NUM!,1.123851641,2.80140371,1.255272505,0.301029996,0.301029996,0.943494516,0.397940009,#NUM!,#NUM!,#NUM!,0.324282455,#NUM!,0.324282455,0.324282455,0.42078062,#NUM!,#NUM!,0.324282455,0.324282455,0.324282455,0.42078062,#NUM!,#NUM!,#NUM!,0.324282455,0.324282455,#NUM!,0.42078062,0.42078062,0.42078062,0.324282455,1.989894564,#NUM!
JBA139-SW-RIPP-07162021,7/16/2021 0:00,21197,Ripp,Summer,0,20.2,1.305351369,6.2,0.792391689,0.2598,-0.585360853,7.62,0.881954971,96.4,327,626,158,696,20.7,,2.155,,,,156,161,1870,47.7,1700,,,,13.1,631,20.2,2,2,20.9,2.5,,,,2.155,,2.155,2.155,2.69,,,2.155,2.155,2.155,2.69,,,,2.155,2.155,,2.69,2.69,2.69,2.155,78.4,,6663.9,1.984077034,2.514547753,2.796574333,2.198657087,2.84260924,1.315970345,#NUM!,0.333447274,#NUM!,#NUM!,#NUM!,2.193124598,2.206825876,3.271841607,1.678518379,3.230448921,#NUM!,#NUM!,#NUM!,1.117271296,2.800029359,1.305351369,0.301029996,0.301029996,1.320146286,0.397940009,#NUM!,#NUM!,#NUM!,0.333447274,#NUM!,0.333447274,0.333447274,0.42975228,#NUM!,#NUM!,0.333447274,0.333447274,0.333447274,0.42975228,#NUM!,#NUM!,#NUM!,0.333447274,0.333447274,#NUM!,0.42975228,0.42975228,0.42975228,0.333447274,1.894316063,#NUM!
JBA140-SW-DOWN-07162021,7/16/2021 0:00,21197,Down,Summer,0,20.3,1.307496038,6.2,0.792391689,0.232,-0.634512015,7.75,0.889301703,100,322,599,145,661,18.2,,2.2,,,,159,167,2100,44.4,1690,,,,13.2,627,19.6,2,2,12,2.5,,,,2.2,,2.2,2.2,2.75,,,2.2,2.2,2.2,2.75,,,,2.2,2.2,,2.75,2.75,2.75,2.2,78.5,,6798.15,2,2.507855872,2.777426822,2.161368002,2.820201459,1.260071388,#NUM!,0.342422681,#NUM!,#NUM!,#NUM!,2.201397124,2.222716471,3.322219295,1.64738297,3.227886705,#NUM!,#NUM!,#NUM!,1.120573931,2.797267541,1.292256071,0.301029996,0.301029996,1.079181246,0.397940009,#NUM!,#NUM!,#NUM!,0.342422681,#NUM!,0.342422681,0.342422681,0.439332694,#NUM!,#NUM!,0.342422681,0.342422681,0.342422681,0.439332694,#NUM!,#NUM!,#NUM!,0.342422681,0.342422681,#NUM!,0.439332694,0.439332694,0.439332694,0.342422681,1.894869657,#NUM!
JBA141-SW-EXIT-07162021,7/16/2021 0:00,21197,Exit,Summer,0,20.2,1.305351369,6.36,0.803457116,0.259,-0.586700236,7.65,0.883661435,93.9,320,584,142,711,22,,2.145,,,,147,154,1920,50.8,1580,,,,13,587,20.5,2,2,8.9,2.5,,,,2.145,,2.145,2.145,2.68,,,2.145,2.145,2.145,2.68,,,,2.145,2.145,,2.68,2.68,2.68,2.145,74.1,,6469.55,1.972665592,2.505149978,2.766412847,2.152288344,2.851869601,1.342422681,#NUM!,0.331427297,#NUM!,#NUM!,#NUM!,2.167317335,2.187520721,3.283301229,1.705863712,3.198657087,#NUM!,#NUM!,#NUM!,1.113943352,2.768638101,1.311753861,0.301029996,0.301029996,0.949390007,0.397940009,#NUM!,#NUM!,#NUM!,0.331427297,#NUM!,0.331427297,0.331427297,0.428134794,#NUM!,#NUM!,0.331427297,0.331427297,0.331427297,0.428134794,#NUM!,#NUM!,#NUM!,0.331427297,0.331427297,#NUM!,0.428134794,0.428134794,0.428134794,0.331427297,1.869818208,#NUM!
