Sample ID,SampleDate,Location,Seasonality,PFBA,PFPeA,PFHxA,PFHpA,PFOA,PFNA,PFDA,PFUnA,PFDoA,PFTrDA,PFTeDA,PFBS,PFPeS,PFHxS,PFHpS,PFOS,PFNS,PFDS,PFDoS,4:2 FTS,6:2 FTS,8:2 FTS,FOSA,N-MeFOSA,N-MeFOSAA,N-EtFOSAA,ADONA,3:3 FTCA,5:3 FTCA,7:3 FTCA,N-EtFOSA,N-MeFOSE,N-EtFOSE,HFPO-DA,PFMBA,NFDHA,9Cl-PF3ONS,11Cl-PF3OUdS,PFEESA,PFMPA,SumPFAS,log_PFBA,log_PFPeA,log_PFHxA,log_PFHpA,log_PFOA,log_PFNA,log_PFDA,log_PFUnA,log_PFDoA,log_PFTrDA,log_PFTeDA,log_PFBS,log_PFPeS,log_PFHxS,log_PFHpS,log_PFOS,log_PFNS,log_PFDS,log_PFDoS,log_4:2 FTS,log_6:2 FTS,log_8:2 FTS,log_FOSA,log_N-MeFOSA,log_N-MeFOSAA,log_N-EtFOSAA,log_ADONA,log_3:3 FTCA,log_5:3 FTCA,log_7:3 FTCA,log_N-EtFOSA,log_N-MeFOSE,log_N-EtFOSE,log_HFPO-DA,log_PFMBA,log_NFDHA,log_9Cl-PF3ONS,log_11Cl-PF3OUdS,log_PFEESA,log_PFMPA
JBA037-SED-SPILL-03302021,3/30/2021 0:00,Spill,Spring,0.2,0.1,0.16,0.09,0.4,0.05,0.05,0.05,0.05,0.05,0.05,0.05,0.05,0.34,0.05,0.94,0.05,0.05,0.05,0.2,0.4,0.4,0.09,0.05,0.05,0.05,0.2,0.25,1.25,1.25,0.05,0.5,0.5,0.3,0.1,0.1,0.2,0.2,0.1,0.1,9.17,-0.698970004,-1,-0.795880017,-1.045757491,-0.397940009,-1.301029996,-1.301029996,-1.301029996,-1.301029996,-1.301029996,-1.301029996,-1.301029996,-1.301029996,-0.468521083,-1.301029996,-0.026872146,-1.301029996,-1.301029996,-1.301029996,-0.698970004,-0.397940009,-0.397940009,-1.045757491,-1.301029996,-1.301029996,-1.301029996,-0.698970004,-0.602059991,0.096910013,0.096910013,-1.301029996,-0.301029996,-0.301029996,-0.522878745,-1,-1,-0.698970004,-0.698970004,-1,-1
JBA038-SED-RIPP-03302021,3/30/2021 0:00,Ripp,Spring,0.2,0.1,0.09,0.09,0.068,0.0495,0.0495,0.0495,0.0495,0.0495,0.0495,0.0495,0.0495,0.21,0.0495,1.2,0.0495,0.0495,0.0495,0.2,0.395,0.395,0.14,0.0495,0.0495,0.0495,0.2,0.245,1.25,1.25,0.0495,0.495,0.495,0.295,0.1,0.1,0.2,0.2,0.1,0.1,8.91,-0.698970004,-1,-1.045757491,-1.045757491,-1.167491087,-1.305394801,-1.305394801,-1.305394801,-1.305394801,-1.305394801,-1.305394801,-1.305394801,-1.305394801,-0.677780705,-1.305394801,0.079181246,-1.305394801,-1.305394801,-1.305394801,-0.698970004,-0.403402904,-0.403402904,-0.853871964,-1.305394801,-1.305394801,-1.305394801,-0.698970004,-0.610833916,0.096910013,0.096910013,-1.305394801,-0.305394801,-0.305394801,-0.530177984,-1,-1,-0.698970004,-0.698970004,-1,-1
JBA039-SED-DOWN-03302021,3/30/2021 0:00,Down,Spring,0.2,0.1,0.09,0.09,0.1,0.05,0.05,0.05,0.05,0.05,0.05,0.05,0.05,0.34,0.05,1.3,0.05,0.05,0.05,0.2,0.4,0.4,0.09,0.05,0.05,0.05,0.2,0.25,1.25,1.25,0.05,0.5,0.5,0.3,0.1,0.1,0.2,0.2,0.1,0.1,9.16,-0.698970004,-1,-1.045757491,-1.045757491,-1,-1.301029996,-1.301029996,-1.301029996,-1.301029996,-1.301029996,-1.301029996,-1.301029996,-1.301029996,-0.468521083,-1.301029996,0.113943352,-1.301029996,-1.301029996,-1.301029996,-0.698970004,-0.397940009,-0.397940009,-1.045757491,-1.301029996,-1.301029996,-1.301029996,-0.698970004,-0.602059991,0.096910013,0.096910013,-1.301029996,-0.301029996,-0.301029996,-0.522878745,-1,-1,-0.698970004,-0.698970004,-1,-1
JBA040-SED-EXIT-03302021,3/30/2021 0:00,Exit,Spring,0.2,0.1,0.09,0.09,0.14,0.05,0.05,0.05,0.05,0.05,0.05,0.05,0.05,0.18,0.05,0.78,0.05,0.05,0.05,0.2,0.4,0.4,0.09,0.05,0.05,0.05,0.2,0.25,1.25,1.25,0.05,0.5,0.5,0.3,0.1,0.1,0.2,0.2,0.1,0.1,8.52,-0.698970004,-1,-1.045757491,-1.045757491,-0.853871964,-1.301029996,-1.301029996,-1.301029996,-1.301029996,-1.301029996,-1.301029996,-1.301029996,-1.301029996,-0.744727495,-1.301029996,-0.107905397,-1.301029996,-1.301029996,-1.301029996,-0.698970004,-0.397940009,-0.397940009,-1.045757491,-1.301029996,-1.301029996,-1.301029996,-0.698970004,-0.602059991,0.096910013,0.096910013,-1.301029996,-0.301029996,-0.301029996,-0.522878745,-1,-1,-0.698970004,-0.698970004,-1,-1
JBA041-SED-SPILL-04022021,4/2/2021 0:00,Spill,Spring,0.08,0.04,0.17,0.02,0.332,0.066,0.02,0.02,0.02,0.02,0.02,0.02,0.02,0.33,0.02,0.972,0.02,0.02,0.02,0.08,0.08,0.08,0.02,0.02,0.02,0.02,0.08,0.08,0.5,0.5,,,,,,,,,,,3.71,-1.096910013,-1.397940009,-0.769551079,-1.698970004,-0.478861916,-1.180456064,-1.698970004,-1.698970004,-1.698970004,-1.698970004,-1.698970004,-1.698970004,-1.698970004,-0.48148606,-1.698970004,-0.012333735,-1.698970004,-1.698970004,-1.698970004,-1.096910013,-1.096910013,-1.096910013,-1.698970004,-1.698970004,-1.698970004,-1.698970004,-1.096910013,-1.096910013,-0.301029996,-0.301029996,#NUM!,#NUM!,#NUM!,#NUM!,#NUM!,#NUM!,#NUM!,#NUM!,#NUM!,#NUM!
JBA042-SED-RIPP-04022021,4/2/2021 0:00,Ripp,Spring,0.08,0.106,0.321,0.038,0.092,0.05,0.02,0.037,0.033,0.02,0.02,0.02,0.02,0.19,0.02,1.04,0.02,0.02,0.02,0.08,0.151,0.08,0.18,0.02,0.02,0.02,0.08,0.08,0.5,0.5,,,,,,,,,,,3.878,-1.096910013,-0.974694135,-0.493494968,-1.420216403,-1.036212173,-1.301029996,-1.698970004,-1.431798276,-1.48148606,-1.698970004,-1.698970004,-1.698970004,-1.698970004,-0.721246399,-1.698970004,0.017033339,-1.698970004,-1.698970004,-1.698970004,-1.096910013,-0.821023053,-1.096910013,-0.744727495,-1.698970004,-1.698970004,-1.698970004,-1.096910013,-1.096910013,-0.301029996,-0.301029996,#NUM!,#NUM!,#NUM!,#NUM!,#NUM!,#NUM!,#NUM!,#NUM!,#NUM!,#NUM!
JBA043-SED-DOWN-04022021,4/2/2021 0:00,Down,Spring,0.08,0.091,0.28,0.039,0.127,0.053,0.02,0.02,0.02,0.02,0.02,0.02,0.02,0.49,0.02,1.71,0.02,0.02,0.02,0.08,0.455,0.176,0.142,0.02,0.02,0.02,0.08,0.08,0.5,0.5,,,,,,,,,,,5.163,-1.096910013,-1.040958608,-0.552841969,-1.408935393,-0.896196279,-1.27572413,-1.698970004,-1.698970004,-1.698970004,-1.698970004,-1.698970004,-1.698970004,-1.698970004,-0.30980392,-1.698970004,0.23299611,-1.698970004,-1.698970004,-1.698970004,-1.096910013,-0.341988603,-0.754487332,-0.847711656,-1.698970004,-1.698970004,-1.698970004,-1.096910013,-1.096910013,-0.301029996,-0.301029996,#NUM!,#NUM!,#NUM!,#NUM!,#NUM!,#NUM!,#NUM!,#NUM!,#NUM!,#NUM!
JBA044-SED-EXIT-04022021,4/2/2021 0:00,Exit,Spring,0.08,0.04,0.02,0.02,0.044,0.02,0.02,0.02,0.02,0.02,0.02,0.02,0.02,0.082,0.02,0.653,0.02,0.02,0.02,0.08,0.08,0.08,0.044,0.02,0.02,0.02,0.08,0.08,0.5,0.5,,,,,,,,,,,2.683,-1.096910013,-1.397940009,-1.698970004,-1.698970004,-1.356547324,-1.698970004,-1.698970004,-1.698970004,-1.698970004,-1.698970004,-1.698970004,-1.698970004,-1.698970004,-1.086186148,-1.698970004,-0.185086819,-1.698970004,-1.698970004,-1.698970004,-1.096910013,-1.096910013,-1.096910013,-1.356547324,-1.698970004,-1.698970004,-1.698970004,-1.096910013,-1.096910013,-0.301029996,-0.301029996,#NUM!,#NUM!,#NUM!,#NUM!,#NUM!,#NUM!,#NUM!,#NUM!,#NUM!,#NUM!
JBA045-SED-SPILL-04072021,4/7/2021 12:00,Spill,Spring,0.195,0.1,0.17,0.09,0.41,0.049,0.049,0.049,0.049,0.049,0.049,0.049,0.049,0.43,0.049,1.2,0.049,0.049,0.049,0.195,0.395,0.395,0.09,0.049,0.049,0.049,0.195,0.245,1.25,1.25,0.049,0.49,0.49,0.295,0.1,0.1,0.195,0.195,0.1,0.1,9.459,-0.709965389,-1,-0.769551079,-1.045757491,-0.387216143,-1.30980392,-1.30980392,-1.30980392,-1.30980392,-1.30980392,-1.30980392,-1.30980392,-1.30980392,-0.366531544,-1.30980392,0.079181246,-1.30980392,-1.30980392,-1.30980392,-0.709965389,-0.403402904,-0.403402904,-1.045757491,-1.30980392,-1.30980392,-1.30980392,-0.709965389,-0.610833916,0.096910013,0.096910013,-1.30980392,-0.30980392,-0.30980392,-0.530177984,-1,-1,-0.709965389,-0.709965389,-1,-1
JBA046-SED-RIPP-04072021,4/7/2021 12:00,Ripp,Spring,0.2,0.1,0.09,0.09,0.11,0.05,0.05,0.05,0.05,0.05,0.05,0.05,0.05,0.22,0.05,1.3,0.05,0.05,0.05,0.2,0.4,0.4,0.09,0.05,0.05,0.05,0.2,0.25,1.25,1.25,0.05,0.5,0.5,0.3,0.1,0.1,0.2,0.2,0.1,0.1,9.05,-0.698970004,-1,-1.045757491,-1.045757491,-0.958607315,-1.301029996,-1.301029996,-1.301029996,-1.301029996,-1.301029996,-1.301029996,-1.301029996,-1.301029996,-0.657577319,-1.301029996,0.113943352,-1.301029996,-1.301029996,-1.301029996,-0.698970004,-0.397940009,-0.397940009,-1.045757491,-1.301029996,-1.301029996,-1.301029996,-0.698970004,-0.602059991,0.096910013,0.096910013,-1.301029996,-0.301029996,-0.301029996,-0.522878745,-1,-1,-0.698970004,-0.698970004,-1,-1
JBA047-SED-DOWN-04072021,4/7/2021 12:00,Down,Spring,0.2,0.1,0.09,0.09,0.067,0.0495,0.0495,0.0495,0.0495,0.0495,0.0495,0.0495,0.0495,0.29,0.0495,1,0.0495,0.0495,0.0495,0.2,0.395,0.395,0.09,0.0495,0.0495,0.0495,0.2,0.245,1.25,1.25,0.0495,0.495,0.495,0.295,0.1,0.1,0.2,0.2,0.1,0.1,8.739,-0.698970004,-1,-1.045757491,-1.045757491,-1.173925197,-1.305394801,-1.305394801,-1.305394801,-1.305394801,-1.305394801,-1.305394801,-1.305394801,-1.305394801,-0.537602002,-1.305394801,0,-1.305394801,-1.305394801,-1.305394801,-0.698970004,-0.403402904,-0.403402904,-1.045757491,-1.305394801,-1.305394801,-1.305394801,-0.698970004,-0.610833916,0.096910013,0.096910013,-1.305394801,-0.305394801,-0.305394801,-0.530177984,-1,-1,-0.698970004,-0.698970004,-1,-1
JBA048-SED-EXIT-04072021,4/7/2021 12:00,Exit,Spring,0.2,0.1,0.09,0.09,0.082,0.0495,0.0495,0.0495,0.0495,0.0495,0.0495,0.0495,0.0495,0.22,0.0495,0.69,0.0495,0.0495,0.0495,0.2,0.395,0.395,0.09,0.0495,0.0495,0.0495,0.2,0.25,1.25,1.25,0.0495,0.495,0.495,0.3,0.1,0.1,0.2,0.2,0.1,0.1,8.384,-0.698970004,-1,-1.045757491,-1.045757491,-1.086186148,-1.305394801,-1.305394801,-1.305394801,-1.305394801,-1.305394801,-1.305394801,-1.305394801,-1.305394801,-0.657577319,-1.305394801,-0.161150909,-1.305394801,-1.305394801,-1.305394801,-0.698970004,-0.403402904,-0.403402904,-1.045757491,-1.305394801,-1.305394801,-1.305394801,-0.698970004,-0.602059991,0.096910013,0.096910013,-1.305394801,-0.305394801,-0.305394801,-0.522878745,-1,-1,-0.698970004,-0.698970004,-1,-1
JBA053-SED-SPILL-04132021,4/13/2021 12:00,Spill,Spring,0.2,0.1,0.19,0.09,0.37,0.0495,0.0495,0.0495,0.0495,0.0495,0.0495,0.0495,0.0495,0.5,0.0495,1.1,0.0495,0.0495,0.0495,0.2,0.4,0.4,0.09,0.0495,0.0495,0.0495,0.2,0.25,1.25,1.25,0.0495,0.495,0.495,0.3,0.1,0.1,0.2,0.2,0.1,0.1,9.472,-0.698970004,-1,-0.721246399,-1.045757491,-0.431798276,-1.305394801,-1.305394801,-1.305394801,-1.305394801,-1.305394801,-1.305394801,-1.305394801,-1.305394801,-0.301029996,-1.305394801,0.041392685,-1.305394801,-1.305394801,-1.305394801,-0.698970004,-0.397940009,-0.397940009,-1.045757491,-1.305394801,-1.305394801,-1.305394801,-0.698970004,-0.602059991,0.096910013,0.096910013,-1.305394801,-0.305394801,-0.305394801,-0.522878745,-1,-1,-0.698970004,-0.698970004,-1,-1
JBA054-SED-RIPP-04132021,4/13/2021 12:00,Ripp,Spring,0.195,0.1,0.094,0.09,0.1,0.049,0.049,0.049,0.049,0.049,0.049,0.049,0.049,0.24,0.049,1.3,0.049,0.049,0.049,0.195,0.395,0.395,0.11,0.049,0.049,0.049,0.195,0.245,1.25,1.25,0.049,0.49,0.49,0.295,0.1,0.1,0.195,0.195,0.1,0.1,9.003,-0.709965389,-1,-1.026872146,-1.045757491,-1,-1.30980392,-1.30980392,-1.30980392,-1.30980392,-1.30980392,-1.30980392,-1.30980392,-1.30980392,-0.619788758,-1.30980392,0.113943352,-1.30980392,-1.30980392,-1.30980392,-0.709965389,-0.403402904,-0.403402904,-0.958607315,-1.30980392,-1.30980392,-1.30980392,-0.709965389,-0.610833916,0.096910013,0.096910013,-1.30980392,-0.30980392,-0.30980392,-0.530177984,-1,-1,-0.709965389,-0.709965389,-1,-1
JBA055-SED-DOWN-04132021,4/13/2021 12:00,Down,Spring,0.195,0.1,0.09,0.09,0.08,0.0495,0.0495,0.0495,0.0495,0.0495,0.0495,0.0495,0.0495,0.22,0.0495,1.2,0.0495,0.0495,0.0495,0.195,0.395,0.395,0.09,0.0495,0.0495,0.0495,0.195,0.245,1.25,1.25,0.0495,0.495,0.495,0.295,0.1,0.1,0.195,0.195,0.1,0.1,8.857,-0.709965389,-1,-1.045757491,-1.045757491,-1.096910013,-1.305394801,-1.305394801,-1.305394801,-1.305394801,-1.305394801,-1.305394801,-1.305394801,-1.305394801,-0.657577319,-1.305394801,0.079181246,-1.305394801,-1.305394801,-1.305394801,-0.709965389,-0.403402904,-0.403402904,-1.045757491,-1.305394801,-1.305394801,-1.305394801,-0.709965389,-0.610833916,0.096910013,0.096910013,-1.305394801,-0.305394801,-0.305394801,-0.530177984,-1,-1,-0.709965389,-0.709965389,-1,-1
JBA056-SED-EXIT-04132021,4/13/2021 12:00,Exit,Spring,0.2,0.1,0.09,0.09,0.091,0.0495,0.0495,0.0495,0.0495,0.0495,0.0495,0.0495,0.0495,0.18,0.0495,0.6,0.0495,0.0495,0.0495,0.2,0.395,0.395,0.09,0.0495,0.0495,0.0495,0.2,0.25,1.25,1.25,0.0495,0.495,0.495,0.295,0.1,0.1,0.2,0.2,0.1,0.1,8.258,-0.698970004,-1,-1.045757491,-1.045757491,-1.040958608,-1.305394801,-1.305394801,-1.305394801,-1.305394801,-1.305394801,-1.305394801,-1.305394801,-1.305394801,-0.744727495,-1.305394801,-0.22184875,-1.305394801,-1.305394801,-1.305394801,-0.698970004,-0.403402904,-0.403402904,-1.045757491,-1.305394801,-1.305394801,-1.305394801,-0.698970004,-0.602059991,0.096910013,0.096910013,-1.305394801,-0.305394801,-0.305394801,-0.530177984,-1,-1,-0.698970004,-0.698970004,-1,-1
JBA057-SED-SPILL-04152021,4/15/2021 12:00,Spill,Spring,0.195,0.1,0.13,0.09,0.26,0.049,0.049,0.049,0.049,0.049,0.049,0.049,0.049,0.28,0.049,0.79,0.049,0.049,0.049,0.195,0.395,0.395,0.09,0.049,0.049,0.049,0.195,0.245,1.25,1.25,0.049,0.49,0.49,0.295,0.1,0.1,0.195,0.195,0.1,0.1,8.709,-0.709965389,-1,-0.886056648,-1.045757491,-0.585026652,-1.30980392,-1.30980392,-1.30980392,-1.30980392,-1.30980392,-1.30980392,-1.30980392,-1.30980392,-0.552841969,-1.30980392,-0.102372909,-1.30980392,-1.30980392,-1.30980392,-0.709965389,-0.403402904,-0.403402904,-1.045757491,-1.30980392,-1.30980392,-1.30980392,-0.709965389,-0.610833916,0.096910013,0.096910013,-1.30980392,-0.30980392,-0.30980392,-0.530177984,-1,-1,-0.709965389,-0.709965389,-1,-1
JBA058-SED-RIPP-04152021,4/15/2021 12:00,Ripp,Spring,0.2,0.1,0.092,0.09,0.1,0.0495,0.0495,0.0495,0.0495,0.38,0.0495,0.0495,0.0495,0.35,0.0495,2.2,0.0495,0.0495,0.0495,0.2,0.395,0.395,0.13,0.0495,0.0495,0.0495,0.2,0.245,1.25,1.25,0.0495,0.495,0.495,0.295,0.1,0.1,0.2,0.2,0.1,0.1,10.4045,-0.698970004,-1,-1.036212173,-1.045757491,-1,-1.305394801,-1.305394801,-1.305394801,-1.305394801,-0.420216403,-1.305394801,-1.305394801,-1.305394801,-0.455931956,-1.305394801,0.342422681,-1.305394801,-1.305394801,-1.305394801,-0.698970004,-0.403402904,-0.403402904,-0.886056648,-1.305394801,-1.305394801,-1.305394801,-0.698970004,-0.610833916,0.096910013,0.096910013,-1.305394801,-0.305394801,-0.305394801,-0.530177984,-1,-1,-0.698970004,-0.698970004,-1,-1
JBA059-SED-DOWN-04152021,4/15/2021 12:00,Down,Spring,0.2,0.1,0.09,0.09,0.12,0.0495,0.0495,0.0495,0.0495,0.0495,0.0495,0.0495,0.0495,0.22,0.0495,1.2,0.0495,0.0495,0.0495,0.2,0.395,0.395,0.09,0.0495,0.0495,0.0495,0.2,0.25,1.25,1.25,0.0495,0.495,0.495,0.3,0.1,0.1,0.2,0.2,0.1,0.1,8.932,-0.698970004,-1,-1.045757491,-1.045757491,-0.920818754,-1.305394801,-1.305394801,-1.305394801,-1.305394801,-1.305394801,-1.305394801,-1.305394801,-1.305394801,-0.657577319,-1.305394801,0.079181246,-1.305394801,-1.305394801,-1.305394801,-0.698970004,-0.403402904,-0.403402904,-1.045757491,-1.305394801,-1.305394801,-1.305394801,-0.698970004,-0.602059991,0.096910013,0.096910013,-1.305394801,-0.305394801,-0.305394801,-0.522878745,-1,-1,-0.698970004,-0.698970004,-1,-1
JBA060-SED-EXIT-04152021,4/15/2021 12:00,Exit,Spring,0.2,0.1,0.09,0.09,0.12,0.05,0.05,0.05,0.05,0.05,0.05,0.05,0.05,0.28,0.05,0.96,0.05,0.05,0.05,0.2,0.4,0.4,0.09,0.05,0.05,0.05,0.2,0.25,1.25,1.25,0.05,0.5,0.5,0.3,0.1,0.1,0.2,0.2,0.1,0.1,8.78,-0.698970004,-1,-1.045757491,-1.045757491,-0.920818754,-1.301029996,-1.301029996,-1.301029996,-1.301029996,-1.301029996,-1.301029996,-1.301029996,-1.301029996,-0.552841969,-1.301029996,-0.017728767,-1.301029996,-1.301029996,-1.301029996,-0.698970004,-0.397940009,-0.397940009,-1.045757491,-1.301029996,-1.301029996,-1.301029996,-0.698970004,-0.602059991,0.096910013,0.096910013,-1.301029996,-0.301029996,-0.301029996,-0.522878745,-1,-1,-0.698970004,-0.698970004,-1,-1
JBA061-SED-SPILL-04222021,4/22/2021 12:00,Spill,Spring,0.195,0.1,0.13,0.09,0.33,0.0495,0.0495,0.0495,0.0495,0.0495,0.0495,0.0495,0.0495,0.37,0.0495,1.2,0.0495,0.0495,0.0495,0.195,0.395,0.395,0.09,0.0495,0.0495,0.0495,0.195,0.245,1.25,1.25,0.0495,0.495,0.495,0.295,0.1,0.1,0.195,0.195,0.1,0.1,9.297,-0.709965389,-1,-0.886056648,-1.045757491,-0.48148606,-1.305394801,-1.305394801,-1.305394801,-1.305394801,-1.305394801,-1.305394801,-1.305394801,-1.305394801,-0.431798276,-1.305394801,0.079181246,-1.305394801,-1.305394801,-1.305394801,-0.709965389,-0.403402904,-0.403402904,-1.045757491,-1.305394801,-1.305394801,-1.305394801,-0.709965389,-0.610833916,0.096910013,0.096910013,-1.305394801,-0.305394801,-0.305394801,-0.530177984,-1,-1,-0.709965389,-0.709965389,-1,-1
JBA062-SED-RIPP-04222021,4/22/2021 12:00,Ripp,Spring,0.195,0.1,0.09,0.09,0.11,0.049,0.049,0.049,0.049,0.049,0.049,0.049,0.049,0.51,0.049,3.4,0.049,0.049,0.049,0.195,0.395,0.395,0.093,0.049,0.049,0.049,0.195,0.245,1.25,1.25,0.049,0.49,0.49,0.295,0.1,0.1,0.195,0.195,0.1,0.1,11.362,-0.709965389,-1,-1.045757491,-1.045757491,-0.958607315,-1.30980392,-1.30980392,-1.30980392,-1.30980392,-1.30980392,-1.30980392,-1.30980392,-1.30980392,-0.292429824,-1.30980392,0.531478917,-1.30980392,-1.30980392,-1.30980392,-0.709965389,-0.403402904,-0.403402904,-1.031517051,-1.30980392,-1.30980392,-1.30980392,-0.709965389,-0.610833916,0.096910013,0.096910013,-1.30980392,-0.30980392,-0.30980392,-0.530177984,-1,-1,-0.709965389,-0.709965389,-1,-1
JBA063-SED-DOWN-04222021,4/22/2021 12:00,Down,Spring,0.2,0.1,0.09,0.09,0.16,0.05,0.05,0.05,0.05,0.05,0.05,0.05,0.05,0.33,0.05,1.4,0.05,0.05,0.05,0.2,0.4,0.4,0.098,0.05,0.05,0.05,0.2,0.25,1.25,1.25,0.05,0.5,0.5,0.3,0.1,0.1,0.2,0.2,0.1,0.1,9.318,-0.698970004,-1,-1.045757491,-1.045757491,-0.795880017,-1.301029996,-1.301029996,-1.301029996,-1.301029996,-1.301029996,-1.301029996,-1.301029996,-1.301029996,-0.48148606,-1.301029996,0.146128036,-1.301029996,-1.301029996,-1.301029996,-0.698970004,-0.397940009,-0.397940009,-1.008773924,-1.301029996,-1.301029996,-1.301029996,-0.698970004,-0.602059991,0.096910013,0.096910013,-1.301029996,-0.301029996,-0.301029996,-0.522878745,-1,-1,-0.698970004,-0.698970004,-1,-1
JBA064-SED-EXIT-04222021,4/22/2021 12:00,Exit,Spring,0.2,0.1,0.09,0.09,0.15,0.05,0.05,0.05,0.05,0.05,0.05,0.05,0.05,0.3,0.05,1,0.05,0.05,0.05,0.2,0.4,0.4,0.09,0.05,0.05,0.05,0.2,0.25,1.25,1.25,0.05,0.5,0.5,0.3,0.1,0.1,0.2,0.2,0.1,0.1,8.87,-0.698970004,-1,-1.045757491,-1.045757491,-0.823908741,-1.301029996,-1.301029996,-1.301029996,-1.301029996,-1.301029996,-1.301029996,-1.301029996,-1.301029996,-0.522878745,-1.301029996,0,-1.301029996,-1.301029996,-1.301029996,-0.698970004,-0.397940009,-0.397940009,-1.045757491,-1.301029996,-1.301029996,-1.301029996,-0.698970004,-0.602059991,0.096910013,0.096910013,-1.301029996,-0.301029996,-0.301029996,-0.522878745,-1,-1,-0.698970004,-0.698970004,-1,-1
JBA069-SED-SPILL-04262021,4/26/2021 12:00,Spill,Spring,0.2,0.1,0.092,0.09,0.45,0.05,0.05,0.05,0.05,0.05,0.05,0.05,0.05,0.25,0.05,0.88,0.05,0.05,0.05,0.2,0.4,0.4,0.09,0.05,0.05,0.05,0.2,0.25,1.25,1.25,0.05,0.5,0.5,0.3,0.1,0.1,0.2,0.2,0.1,0.1,9.002,-0.698970004,-1,-1.036212173,-1.045757491,-0.346787486,-1.301029996,-1.301029996,-1.301029996,-1.301029996,-1.301029996,-1.301029996,-1.301029996,-1.301029996,-0.602059991,-1.301029996,-0.055517328,-1.301029996,-1.301029996,-1.301029996,-0.698970004,-0.397940009,-0.397940009,-1.045757491,-1.301029996,-1.301029996,-1.301029996,-0.698970004,-0.602059991,0.096910013,0.096910013,-1.301029996,-0.301029996,-0.301029996,-0.522878745,-1,-1,-0.698970004,-0.698970004,-1,-1
JBA070-SED-RIPP-04262021,4/26/2021 12:00,Ripp,Spring,0.2,0.1,0.09,0.09,0.12,0.05,0.05,0.05,0.054,0.05,0.05,0.05,0.05,0.29,0.05,1.9,0.05,0.05,0.05,0.2,0.4,0.4,0.13,0.05,0.05,0.05,0.2,0.25,1.25,1.25,0.05,0.5,0.5,0.3,0.1,0.1,0.2,0.2,0.1,0.1,9.774,-0.698970004,-1,-1.045757491,-1.045757491,-0.920818754,-1.301029996,-1.301029996,-1.301029996,-1.26760624,-1.301029996,-1.301029996,-1.301029996,-1.301029996,-0.537602002,-1.301029996,0.278753601,-1.301029996,-1.301029996,-1.301029996,-0.698970004,-0.397940009,-0.397940009,-0.886056648,-1.301029996,-1.301029996,-1.301029996,-0.698970004,-0.602059991,0.096910013,0.096910013,-1.301029996,-0.301029996,-0.301029996,-0.522878745,-1,-1,-0.698970004,-0.698970004,-1,-1
JBA071-SED-DOWN-04262021,4/26/2021 12:00,Down,Spring,0.2,0.1,0.09,0.09,0.15,0.05,0.05,0.05,0.05,0.05,0.05,0.05,0.05,0.27,0.05,1.4,0.05,0.05,0.05,0.2,0.4,0.4,0.093,0.05,0.05,0.05,0.2,0.25,1.25,1.25,0.05,0.5,0.5,0.3,0.1,0.1,0.2,0.2,0.1,0.1,9.243,-0.698970004,-1,-1.045757491,-1.045757491,-0.823908741,-1.301029996,-1.301029996,-1.301029996,-1.301029996,-1.301029996,-1.301029996,-1.301029996,-1.301029996,-0.568636236,-1.301029996,0.146128036,-1.301029996,-1.301029996,-1.301029996,-0.698970004,-0.397940009,-0.397940009,-1.031517051,-1.301029996,-1.301029996,-1.301029996,-0.698970004,-0.602059991,0.096910013,0.096910013,-1.301029996,-0.301029996,-0.301029996,-0.522878745,-1,-1,-0.698970004,-0.698970004,-1,-1
JBA072-SED-EXIT-04262021,4/26/2021 12:00,Exit,Spring,0.2,0.1,0.09,0.09,0.14,0.05,0.05,0.05,0.235,0.235,0.235,0.05,0.05,0.22,0.05,0.87,0.05,0.05,0.05,0.2,0.4,0.4,0.09,0.05,0.05,0.05,0.2,0.25,1.25,1.25,0.05,0.5,0.5,0.3,0.1,0.1,0.2,0.2,0.1,0.1,9.205,-0.698970004,-1,-1.045757491,-1.045757491,-0.853871964,-1.301029996,-1.301029996,-1.301029996,-0.628932138,-0.628932138,-0.628932138,-1.301029996,-1.301029996,-0.657577319,-1.301029996,-0.060480747,-1.301029996,-1.301029996,-1.301029996,-0.698970004,-0.397940009,-0.397940009,-1.045757491,-1.301029996,-1.301029996,-1.301029996,-0.698970004,-0.602059991,0.096910013,0.096910013,-1.301029996,-0.301029996,-0.301029996,-0.522878745,-1,-1,-0.698970004,-0.698970004,-1,-1
JBA073-SED-SPILL-04282021,4/28/2021 0:00,Spill,Spring,0.08,0.091,0.176,0.04,0.308,0.055,0.02,0.02,0.02,0.02,0.02,0.02,0.02,0.235,0.02,1,0.02,0.02,0.02,0.08,0.08,0.08,0.02,0.02,0.02,0.02,0.08,0.08,0.5,0.5,,,,,,,,,,,3.685,-1.096910013,-1.040958608,-0.754487332,-1.397940009,-0.511449283,-1.259637311,-1.698970004,-1.698970004,-1.698970004,-1.698970004,-1.698970004,-1.698970004,-1.698970004,-0.628932138,-1.698970004,0,-1.698970004,-1.698970004,-1.698970004,-1.096910013,-1.096910013,-1.096910013,-1.698970004,-1.698970004,-1.698970004,-1.698970004,-1.096910013,-1.096910013,-0.301029996,-0.301029996,#NUM!,#NUM!,#NUM!,#NUM!,#NUM!,#NUM!,#NUM!,#NUM!,#NUM!,#NUM!
JBA074-SED-RIPP-04282021,4/28/2021 0:00,Ripp,Spring,0.08,0.173,0.717,0.045,0.2,0.039,0.02,0.043,0.08,0.05,0.02,0.02,0.02,0.66,0.02,3.22,0.02,0.047,0.02,0.08,0.316,0.08,0.42,0.02,0.02,0.02,0.08,0.08,0.5,0.5,,,,,,,,,,,7.61,-1.096910013,-0.761953897,-0.144480844,-1.346787486,-0.698970004,-1.408935393,-1.698970004,-1.366531544,-1.096910013,-1.301029996,-1.698970004,-1.698970004,-1.698970004,-0.180456064,-1.698970004,0.507855872,-1.698970004,-1.327902142,-1.698970004,-1.096910013,-0.500312917,-1.096910013,-0.37675071,-1.698970004,-1.698970004,-1.698970004,-1.096910013,-1.096910013,-0.301029996,-0.301029996,#NUM!,#NUM!,#NUM!,#NUM!,#NUM!,#NUM!,#NUM!,#NUM!,#NUM!,#NUM!
JBA075-SED-DOWN-04282021,4/28/2021 0:00,Down,Spring,0.08,0.086,0.233,0.02,0.114,0.02,0.02,0.02,0.039,0.02,0.02,0.02,0.02,0.429,0.02,2.1,0.02,0.02,0.02,0.08,0.39,0.152,0.194,0.02,0.02,0.02,0.08,0.08,0.5,0.5,,,,,,,,,,,5.357,-1.096910013,-1.065501549,-0.632644079,-1.698970004,-0.943095149,-1.698970004,-1.698970004,-1.698970004,-1.408935393,-1.698970004,-1.698970004,-1.698970004,-1.698970004,-0.367542708,-1.698970004,0.322219295,-1.698970004,-1.698970004,-1.698970004,-1.096910013,-0.408935393,-0.818156412,-0.71219827,-1.698970004,-1.698970004,-1.698970004,-1.096910013,-1.096910013,-0.301029996,-0.301029996,#NUM!,#NUM!,#NUM!,#NUM!,#NUM!,#NUM!,#NUM!,#NUM!,#NUM!,#NUM!
JBA076-SED-EXIT-04282021,4/28/2021 0:00,Exit,Spring,0.08,0.04,0.075,0.02,0.079,0.02,0.02,0.02,0.02,0.02,0.02,0.02,0.02,0.211,0.02,0.693,0.02,0.02,0.02,0.08,0.08,0.08,0.041,0.02,0.02,0.02,0.08,0.08,0.5,0.5,,,,,,,,,,,2.939,-1.096910013,-1.397940009,-1.124938737,-1.698970004,-1.102372909,-1.698970004,-1.698970004,-1.698970004,-1.698970004,-1.698970004,-1.698970004,-1.698970004,-1.698970004,-0.675717545,-1.698970004,-0.159266765,-1.698970004,-1.698970004,-1.698970004,-1.096910013,-1.096910013,-1.096910013,-1.387216143,-1.698970004,-1.698970004,-1.698970004,-1.096910013,-1.096910013,-0.301029996,-0.301029996,#NUM!,#NUM!,#NUM!,#NUM!,#NUM!,#NUM!,#NUM!,#NUM!,#NUM!,#NUM!
JBA081-SED-SPILL-06142021,6/14/2021 0:00,Spill,Summer,0.08,0.081,0.161,0.02,0.292,0.04,0.02,0.02,0.02,0.02,0.02,0.02,0.02,0.244,0.02,0.812,0.02,0.02,0.02,0.08,0.08,0.08,0.02,0.02,0.02,0.02,0.08,0.08,0.5,0.5,,,,,,,,,,,3.43,-1.096910013,-1.091514981,-0.793174124,-1.698970004,-0.534617149,-1.397940009,-1.698970004,-1.698970004,-1.698970004,-1.698970004,-1.698970004,-1.698970004,-1.698970004,-0.612610174,-1.698970004,-0.090443971,-1.698970004,-1.698970004,-1.698970004,-1.096910013,-1.096910013,-1.096910013,-1.698970004,-1.698970004,-1.698970004,-1.698970004,-1.096910013,-1.096910013,-0.301029996,-0.301029996,#NUM!,#NUM!,#NUM!,#NUM!,#NUM!,#NUM!,#NUM!,#NUM!,#NUM!,#NUM!
JBA082-SED-RIPP-06142021,6/14/2021 0:00,Ripp,Summer,0.08,0.101,0.259,0.02,0.125,0.043,0.02,0.02,0.02,0.02,0.02,0.02,0.02,0.359,0.02,1.81,0.02,0.02,0.02,0.08,0.08,0.08,0.113,0.02,0.02,0.02,0.08,0.08,0.5,0.5,,,,,,,,,,,4.59,-1.096910013,-0.995678626,-0.586700236,-1.698970004,-0.903089987,-1.366531544,-1.698970004,-1.698970004,-1.698970004,-1.698970004,-1.698970004,-1.698970004,-1.698970004,-0.444905551,-1.698970004,0.257678575,-1.698970004,-1.698970004,-1.698970004,-1.096910013,-1.096910013,-1.096910013,-0.946921557,-1.698970004,-1.698970004,-1.698970004,-1.096910013,-1.096910013,-0.301029996,-0.301029996,#NUM!,#NUM!,#NUM!,#NUM!,#NUM!,#NUM!,#NUM!,#NUM!,#NUM!,#NUM!
JBA083-SED-DOWN-06142021,6/14/2021 0:00,Down,Summer,0.08,0.04,0.092,0.02,0.066,0.02,0.02,0.02,0.02,0.02,0.02,0.02,0.02,0.16,0.02,0.616,0.02,0.02,0.02,0.08,0.209,0.08,0.056,0.02,0.02,0.02,0.08,0.08,0.5,0.5,,,,,,,,,,,2.959,-1.096910013,-1.397940009,-1.036212173,-1.698970004,-1.180456064,-1.698970004,-1.698970004,-1.698970004,-1.698970004,-1.698970004,-1.698970004,-1.698970004,-1.698970004,-0.795880017,-1.698970004,-0.210419288,-1.698970004,-1.698970004,-1.698970004,-1.096910013,-0.679853714,-1.096910013,-1.251811973,-1.698970004,-1.698970004,-1.698970004,-1.096910013,-1.096910013,-0.301029996,-0.301029996,#NUM!,#NUM!,#NUM!,#NUM!,#NUM!,#NUM!,#NUM!,#NUM!,#NUM!,#NUM!
JBA084-SED-EXIT-06142021,6/14/2021 0:00,Exit,Summer,0.08,0.04,0.061,0.02,0.072,0.061,0.02,0.02,0.02,0.02,0.02,0.02,0.02,0.189,0.02,0.637,0.02,0.02,0.02,0.08,0.08,0.08,0.02,0.02,0.02,0.02,0.08,0.08,0.5,0.5,,,,,,,,,,,2.86,-1.096910013,-1.397940009,-1.214670165,-1.698970004,-1.142667504,-1.214670165,-1.698970004,-1.698970004,-1.698970004,-1.698970004,-1.698970004,-1.698970004,-1.698970004,-0.723538196,-1.698970004,-0.195860568,-1.698970004,-1.698970004,-1.698970004,-1.096910013,-1.096910013,-1.096910013,-1.698970004,-1.698970004,-1.698970004,-1.698970004,-1.096910013,-1.096910013,-0.301029996,-0.301029996,#NUM!,#NUM!,#NUM!,#NUM!,#NUM!,#NUM!,#NUM!,#NUM!,#NUM!,#NUM!
JBA085-SED-SPILL-06162021,6/16/2021 12:00,Spill,Summer,0.2,0.1,0.16,0.09,0.38,0.05,0.05,0.05,0.05,0.5,0.5,0.05,0.05,0.35,0.05,1.1,0.05,0.05,0.05,0.2,0.4,0.4,0.09,0.05,0.05,0.05,0.2,0.25,1.25,1.25,0.05,0.5,0.5,0.3,0.1,0.1,0.2,0.2,0.1,0.1,10.22,-0.698970004,-1,-0.795880017,-1.045757491,-0.420216403,-1.301029996,-1.301029996,-1.301029996,-1.301029996,-0.301029996,-0.301029996,-1.301029996,-1.301029996,-0.455931956,-1.301029996,0.041392685,-1.301029996,-1.301029996,-1.301029996,-0.698970004,-0.397940009,-0.397940009,-1.045757491,-1.301029996,-1.301029996,-1.301029996,-0.698970004,-0.602059991,0.096910013,0.096910013,-1.301029996,-0.301029996,-0.301029996,-0.522878745,-1,-1,-0.698970004,-0.698970004,-1,-1
JBA086-SED-RIPP-06162021,6/16/2021 12:00,Ripp,Summer,0.2,0.1,0.14,0.09,0.18,0.05,0.05,0.05,0.063,0.05,0.05,0.05,0.05,0.42,0.05,2.9,0.05,0.05,0.05,0.2,0.4,0.4,0.16,0.05,0.05,0.05,0.2,0.25,1.25,1.25,0.05,0.5,0.5,0.3,0.1,0.1,0.2,0.2,0.1,0.1,11.053,-0.698970004,-1,-0.853871964,-1.045757491,-0.744727495,-1.301029996,-1.301029996,-1.301029996,-1.200659451,-1.301029996,-1.301029996,-1.301029996,-1.301029996,-0.37675071,-1.301029996,0.462397998,-1.301029996,-1.301029996,-1.301029996,-0.698970004,-0.397940009,-0.397940009,-0.795880017,-1.301029996,-1.301029996,-1.301029996,-0.698970004,-0.602059991,0.096910013,0.096910013,-1.301029996,-0.301029996,-0.301029996,-0.522878745,-1,-1,-0.698970004,-0.698970004,-1,-1
JBA087-SED-DOWN-06162021,6/16/2021 12:00,Down,Summer,0.2,0.1,0.09,0.09,0.087,0.05,0.05,0.05,0.24,0.24,0.24,0.05,0.05,0.17,0.05,0.66,0.05,0.05,0.05,0.2,0.4,0.4,0.09,0.05,0.05,0.05,0.2,0.25,1.25,1.25,0.05,0.5,0.5,0.3,0.1,0.1,0.2,0.2,0.1,0.1,8.907,-0.698970004,-1,-1.045757491,-1.045757491,-1.060480747,-1.301029996,-1.301029996,-1.301029996,-0.619788758,-0.619788758,-0.619788758,-1.301029996,-1.301029996,-0.769551079,-1.301029996,-0.180456064,-1.301029996,-1.301029996,-1.301029996,-0.698970004,-0.397940009,-0.397940009,-1.045757491,-1.301029996,-1.301029996,-1.301029996,-0.698970004,-0.602059991,0.096910013,0.096910013,-1.301029996,-0.301029996,-0.301029996,-0.522878745,-1,-1,-0.698970004,-0.698970004,-1,-1
JBA088-SED-EXIT-06162021,6/16/2021 12:00,Exit,Summer,0.2,0.1,0.09,0.09,0.092,0.05,0.05,0.05,0.05,0.05,0.05,0.05,0.05,0.2,0.05,0.68,0.05,0.05,0.05,0.2,0.4,0.4,0.09,0.05,0.05,0.05,0.2,0.25,1.25,1.25,0.05,0.5,0.5,0.3,0.1,0.1,0.2,0.2,0.1,0.1,8.392,-0.698970004,-1,-1.045757491,-1.045757491,-1.036212173,-1.301029996,-1.301029996,-1.301029996,-1.301029996,-1.301029996,-1.301029996,-1.301029996,-1.301029996,-0.698970004,-1.301029996,-0.167491087,-1.301029996,-1.301029996,-1.301029996,-0.698970004,-0.397940009,-0.397940009,-1.045757491,-1.301029996,-1.301029996,-1.301029996,-0.698970004,-0.602059991,0.096910013,0.096910013,-1.301029996,-0.301029996,-0.301029996,-0.522878745,-1,-1,-0.698970004,-0.698970004,-1,-1
JBA089-SED-SPILL-06232021,6/23/2021 12:00,Spill,Summer,0.2,0.1,0.15,0.09,0.32,0.05,0.05,0.05,0.05,0.05,0.05,0.05,0.05,0.28,0.05,0.89,0.05,0.05,0.05,0.2,0.4,0.4,0.09,0.05,0.05,0.05,0.2,0.25,1.25,1.25,0.05,0.5,0.5,0.3,0.1,0.1,0.2,0.2,0.1,0.1,8.97,-0.698970004,-1,-0.823908741,-1.045757491,-0.494850022,-1.301029996,-1.301029996,-1.301029996,-1.301029996,-1.301029996,-1.301029996,-1.301029996,-1.301029996,-0.552841969,-1.301029996,-0.050609993,-1.301029996,-1.301029996,-1.301029996,-0.698970004,-0.397940009,-0.397940009,-1.045757491,-1.301029996,-1.301029996,-1.301029996,-0.698970004,-0.602059991,0.096910013,0.096910013,-1.301029996,-0.301029996,-0.301029996,-0.522878745,-1,-1,-0.698970004,-0.698970004,-1,-1
JBA090-SED-RIPP-06232021,6/23/2021 12:00,Ripp,Summer,0.2,0.1,0.13,0.09,0.13,0.05,0.05,0.05,0.05,0.05,0.05,0.05,0.05,0.41,0.05,2.4,0.05,0.05,0.05,0.2,0.4,0.4,0.13,0.05,0.05,0.05,0.2,0.25,1.25,1.25,0.05,0.5,0.5,0.3,0.1,0.1,0.2,0.2,0.1,0.1,10.44,-0.698970004,-1,-0.886056648,-1.045757491,-0.886056648,-1.301029996,-1.301029996,-1.301029996,-1.301029996,-1.301029996,-1.301029996,-1.301029996,-1.301029996,-0.387216143,-1.301029996,0.380211242,-1.301029996,-1.301029996,-1.301029996,-0.698970004,-0.397940009,-0.397940009,-0.886056648,-1.301029996,-1.301029996,-1.301029996,-0.698970004,-0.602059991,0.096910013,0.096910013,-1.301029996,-0.301029996,-0.301029996,-0.522878745,-1,-1,-0.698970004,-0.698970004,-1,-1
JBA091-SED-DOWN-06232021,6/23/2021 12:00,Down,Summer,0.2,0.1,0.09,0.09,0.1,0.05,0.05,0.05,0.05,0.05,0.05,0.05,0.05,0.22,0.05,0.61,0.05,0.05,0.05,0.2,0.4,0.4,0.09,0.05,0.05,0.05,0.2,0.25,1.25,1.25,0.05,0.5,0.5,0.3,0.1,0.1,0.2,0.2,0.1,0.1,8.35,-0.698970004,-1,-1.045757491,-1.045757491,-1,-1.301029996,-1.301029996,-1.301029996,-1.301029996,-1.301029996,-1.301029996,-1.301029996,-1.301029996,-0.657577319,-1.301029996,-0.214670165,-1.301029996,-1.301029996,-1.301029996,-0.698970004,-0.397940009,-0.397940009,-1.045757491,-1.301029996,-1.301029996,-1.301029996,-0.698970004,-0.602059991,0.096910013,0.096910013,-1.301029996,-0.301029996,-0.301029996,-0.522878745,-1,-1,-0.698970004,-0.698970004,-1,-1
JBA092-SED-EXIT-06232021,6/23/2021 12:00,Exit,Summer,0.2,0.1,0.09,0.09,0.13,0.05,0.05,0.05,0.05,0.05,0.05,0.05,0.05,0.25,0.05,0.75,0.05,0.05,0.05,0.2,0.4,0.4,0.09,0.05,0.05,0.05,0.2,0.25,1.25,1.25,0.05,0.5,0.5,0.3,0.1,0.1,0.2,0.2,0.1,0.1,8.55,-0.698970004,-1,-1.045757491,-1.045757491,-0.886056648,-1.301029996,-1.301029996,-1.301029996,-1.301029996,-1.301029996,-1.301029996,-1.301029996,-1.301029996,-0.602059991,-1.301029996,-0.124938737,-1.301029996,-1.301029996,-1.301029996,-0.698970004,-0.397940009,-0.397940009,-1.045757491,-1.301029996,-1.301029996,-1.301029996,-0.698970004,-0.602059991,0.096910013,0.096910013,-1.301029996,-0.301029996,-0.301029996,-0.522878745,-1,-1,-0.698970004,-0.698970004,-1,-1
JBA093-SED-SPILL-07012021,7/1/2021 12:00,Spill,Summer,0.2,0.11,0.26,0.09,0.49,0.05,0.05,0.05,0.05,0.05,0.05,0.05,0.05,0.6,0.05,1.2,0.05,0.05,0.05,0.2,0.4,0.4,0.09,0.05,0.05,0.05,0.2,0.25,1.25,1.25,0.05,0.5,0.5,0.3,0.1,0.1,0.2,0.2,0.1,0.1,9.89,-0.698970004,-0.958607315,-0.585026652,-1.045757491,-0.30980392,-1.301029996,-1.301029996,-1.301029996,-1.301029996,-1.301029996,-1.301029996,-1.301029996,-1.301029996,-0.22184875,-1.301029996,0.079181246,-1.301029996,-1.301029996,-1.301029996,-0.698970004,-0.397940009,-0.397940009,-1.045757491,-1.301029996,-1.301029996,-1.301029996,-0.698970004,-0.602059991,0.096910013,0.096910013,-1.301029996,-0.301029996,-0.301029996,-0.522878745,-1,-1,-0.698970004,-0.698970004,-1,-1
JBA094-SED-RIPP-07012021,7/1/2021 12:00,Ripp,Summer,0.2,0.1,0.16,0.09,0.21,0.05,0.05,0.05,0.05,0.05,0.05,0.05,0.05,0.5,0.05,2.3,0.05,0.05,0.05,0.2,0.4,0.4,0.12,0.05,0.05,0.05,0.2,0.25,1.25,1.25,0.05,0.5,0.5,0.3,0.1,0.1,0.2,0.2,0.1,0.1,10.53,-0.698970004,-1,-0.795880017,-1.045757491,-0.677780705,-1.301029996,-1.301029996,-1.301029996,-1.301029996,-1.301029996,-1.301029996,-1.301029996,-1.301029996,-0.301029996,-1.301029996,0.361727836,-1.301029996,-1.301029996,-1.301029996,-0.698970004,-0.397940009,-0.397940009,-0.920818754,-1.301029996,-1.301029996,-1.301029996,-0.698970004,-0.602059991,0.096910013,0.096910013,-1.301029996,-0.301029996,-0.301029996,-0.522878745,-1,-1,-0.698970004,-0.698970004,-1,-1
JBA095-SED-DOWN-07012021,7/1/2021 12:00,Down,Summer,0.2,0.11,0.16,0.09,0.3,0.05,0.05,0.05,0.05,0.05,0.05,0.05,0.05,0.45,0.05,2,0.05,0.05,0.05,0.2,0.4,0.4,0.09,0.05,0.05,0.05,0.2,0.25,1.25,1.25,0.05,0.5,0.5,0.3,0.1,0.1,0.2,0.2,0.1,0.1,10.25,-0.698970004,-0.958607315,-0.795880017,-1.045757491,-0.522878745,-1.301029996,-1.301029996,-1.301029996,-1.301029996,-1.301029996,-1.301029996,-1.301029996,-1.301029996,-0.346787486,-1.301029996,0.301029996,-1.301029996,-1.301029996,-1.301029996,-0.698970004,-0.397940009,-0.397940009,-1.045757491,-1.301029996,-1.301029996,-1.301029996,-0.698970004,-0.602059991,0.096910013,0.096910013,-1.301029996,-0.301029996,-0.301029996,-0.522878745,-1,-1,-0.698970004,-0.698970004,-1,-1
JBA096-SED-EXIT-07012021,7/1/2021 12:00,Exit,Summer,0.2,0.1,0.21,0.09,0.34,0.05,0.05,0.05,0.05,0.05,0.05,0.05,0.05,0.62,0.05,1.3,0.05,0.05,0.05,0.2,0.4,0.4,0.09,0.05,0.05,0.05,0.2,0.25,1.25,1.25,0.05,0.5,0.5,0.3,0.1,0.1,0.2,0.2,0.1,0.1,9.8,-0.698970004,-1,-0.677780705,-1.045757491,-0.468521083,-1.301029996,-1.301029996,-1.301029996,-1.301029996,-1.301029996,-1.301029996,-1.301029996,-1.301029996,-0.207608311,-1.301029996,0.113943352,-1.301029996,-1.301029996,-1.301029996,-0.698970004,-0.397940009,-0.397940009,-1.045757491,-1.301029996,-1.301029996,-1.301029996,-0.698970004,-0.602059991,0.096910013,0.096910013,-1.301029996,-0.301029996,-0.301029996,-0.522878745,-1,-1,-0.698970004,-0.698970004,-1,-1
JBA097-SED-SPILL-07072021,7/7/2021 12:00,Spill,Summer,0.2,0.1,0.25,0.09,0.37,0.0495,0.0495,0.0495,0.0495,0.0495,0.0495,0.0495,0.0495,0.37,0.0495,1.1,0.0495,0.0495,0.0495,0.2,0.4,0.4,0.09,0.0495,0.0495,0.0495,0.2,0.25,1.25,1.25,0.0495,0.495,0.495,0.3,0.1,0.1,0.2,0.2,0.1,0.1,9.402,-0.698970004,-1,-0.602059991,-1.045757491,-0.431798276,-1.305394801,-1.305394801,-1.305394801,-1.305394801,-1.305394801,-1.305394801,-1.305394801,-1.305394801,-0.431798276,-1.305394801,0.041392685,-1.305394801,-1.305394801,-1.305394801,-0.698970004,-0.397940009,-0.397940009,-1.045757491,-1.305394801,-1.305394801,-1.305394801,-0.698970004,-0.602059991,0.096910013,0.096910013,-1.305394801,-0.305394801,-0.305394801,-0.522878745,-1,-1,-0.698970004,-0.698970004,-1,-1
JBA098-SED-RIPP-07072021,7/7/2021 12:00,Ripp,Summer,0.2,0.1,0.19,0.09,0.29,0.0495,0.0495,0.0495,0.08,0.0495,0.053,0.0495,0.0495,0.57,0.0495,4.1,0.0495,0.054,0.0495,0.2,0.395,0.395,0.22,0.0495,0.0495,0.0495,0.2,0.25,1.25,1.25,0.0495,0.495,0.495,0.3,0.1,0.1,0.2,0.2,0.1,0.1,12.6205,-0.698970004,-1,-0.721246399,-1.045757491,-0.537602002,-1.305394801,-1.305394801,-1.305394801,-1.096910013,-1.305394801,-1.27572413,-1.305394801,-1.305394801,-0.244125144,-1.305394801,0.612783857,-1.305394801,-1.26760624,-1.305394801,-0.698970004,-0.403402904,-0.403402904,-0.657577319,-1.305394801,-1.305394801,-1.305394801,-0.698970004,-0.602059991,0.096910013,0.096910013,-1.305394801,-0.305394801,-0.305394801,-0.522878745,-1,-1,-0.698970004,-0.698970004,-1,-1
JBA099-SED-DOWN-07072021,7/7/2021 12:00,Down,Summer,0.195,0.1,0.09,0.09,0.16,0.0495,0.0495,0.0495,0.0495,0.0495,0.0495,0.0495,0.0495,0.28,0.0495,0.9,0.0495,0.0495,0.0495,0.195,0.395,0.395,0.09,0.0495,0.0495,0.0495,0.195,0.245,1.25,1.25,0.0495,0.495,0.495,0.295,0.1,0.1,0.195,0.195,0.1,0.1,8.697,-0.709965389,-1,-1.045757491,-1.045757491,-0.795880017,-1.305394801,-1.305394801,-1.305394801,-1.305394801,-1.305394801,-1.305394801,-1.305394801,-1.305394801,-0.552841969,-1.305394801,-0.045757491,-1.305394801,-1.305394801,-1.305394801,-0.709965389,-0.403402904,-0.403402904,-1.045757491,-1.305394801,-1.305394801,-1.305394801,-0.709965389,-0.610833916,0.096910013,0.096910013,-1.305394801,-0.305394801,-0.305394801,-0.530177984,-1,-1,-0.709965389,-0.709965389,-1,-1
JBA100-SED-EXIT-07072021,7/7/2021 12:00,Exit,Summer,0.2,0.1,0.13,0.09,0.23,0.05,0.05,0.05,0.05,0.05,0.05,0.05,0.05,0.32,0.05,1.1,0.05,0.05,0.05,0.2,0.4,0.4,0.09,0.05,0.05,0.05,0.2,0.25,1.25,1.25,0.05,0.5,0.5,0.3,0.1,0.1,0.2,0.2,0.1,0.1,9.11,-0.698970004,-1,-0.886056648,-1.045757491,-0.638272164,-1.301029996,-1.301029996,-1.301029996,-1.301029996,-1.301029996,-1.301029996,-1.301029996,-1.301029996,-0.494850022,-1.301029996,0.041392685,-1.301029996,-1.301029996,-1.301029996,-0.698970004,-0.397940009,-0.397940009,-1.045757491,-1.301029996,-1.301029996,-1.301029996,-0.698970004,-0.602059991,0.096910013,0.096910013,-1.301029996,-0.301029996,-0.301029996,-0.522878745,-1,-1,-0.698970004,-0.698970004,-1,-1
JBA105-SED-SPILL-07122021,7/12/2021 12:00,Spill,Summer,0.2,0.1,0.22,0.09,0.42,0.05,0.05,0.05,0.05,0.05,0.05,0.05,0.05,0.44,0.05,1,0.05,0.05,0.05,0.2,0.4,0.4,0.09,0.05,0.05,0.05,0.2,0.25,1.25,1.25,0.05,0.5,0.5,0.3,0.1,0.1,0.2,0.2,0.1,0.1,9.41,-0.698970004,-1,-0.657577319,-1.045757491,-0.37675071,-1.301029996,-1.301029996,-1.301029996,-1.301029996,-1.301029996,-1.301029996,-1.301029996,-1.301029996,-0.356547324,-1.301029996,0,-1.301029996,-1.301029996,-1.301029996,-0.698970004,-0.397940009,-0.397940009,-1.045757491,-1.301029996,-1.301029996,-1.301029996,-0.698970004,-0.602059991,0.096910013,0.096910013,-1.301029996,-0.301029996,-0.301029996,-0.522878745,-1,-1,-0.698970004,-0.698970004,-1,-1
JBA106-SED-RIPP-07122021,7/12/2021 12:00,Ripp,Summer,0.2,0.1,0.2,0.09,0.3,0.0495,0.0495,0.0495,0.051,0.0495,0.0495,0.0495,0.0495,0.65,0.0495,3.3,0.0495,0.0495,0.0495,0.2,0.395,0.395,0.16,0.0495,0.0495,0.0495,0.2,0.25,1.25,1.25,0.0495,0.495,0.495,0.3,0.1,0.1,0.2,0.2,0.1,0.1,11.8235,-0.698970004,-1,-0.698970004,-1.045757491,-0.522878745,-1.305394801,-1.305394801,-1.305394801,-1.292429824,-1.305394801,-1.305394801,-1.305394801,-1.305394801,-0.187086643,-1.305394801,0.51851394,-1.305394801,-1.305394801,-1.305394801,-0.698970004,-0.403402904,-0.403402904,-0.795880017,-1.305394801,-1.305394801,-1.305394801,-0.698970004,-0.602059991,0.096910013,0.096910013,-1.305394801,-0.305394801,-0.305394801,-0.522878745,-1,-1,-0.698970004,-0.698970004,-1,-1
JBA107-SED-DOWN-07122021,7/12/2021 12:00,Down,Summer,0.2,0.1,0.16,0.09,0.29,0.05,0.05,0.05,0.05,0.05,0.05,0.05,0.05,0.53,0.05,2.3,0.05,0.05,0.05,0.2,0.4,0.4,0.09,0.05,0.05,0.05,0.2,0.25,1.25,1.25,0.05,0.5,0.5,0.3,0.1,0.1,0.2,0.2,0.1,0.1,10.61,-0.698970004,-1,-0.795880017,-1.045757491,-0.537602002,-1.301029996,-1.301029996,-1.301029996,-1.301029996,-1.301029996,-1.301029996,-1.301029996,-1.301029996,-0.27572413,-1.301029996,0.361727836,-1.301029996,-1.301029996,-1.301029996,-0.698970004,-0.397940009,-0.397940009,-1.045757491,-1.301029996,-1.301029996,-1.301029996,-0.698970004,-0.602059991,0.096910013,0.096910013,-1.301029996,-0.301029996,-0.301029996,-0.522878745,-1,-1,-0.698970004,-0.698970004,-1,-1
JBA108-SED-EXIT-07122021,7/12/2021 12:00,Exit,Summer,0.2,0.1,0.14,0.09,0.16,0.05,0.05,0.05,0.05,0.05,0.05,0.05,0.05,0.32,0.05,0.86,0.05,0.05,0.05,0.2,0.4,0.4,0.09,0.05,0.05,0.05,0.2,0.25,1.25,1.25,0.05,0.5,0.5,0.3,0.1,0.1,0.2,0.2,0.1,0.1,8.81,-0.698970004,-1,-0.853871964,-1.045757491,-0.795880017,-1.301029996,-1.301029996,-1.301029996,-1.301029996,-1.301029996,-1.301029996,-1.301029996,-1.301029996,-0.494850022,-1.301029996,-0.065501549,-1.301029996,-1.301029996,-1.301029996,-0.698970004,-0.397940009,-0.397940009,-1.045757491,-1.301029996,-1.301029996,-1.301029996,-0.698970004,-0.602059991,0.096910013,0.096910013,-1.301029996,-0.301029996,-0.301029996,-0.522878745,-1,-1,-0.698970004,-0.698970004,-1,-1
JBA109-SED-SPILL-07142021,7/14/2021 12:00,Spill,Summer,0.2,0.1,0.3,0.09,0.52,0.05,0.05,0.05,0.05,0.05,0.05,0.05,0.05,0.46,0.05,0.91,0.05,0.05,0.05,0.2,0.4,0.4,0.09,0.05,0.05,0.05,0.2,0.25,1.25,1.25,0.05,0.5,0.5,0.3,0.1,0.1,0.2,0.2,0.1,0.1,9.52,-0.698970004,-1,-0.522878745,-1.045757491,-0.283996656,-1.301029996,-1.301029996,-1.301029996,-1.301029996,-1.301029996,-1.301029996,-1.301029996,-1.301029996,-0.337242168,-1.301029996,-0.040958608,-1.301029996,-1.301029996,-1.301029996,-0.698970004,-0.397940009,-0.397940009,-1.045757491,-1.301029996,-1.301029996,-1.301029996,-0.698970004,-0.602059991,0.096910013,0.096910013,-1.301029996,-0.301029996,-0.301029996,-0.522878745,-1,-1,-0.698970004,-0.698970004,-1,-1
JBA110-SED-RIPP-07142021,7/14/2021 12:00,Ripp,Summer,0.2,0.1,0.17,0.09,0.28,0.0495,0.0495,0.0495,0.0495,0.0495,0.0495,0.0495,0.0495,0.59,0.0495,2.3,0.0495,0.0495,0.0495,0.2,0.395,0.395,0.13,0.0495,0.0495,0.0495,0.2,0.25,1.25,1.25,0.0495,0.495,0.495,0.3,0.1,0.1,0.2,0.2,0.1,0.1,10.682,-0.698970004,-1,-0.769551079,-1.045757491,-0.552841969,-1.305394801,-1.305394801,-1.305394801,-1.305394801,-1.305394801,-1.305394801,-1.305394801,-1.305394801,-0.229147988,-1.305394801,0.361727836,-1.305394801,-1.305394801,-1.305394801,-0.698970004,-0.403402904,-0.403402904,-0.886056648,-1.305394801,-1.305394801,-1.305394801,-0.698970004,-0.602059991,0.096910013,0.096910013,-1.305394801,-0.305394801,-0.305394801,-0.522878745,-1,-1,-0.698970004,-0.698970004,-1,-1
JBA111-SED-DOWN-07142021,7/14/2021 12:00,Down,Summer,0.2,0.1,0.14,0.09,0.23,0.0495,0.0495,0.0495,0.0495,0.0495,0.0495,0.0495,0.0495,0.45,0.0495,1.7,0.0495,0.0495,0.0495,0.2,0.395,0.395,0.09,0.0495,0.0495,0.0495,0.2,0.25,1.25,1.25,0.0495,0.495,0.495,0.3,0.1,0.1,0.2,0.2,0.1,0.1,9.822,-0.698970004,-1,-0.853871964,-1.045757491,-0.638272164,-1.305394801,-1.305394801,-1.305394801,-1.305394801,-1.305394801,-1.305394801,-1.305394801,-1.305394801,-0.346787486,-1.305394801,0.230448921,-1.305394801,-1.305394801,-1.305394801,-0.698970004,-0.403402904,-0.403402904,-1.045757491,-1.305394801,-1.305394801,-1.305394801,-0.698970004,-0.602059991,0.096910013,0.096910013,-1.305394801,-0.305394801,-0.305394801,-0.522878745,-1,-1,-0.698970004,-0.698970004,-1,-1
JBA112-SED-EXIT-07142021,7/14/2021 12:00,Exit,Summer,0.2,0.1,0.22,0.09,0.32,0.05,0.05,0.05,0.05,0.05,0.05,0.05,0.052,0.66,0.05,1.2,0.05,0.05,0.05,0.2,0.4,0.4,0.09,0.05,0.05,0.05,0.2,0.25,1.25,1.25,0.05,0.5,0.5,0.3,0.1,0.1,0.2,0.2,0.1,0.1,9.732,-0.698970004,-1,-0.657577319,-1.045757491,-0.494850022,-1.301029996,-1.301029996,-1.301029996,-1.301029996,-1.301029996,-1.301029996,-1.301029996,-1.283996656,-0.180456064,-1.301029996,0.079181246,-1.301029996,-1.301029996,-1.301029996,-0.698970004,-0.397940009,-0.397940009,-1.045757491,-1.301029996,-1.301029996,-1.301029996,-0.698970004,-0.602059991,0.096910013,0.096910013,-1.301029996,-0.301029996,-0.301029996,-0.522878745,-1,-1,-0.698970004,-0.698970004,-1,-1
JBA113-SED-SPILL-07162021,7/16/2021 0:00,Spill,Summer,0.08,0.128,0.236,0.064,0.383,0.044,0.02,0.02,0.02,0.02,0.02,0.041,0.046,0.564,0.02,1.38,0.02,0.02,0.02,0.08,0.243,0.08,0.02,0.02,0.02,0.02,0.08,0.08,0.5,0.5,,,,,,,,,,,4.789,-1.096910013,-0.89279003,-0.627087997,-1.193820026,-0.416801226,-1.356547324,-1.698970004,-1.698970004,-1.698970004,-1.698970004,-1.698970004,-1.387216143,-1.337242168,-0.248720896,-1.698970004,0.139879086,-1.698970004,-1.698970004,-1.698970004,-1.096910013,-0.614393726,-1.096910013,-1.698970004,-1.698970004,-1.698970004,-1.698970004,-1.096910013,-1.096910013,-0.301029996,-0.301029996,#NUM!,#NUM!,#NUM!,#NUM!,#NUM!,#NUM!,#NUM!,#NUM!,#NUM!,#NUM!
JBA114-SED-RIPP-07162021,7/16/2021 0:00,Ripp,Summer,0.145,0.132,0.475,0.047,0.185,0.046,0.02,0.02,0.046,0.02,0.02,0.02,0.02,0.378,0.02,1.72,0.02,0.02,0.02,0.08,0.283,0.08,0.263,0.02,0.02,0.02,0.08,0.08,0.5,0.5,,,,,,,,,,,5.3,-0.838631998,-0.879426069,-0.32330639,-1.327902142,-0.732828272,-1.337242168,-1.698970004,-1.698970004,-1.337242168,-1.698970004,-1.698970004,-1.698970004,-1.698970004,-0.4225082,-1.698970004,0.235528447,-1.698970004,-1.698970004,-1.698970004,-1.096910013,-0.548213564,-1.096910013,-0.580044252,-1.698970004,-1.698970004,-1.698970004,-1.096910013,-1.096910013,-0.301029996,-0.301029996,#NUM!,#NUM!,#NUM!,#NUM!,#NUM!,#NUM!,#NUM!,#NUM!,#NUM!,#NUM!
JBA115-SED-DOWN-07162021,7/16/2021 0:00,Down,Summer,0.08,0.104,0.285,0.02,0.15,0.037,0.02,0.02,0.02,0.02,0.02,0.02,0.02,0.394,0.02,1.95,0.02,0.02,0.02,0.08,0.484,0.146,0.141,0.02,0.02,0.02,0.08,0.08,0.5,0.5,,,,,,,,,,,5.311,-1.096910013,-0.982966661,-0.54515514,-1.698970004,-0.823908741,-1.431798276,-1.698970004,-1.698970004,-1.698970004,-1.698970004,-1.698970004,-1.698970004,-1.698970004,-0.404503778,-1.698970004,0.290034611,-1.698970004,-1.698970004,-1.698970004,-1.096910013,-0.315154638,-0.835647144,-0.850780887,-1.698970004,-1.698970004,-1.698970004,-1.096910013,-1.096910013,-0.301029996,-0.301029996,#NUM!,#NUM!,#NUM!,#NUM!,#NUM!,#NUM!,#NUM!,#NUM!,#NUM!,#NUM!
JBA116-SED-EXIT-07162021,7/16/2021 0:00,Exit,Summer,0.08,0.13,0.166,0.044,0.183,0.02,0.02,0.02,0.02,0.02,0.02,0.02,0.04,0.436,0.02,1.06,0.02,0.02,0.02,0.08,0.08,0.08,0.02,0.02,0.02,0.02,0.08,0.08,0.5,0.5,,,,,,,,,,,3.839,-1.096910013,-0.886056648,-0.779891912,-1.356547324,-0.73754891,-1.698970004,-1.698970004,-1.698970004,-1.698970004,-1.698970004,-1.698970004,-1.698970004,-1.397940009,-0.360513511,-1.698970004,0.025305865,-1.698970004,-1.698970004,-1.698970004,-1.096910013,-1.096910013,-1.096910013,-1.698970004,-1.698970004,-1.698970004,-1.698970004,-1.096910013,-1.096910013,-0.301029996,-0.301029996,#NUM!,#NUM!,#NUM!,#NUM!,#NUM!,#NUM!,#NUM!,#NUM!,#NUM!,#NUM!
