SampleID,Location,SampleDate,SedimentType,GrainSize,TOC,Gravel,Silt_Clay,Solids,PFBA,PFPeA,PFBS,PFHxA,PFPeS,PFHpA,PFHxS,PFOA,6:2 FTS,PFHpS,PFNA,PFOS,PFDA,PFUnA,PFDoA,PFTrDA,PFTeDA,PFNS,PFDoS,4:2 FTS,8:2 FTS,FOSA,N-MeFOSA,N-MeFOSAA,N-EtFOSA,N-EtFOSAA,N-MeFOSE,N-EtFOSE,HFPO-DA,ADONA,PFMBA,NFDHA,9Cl-PF3ONS,11Cl-PF3OUdS,PFEESA,3:3 FTCA,5:3 FTCA,7:3 FTCA,PFDS,PFMPA,SumPFAS,log_PFBA,log_PFPeA,log_PFBS,log_PFHxA,log_PFPeS,log_PFHpA,log_PFHxS,log_PFOA,log_6:2 FTS,log_PFHpS,log_PFNA,log_PFOS,log_PFDA,log_PFUnA,log_PFDoA,log_PFTrDA,log_PFTeDA,log_PFNS,log_PFDoS,log_4:2 FTS,log_8:2 FTS,log_FOSA,log_N-MeFOSA,log_N-MeFOSAA,log_N-EtFOSA,log_N-EtFOSAA,log_N-MeFOSE,log_N-EtFOSE,log_HFPO-DA,log_ADONA,log_PFMBA,log_NFDHA,log_9Cl-PF3ONS,log_11Cl-PF3OUdS,log_PFEESA,log_3:3 FTCA,log_5:3 FTCA,log_7:3 FTCA,log_PFDS,log_PFMPA
WG001-SED-WEST-10092020,North,10/9/2020 0:00,Silt,0.678,6940,21.37,61.91,28.8,0.0625,0.0625,0.125,0.1279,0.0625,0.0625,0.1886,0.125,0.0986,0.0247,0.125,2.8479,,,,,,,,,,,,,,,,,,,,,,,,,,,,,3.9127,-1.204119983,-1.204119983,-0.903089987,-0.893129456,-1.204119983,-1.204119983,-0.724458312,-0.903089987,-1.006123085,-1.607303047,-0.903089987,0.454524736,#NUM!,#NUM!,#NUM!,#NUM!,#NUM!,#NUM!,#NUM!,#NUM!,#NUM!,#NUM!,#NUM!,#NUM!,#NUM!,#NUM!,#NUM!,#NUM!,#NUM!,#NUM!,#NUM!,#NUM!,#NUM!,#NUM!,#NUM!,#NUM!,#NUM!,#NUM!,#NUM!,#NUM!
WG002-SED-SPILL-10092020,Spill,10/9/2020 0:00,Medium Sand,0.648,25800,9.45,10.48,74.8,0.0625,0.0625,0.125,0.2189,0.0625,0.0625,0.6168,0.3787,0.3802,0.0838,0.125,9.4707,,,,,,,,,,,,,,,,,,,,,,,,,,,,,11.6491,-1.204119983,-1.204119983,-0.903089987,-0.659754238,-1.204119983,-1.204119983,-0.209855635,-0.421704695,-0.419987887,-1.076755981,-0.903089987,0.97638208,#NUM!,#NUM!,#NUM!,#NUM!,#NUM!,#NUM!,#NUM!,#NUM!,#NUM!,#NUM!,#NUM!,#NUM!,#NUM!,#NUM!,#NUM!,#NUM!,#NUM!,#NUM!,#NUM!,#NUM!,#NUM!,#NUM!,#NUM!,#NUM!,#NUM!,#NUM!,#NUM!,#NUM!
WG003-SED-EAST-10092020,South,10/9/2020 0:00,Silt,0.199,11300,5.37,73.68,46.2,0.0625,0.0625,0.125,0.0625,0.0625,0.0625,0.1535,0.125,0.0781,0.0463,0.125,1.2768,,,,,,,,,,,,,,,,,,,,,,,,,,,,,2.2422,-1.204119983,-1.204119983,-0.903089987,-1.204119983,-1.204119983,-1.204119983,-0.81389162,-0.903089987,-1.107348966,-1.334419009,-0.903089987,0.106122874,#NUM!,#NUM!,#NUM!,#NUM!,#NUM!,#NUM!,#NUM!,#NUM!,#NUM!,#NUM!,#NUM!,#NUM!,#NUM!,#NUM!,#NUM!,#NUM!,#NUM!,#NUM!,#NUM!,#NUM!,#NUM!,#NUM!,#NUM!,#NUM!,#NUM!,#NUM!,#NUM!,#NUM!
WG004-SED-HEAD-10092020,Head,10/9/2020 0:00,Medium Sand,0.456,103000,2.32,7.97,74.6,0.0625,,0.3388,0.219,0.2612,0.2183,2.2148,0.4242,0.8311,0.3318,0.4359,30.1397,,,,,,,,,,,,,,,,,,,,,,,,,,,,,35.4773,-1.204119983,#NUM!,-0.470056598,-0.659555885,-0.583026827,-0.660946264,0.345334515,-0.372429336,-0.080346718,-0.479123618,-0.360613131,1.479138925,#NUM!,#NUM!,#NUM!,#NUM!,#NUM!,#NUM!,#NUM!,#NUM!,#NUM!,#NUM!,#NUM!,#NUM!,#NUM!,#NUM!,#NUM!,#NUM!,#NUM!,#NUM!,#NUM!,#NUM!,#NUM!,#NUM!,#NUM!,#NUM!,#NUM!,#NUM!,#NUM!,#NUM!
WG005-SED-WEST-10132020,North,10/13/2020 0:00,Silt,0.678,6940,21.37,61.91,28.8,0.0625,0.0625,0.125,0.0625,0.0625,0.0625,0.1773,0.125,0.134,0.0316,0.125,1.8802,,,,,,,,,,,,,,,,,,,,,,,,,,,,,2.9106,-1.204119983,-1.204119983,-0.903089987,-1.204119983,-1.204119983,-1.204119983,-0.751291264,-0.903089987,-0.872895202,-1.500312917,-0.903089987,0.274204048,#NUM!,#NUM!,#NUM!,#NUM!,#NUM!,#NUM!,#NUM!,#NUM!,#NUM!,#NUM!,#NUM!,#NUM!,#NUM!,#NUM!,#NUM!,#NUM!,#NUM!,#NUM!,#NUM!,#NUM!,#NUM!,#NUM!,#NUM!,#NUM!,#NUM!,#NUM!,#NUM!,#NUM!
WG006-SED-SPILL-10132020,Spill,10/13/2020 0:00,Medium Sand,0.648,25800,9.45,10.48,74.8,0.0625,0.1418,0.2597,0.3569,0.2201,0.1377,1.4281,0.4843,1.0017,0.0969,0.125,10.4595,,,,,,,,,,,,,,,,,,,,,,,,,,,,,14.7742,-1.204119983,-0.848323769,-0.58552805,-0.447453452,-0.657379957,-0.86106606,0.154758619,-0.314885531,0.000737674,-1.013676223,-0.903089987,1.019510924,#NUM!,#NUM!,#NUM!,#NUM!,#NUM!,#NUM!,#NUM!,#NUM!,#NUM!,#NUM!,#NUM!,#NUM!,#NUM!,#NUM!,#NUM!,#NUM!,#NUM!,#NUM!,#NUM!,#NUM!,#NUM!,#NUM!,#NUM!,#NUM!,#NUM!,#NUM!,#NUM!,#NUM!
WG007-SED-EAST-10132020,South,10/13/2020 0:00,Silt,0.199,11300,5.37,73.68,46.2,0.0625,0.0625,0.125,0.0625,0.0625,0.0625,0.1923,0.125,0.0896,0.0333,0.125,1.908,,,,,,,,,,,,,,,,,,,,,,,,,,,,,2.9107,-1.204119983,-1.204119983,-0.903089987,-1.204119983,-1.204119983,-1.204119983,-0.716020716,-0.903089987,-1.04769199,-1.477555766,-0.903089987,0.28057837,#NUM!,#NUM!,#NUM!,#NUM!,#NUM!,#NUM!,#NUM!,#NUM!,#NUM!,#NUM!,#NUM!,#NUM!,#NUM!,#NUM!,#NUM!,#NUM!,#NUM!,#NUM!,#NUM!,#NUM!,#NUM!,#NUM!,#NUM!,#NUM!,#NUM!,#NUM!,#NUM!,#NUM!
WG008-SED-HEAD-10132020,Head,10/13/2020 0:00,Medium Sand,0.456,103000,2.32,7.97,74.6,0.0625,0.1411,0.4491,0.381,0.2279,0.0625,2.0344,0.399,2.0826,0.1904,0.125,28.0689,,,,,,,,,,,,,,,,,,,,,,,,,,,,,34.2244,-1.204119983,-0.850472986,-0.347656945,-0.419075024,-0.642255675,-1.204119983,0.308436347,-0.399027104,0.318605864,-0.720333056,-0.903089987,1.448225393,#NUM!,#NUM!,#NUM!,#NUM!,#NUM!,#NUM!,#NUM!,#NUM!,#NUM!,#NUM!,#NUM!,#NUM!,#NUM!,#NUM!,#NUM!,#NUM!,#NUM!,#NUM!,#NUM!,#NUM!,#NUM!,#NUM!,#NUM!,#NUM!,#NUM!,#NUM!,#NUM!,#NUM!
WG009-SED-WEST-10152020,North,10/15/2020 0:00,Silt,0.678,6940,21.37,61.91,28.8,0.0625,0.0625,0.125,0.1277,0.0625,0.0625,0.1601,0.125,0.2557,,0.125,1.2223,,,,,,,,,,,,,,,,,,,,,,,,,,,,,2.3908,-1.204119983,-1.204119983,-0.903089987,-0.893809103,-1.204119983,-1.204119983,-0.795608668,-0.903089987,-0.592269272,#NUM!,-0.903089987,0.087177812,#NUM!,#NUM!,#NUM!,#NUM!,#NUM!,#NUM!,#NUM!,#NUM!,#NUM!,#NUM!,#NUM!,#NUM!,#NUM!,#NUM!,#NUM!,#NUM!,#NUM!,#NUM!,#NUM!,#NUM!,#NUM!,#NUM!,#NUM!,#NUM!,#NUM!,#NUM!,#NUM!,#NUM!
WG011-SED-EAST-10152020,South,10/15/2020 0:00,Silt,0.456,11300,5.37,73.68,46.2,0.0625,0.0625,,0.0625,0.0625,0.0625,0.2406,0.125,0.1227,0.0804,0.125,3.2744,,,,,,,,,,,,,,,,,,,,,,,,,,,,,4.2806,-1.204119983,-1.204119983,#NUM!,-1.204119983,-1.204119983,-1.204119983,-0.618704377,-0.903089987,-0.911155437,-1.094743951,-0.903089987,0.515131732,#NUM!,#NUM!,#NUM!,#NUM!,#NUM!,#NUM!,#NUM!,#NUM!,#NUM!,#NUM!,#NUM!,#NUM!,#NUM!,#NUM!,#NUM!,#NUM!,#NUM!,#NUM!,#NUM!,#NUM!,#NUM!,#NUM!,#NUM!,#NUM!,#NUM!,#NUM!,#NUM!,#NUM!
WG012-SED-HEAD-10152020,Head,10/15/2020 0:00,Medium Sand,0.678,103000,2.32,7.97,74.6,0.0625,,0.3665,0.3595,0.332,0.2194,3.5425,0.4223,1.3705,0.326,0.1308,50.925,,,,,,,,,,,,,,,,,,,,,,,,,,,,,58.057,-1.204119983,#NUM!,-0.435926021,-0.444301105,-0.478861916,-0.658763377,0.549309859,-0.374378919,0.13687904,-0.4867824,-0.883392256,1.706931038,#NUM!,#NUM!,#NUM!,#NUM!,#NUM!,#NUM!,#NUM!,#NUM!,#NUM!,#NUM!,#NUM!,#NUM!,#NUM!,#NUM!,#NUM!,#NUM!,#NUM!,#NUM!,#NUM!,#NUM!,#NUM!,#NUM!,#NUM!,#NUM!,#NUM!,#NUM!,#NUM!,#NUM!
WG013-SED-WEST-10202020,North,10/20/2020 0:00,Silt,0.648,6940,21.37,61.91,28.8,0.0625,0.0625,0.125,0.0625,0.0625,0.0625,0.2992,0.125,0.0692,0.0502,0.125,5.9831,,,,,,,,,,,,,,,,,,,,,,,,,,,,,7.0892,-1.204119983,-1.204119983,-0.903089987,-1.204119983,-1.204119983,-1.204119983,-0.524038411,-0.903089987,-1.159893906,-1.299296283,-0.903089987,0.776926262,#NUM!,#NUM!,#NUM!,#NUM!,#NUM!,#NUM!,#NUM!,#NUM!,#NUM!,#NUM!,#NUM!,#NUM!,#NUM!,#NUM!,#NUM!,#NUM!,#NUM!,#NUM!,#NUM!,#NUM!,#NUM!,#NUM!,#NUM!,#NUM!,#NUM!,#NUM!,#NUM!,#NUM!
WG014-SED-SPILL-10202020,Spill,10/20/2020 0:00,Medium Sand,0.199,25800,9.45,10.48,74.8,0.0625,0.1303,0.125,0.2528,0.1738,0.1301,1.008,0.3713,0.568,0.0964,0.125,17.1775,,,,,,,,,,,,,,,,,,,,,,,,,,,,,20.2207,-1.204119983,-0.885055584,-0.903089987,-0.59722293,-0.759950228,-0.885722703,0.003460532,-0.430275051,-0.245651664,-1.015922966,-0.903089987,1.234959957,#NUM!,#NUM!,#NUM!,#NUM!,#NUM!,#NUM!,#NUM!,#NUM!,#NUM!,#NUM!,#NUM!,#NUM!,#NUM!,#NUM!,#NUM!,#NUM!,#NUM!,#NUM!,#NUM!,#NUM!,#NUM!,#NUM!,#NUM!,#NUM!,#NUM!,#NUM!,#NUM!,#NUM!
WG015-SED-EAST-10202020,South,10/20/2020 0:00,Silt,0.456,11300,5.37,73.68,46.2,0.0625,0.0625,0.125,0.0625,0.0625,0.0625,0.2493,0.125,0.0898,0.0436,0.125,3.242,,,,,,,,,,,,,,,,,,,,,,,,,,,,,4.3122,-1.204119983,-1.204119983,-0.903089987,-1.204119983,-1.204119983,-1.204119983,-0.603277721,-0.903089987,-1.046723663,-1.360513511,-0.903089987,0.510813011,#NUM!,#NUM!,#NUM!,#NUM!,#NUM!,#NUM!,#NUM!,#NUM!,#NUM!,#NUM!,#NUM!,#NUM!,#NUM!,#NUM!,#NUM!,#NUM!,#NUM!,#NUM!,#NUM!,#NUM!,#NUM!,#NUM!,#NUM!,#NUM!,#NUM!,#NUM!,#NUM!,#NUM!
WG016-SED-HEAD-10202020,Head,10/20/2020 0:00,Medium Sand,0.678,103000,2.32,7.97,74.6,0.0625,0.0625,0.2967,0.3084,0.29,0.129,1.6618,0.4261,0.8254,0.3884,0.125,11.7208,,,,,,,,,,,,,,,,,,,,,,,,,,,,,16.2966,-1.204119983,-1.204119983,-0.527682454,-0.510885631,-0.537602002,-0.88941029,0.220578755,-0.370488466,-0.083335535,-0.410720779,-0.903089987,1.068957255,#NUM!,#NUM!,#NUM!,#NUM!,#NUM!,#NUM!,#NUM!,#NUM!,#NUM!,#NUM!,#NUM!,#NUM!,#NUM!,#NUM!,#NUM!,#NUM!,#NUM!,#NUM!,#NUM!,#NUM!,#NUM!,#NUM!,#NUM!,#NUM!,#NUM!,#NUM!,#NUM!,#NUM!
WG017-SED-WEST-10232020,North,10/23/2020 0:00,Silt,0.648,6940,21.37,61.91,28.8,0.0625,0.0625,0.125,0.0625,0.0625,0.0625,0.1792,0.125,0.0884,0.0394,0.125,1.2278,,,,,,,,,,,,,,,,,,,,,,,,,,,,,2.2223,-1.204119983,-1.204119983,-0.903089987,-1.204119983,-1.204119983,-1.204119983,-0.746661995,-0.903089987,-1.053547735,-1.404503778,-0.903089987,0.089127629,#NUM!,#NUM!,#NUM!,#NUM!,#NUM!,#NUM!,#NUM!,#NUM!,#NUM!,#NUM!,#NUM!,#NUM!,#NUM!,#NUM!,#NUM!,#NUM!,#NUM!,#NUM!,#NUM!,#NUM!,#NUM!,#NUM!,#NUM!,#NUM!,#NUM!,#NUM!,#NUM!,#NUM!
WG018-SED-SPILL-10232020,Spill,10/23/2020 0:00,Medium Sand,0.199,25800,9.45,10.48,74.8,0.0625,0.1323,0.2793,0.3319,0.2678,0.1431,1.061,0.4149,0.8034,0.1488,0.125,13.0288,,,,,,,,,,,,,,,,,,,,,,,,,,,,,16.7988,-1.204119983,-0.878440156,-0.553929064,-0.478992748,-0.572189427,-0.844360366,0.025715384,-0.382056565,-0.095068173,-0.827397069,-0.903089987,1.114904417,#NUM!,#NUM!,#NUM!,#NUM!,#NUM!,#NUM!,#NUM!,#NUM!,#NUM!,#NUM!,#NUM!,#NUM!,#NUM!,#NUM!,#NUM!,#NUM!,#NUM!,#NUM!,#NUM!,#NUM!,#NUM!,#NUM!,#NUM!,#NUM!,#NUM!,#NUM!,#NUM!,#NUM!
WG019-SED-EAST-10232020,South,10/23/2020 0:00,Silt,0.678,11300,5.37,73.68,46.2,0.0625,0.0625,0.125,0.0625,0.0625,0.0625,0.228,0.125,0.0861,0.0375,0.125,2.4598,,,,,,,,,,,,,,,,,,,,,,,,,,,,,3.4989,-1.204119983,-1.204119983,-0.903089987,-1.204119983,-1.204119983,-1.204119983,-0.642065153,-0.903089987,-1.064996849,-1.425968732,-0.903089987,0.390899797,#NUM!,#NUM!,#NUM!,#NUM!,#NUM!,#NUM!,#NUM!,#NUM!,#NUM!,#NUM!,#NUM!,#NUM!,#NUM!,#NUM!,#NUM!,#NUM!,#NUM!,#NUM!,#NUM!,#NUM!,#NUM!,#NUM!,#NUM!,#NUM!,#NUM!,#NUM!,#NUM!,#NUM!
WG021-SED-WEST-10272020,North,10/27/2020 0:00,Silt,0.199,6940,21.37,61.91,28.8,0.0625,0.0625,0.125,0.1451,0.0625,0.0625,0.1747,0.125,0.1746,,0.125,1.0768,,,,,,,,,,,,,,,,,,,,,,,,,,,,,2.1962,-1.204119983,-1.204119983,-0.903089987,-0.838332588,-1.204119983,-1.204119983,-0.757707095,-0.903089987,-0.757955761,#NUM!,-0.903089987,0.032135047,#NUM!,#NUM!,#NUM!,#NUM!,#NUM!,#NUM!,#NUM!,#NUM!,#NUM!,#NUM!,#NUM!,#NUM!,#NUM!,#NUM!,#NUM!,#NUM!,#NUM!,#NUM!,#NUM!,#NUM!,#NUM!,#NUM!,#NUM!,#NUM!,#NUM!,#NUM!,#NUM!,#NUM!
WG022-SED-SPILL-10272020,Spill,10/27/2020 0:00,Medium Sand,0.678,25800,9.45,10.48,74.8,0.1291,0.1534,0.125,0.3393,0.2058,0.1525,1.3074,0.4281,0.8046,0.1859,0.125,17.0833,,,,,,,,,,,,,,,,,,,,,,,,,,,,,21.0394,-0.889073758,-0.81417464,-0.903089987,-0.46941614,-0.68655463,-0.816730156,0.116408481,-0.368454772,-0.094419972,-0.73072061,-0.903089987,1.232571768,#NUM!,#NUM!,#NUM!,#NUM!,#NUM!,#NUM!,#NUM!,#NUM!,#NUM!,#NUM!,#NUM!,#NUM!,#NUM!,#NUM!,#NUM!,#NUM!,#NUM!,#NUM!,#NUM!,#NUM!,#NUM!,#NUM!,#NUM!,#NUM!,#NUM!,#NUM!,#NUM!,#NUM!
WG023-SED-EAST-10272020,South,10/27/2020 0:00,Silt,0.648,11300,5.37,73.68,46.2,0.0625,0.0625,0.125,0.1286,0.1416,0.0625,0.2404,0.125,0.1811,0.0419,0.125,1.982,,,,,,,,,,,,,,,,,,,,,,,,,,,,,3.2781,-1.204119983,-1.204119983,-0.903089987,-0.890759031,-0.848936747,-1.204119983,-0.619065537,-0.903089987,-0.74208155,-1.377785977,-0.903089987,0.29710365,#NUM!,#NUM!,#NUM!,#NUM!,#NUM!,#NUM!,#NUM!,#NUM!,#NUM!,#NUM!,#NUM!,#NUM!,#NUM!,#NUM!,#NUM!,#NUM!,#NUM!,#NUM!,#NUM!,#NUM!,#NUM!,#NUM!,#NUM!,#NUM!,#NUM!,#NUM!,#NUM!,#NUM!
WG025-SED-WEST-10292020,North,10/29/2020 0:00,Silt,0.456,6940,21.37,61.91,28.8,0.0625,0.0625,0.125,0.0625,0.0625,0.0625,0.2217,0.125,0.1559,0.0405,0.125,2.363,,,,,,,,,,,,,,,,,,,,,,,,,,,,,3.4686,-1.204119983,-1.204119983,-0.903089987,-1.204119983,-1.204119983,-1.204119983,-0.654234307,-0.903089987,-0.807153885,-1.392544977,-0.903089987,0.373463722,#NUM!,#NUM!,#NUM!,#NUM!,#NUM!,#NUM!,#NUM!,#NUM!,#NUM!,#NUM!,#NUM!,#NUM!,#NUM!,#NUM!,#NUM!,#NUM!,#NUM!,#NUM!,#NUM!,#NUM!,#NUM!,#NUM!,#NUM!,#NUM!,#NUM!,#NUM!,#NUM!,#NUM!
WG026-SED-SPILL-10292020,Spill,10/29/2020 0:00,Medium Sand,0.678,25800,9.45,10.48,74.8,0.1282,0.1584,0.2502,0.3154,0.3226,0.1663,2.0529,0.5062,1.2777,0.2265,0.125,14.0719,,,,,,,,,,,,,,,,,,,,,,,,,,,,,19.6013,-0.892111975,-0.800244823,-0.601712695,-0.501138311,-0.491335637,-0.779107751,0.312367795,-0.295677859,0.106428895,-0.644931794,-0.903089987,1.14835274,#NUM!,#NUM!,#NUM!,#NUM!,#NUM!,#NUM!,#NUM!,#NUM!,#NUM!,#NUM!,#NUM!,#NUM!,#NUM!,#NUM!,#NUM!,#NUM!,#NUM!,#NUM!,#NUM!,#NUM!,#NUM!,#NUM!,#NUM!,#NUM!,#NUM!,#NUM!,#NUM!,#NUM!
WG027-SED-EAST-10292020,South,10/29/2020 0:00,Silt,0.199,11300,5.37,73.68,46.2,0.0625,0.0625,0.125,0.1318,0.0625,0.0625,0.1986,0.125,0.1711,0.0285,0.125,1.9838,,,,,,,,,,,,,,,,,,,,,,,,,,,,,3.1388,-1.204119983,-1.204119983,-0.903089987,-0.88008459,-1.204119983,-1.204119983,-0.702020756,-0.903089987,-0.76674999,-1.54515514,-0.903089987,0.297497886,#NUM!,#NUM!,#NUM!,#NUM!,#NUM!,#NUM!,#NUM!,#NUM!,#NUM!,#NUM!,#NUM!,#NUM!,#NUM!,#NUM!,#NUM!,#NUM!,#NUM!,#NUM!,#NUM!,#NUM!,#NUM!,#NUM!,#NUM!,#NUM!,#NUM!,#NUM!,#NUM!,#NUM!
WG028-SED-HEAD-10292020,Head,10/29/2020 0:00,Medium Sand,0.678,103000,2.32,7.97,74.6,0.1275,0.1552,0.3264,0.4527,0.3846,0.1482,2.7289,0.497,2.0617,0.592,0.125,21.9005,,,,,,,,,,,,,,,,,,,,,,,,,,,,,29.4997,-0.894489815,-0.809108283,-0.48624985,-0.344189506,-0.41499072,-0.829151796,0.435987621,-0.303643611,0.314225471,-0.227678293,-0.903089987,1.34045403,#NUM!,#NUM!,#NUM!,#NUM!,#NUM!,#NUM!,#NUM!,#NUM!,#NUM!,#NUM!,#NUM!,#NUM!,#NUM!,#NUM!,#NUM!,#NUM!,#NUM!,#NUM!,#NUM!,#NUM!,#NUM!,#NUM!,#NUM!,#NUM!,#NUM!,#NUM!,#NUM!,#NUM!
WG029-SED-WEST-11032020,North,11/3/2020 0:00,Silt,0.199,6940,21.37,61.91,28.8,0.0625,0.0625,0.125,0.0625,0.0625,0.0625,0.1807,0.125,0.1659,,0.125,1.6272,,,,,,,,,,,,,,,,,,,,,,,,,,,,,2.6613,-1.204119983,-1.204119983,-0.903089987,-1.204119983,-1.204119983,-1.204119983,-0.743041847,-0.903089987,-0.780153614,#NUM!,-0.903089987,0.211440936,#NUM!,#NUM!,#NUM!,#NUM!,#NUM!,#NUM!,#NUM!,#NUM!,#NUM!,#NUM!,#NUM!,#NUM!,#NUM!,#NUM!,#NUM!,#NUM!,#NUM!,#NUM!,#NUM!,#NUM!,#NUM!,#NUM!,#NUM!,#NUM!,#NUM!,#NUM!,#NUM!,#NUM!
WG031-SED-EAST-11032020,South,11/3/2020 0:00,Silt,0.678,11300,5.37,73.68,46.2,0.0625,0.0625,0.125,0.0625,0.1238,0.0625,0.3342,0.125,0.1475,0.0526,0.125,2.7298,,,,,,,,,,,,,,,,,,,,,,,,,,,,,4.0129,-1.204119983,-1.204119983,-0.903089987,-1.204119983,-0.907279355,-1.204119983,-0.475993554,-0.903089987,-0.83120798,-1.279014256,-0.903089987,0.436130829,#NUM!,#NUM!,#NUM!,#NUM!,#NUM!,#NUM!,#NUM!,#NUM!,#NUM!,#NUM!,#NUM!,#NUM!,#NUM!,#NUM!,#NUM!,#NUM!,#NUM!,#NUM!,#NUM!,#NUM!,#NUM!,#NUM!,#NUM!,#NUM!,#NUM!,#NUM!,#NUM!,#NUM!
WG033-SED-WEST-11052020,North,11/5/2020 0:00,Silt,0.199,6940,21.37,61.91,28.8,0.0625,0.0625,0.125,0.0625,0.0625,0.0625,0.2001,0.125,0.2267,0.0125,0.125,3.0945,,,,,,,,,,,,,,,,,,,,,,,,,,,,,4.2213,-1.204119983,-1.204119983,-0.903089987,-1.204119983,-1.204119983,-1.204119983,-0.698752911,-0.903089987,-0.64454848,-1.903089987,-0.903089987,0.490590487,#NUM!,#NUM!,#NUM!,#NUM!,#NUM!,#NUM!,#NUM!,#NUM!,#NUM!,#NUM!,#NUM!,#NUM!,#NUM!,#NUM!,#NUM!,#NUM!,#NUM!,#NUM!,#NUM!,#NUM!,#NUM!,#NUM!,#NUM!,#NUM!,#NUM!,#NUM!,#NUM!,#NUM!
WG035-SED-EAST-11052020,South,11/5/2020 0:00,Silt,0.199,11300,5.37,73.68,46.2,0.0625,0.0625,0.125,0.0625,0.2822,0.0625,0.2597,0.125,0.1478,0.0827,0.125,2.6074,,,,,,,,,,,,,,,,,,,,,,,,,,,,,4.0048,-1.204119983,-1.204119983,-0.903089987,-1.204119983,-0.549442991,-1.204119983,-0.58552805,-0.903089987,-0.830325566,-1.08249449,-0.903089987,0.416207661,#NUM!,#NUM!,#NUM!,#NUM!,#NUM!,#NUM!,#NUM!,#NUM!,#NUM!,#NUM!,#NUM!,#NUM!,#NUM!,#NUM!,#NUM!,#NUM!,#NUM!,#NUM!,#NUM!,#NUM!,#NUM!,#NUM!,#NUM!,#NUM!,#NUM!,#NUM!,#NUM!,#NUM!
WG036-SED-HEAD-11052020,Head,11/5/2020 0:00,Medium Sand,0.456,103000,2.32,7.97,74.6,0.0625,,0.411,0.2743,0.4338,0.2291,2.71,0.411,1.5748,0.3228,0.1333,30.675,,,,,,,,,,,,,,,,,,,,,,,,,,,,,37.2376,-1.204119983,#NUM!,-0.386158178,-0.561774192,-0.362710452,-0.639974911,0.432969291,-0.386158178,0.197225406,-0.491066474,-0.875169851,1.486784571,#NUM!,#NUM!,#NUM!,#NUM!,#NUM!,#NUM!,#NUM!,#NUM!,#NUM!,#NUM!,#NUM!,#NUM!,#NUM!,#NUM!,#NUM!,#NUM!,#NUM!,#NUM!,#NUM!,#NUM!,#NUM!,#NUM!,#NUM!,#NUM!,#NUM!,#NUM!,#NUM!,#NUM!
WG037-SED-WEST-11102020,North,11/10/2020 0:00,Silt,0.678,6940,21.37,61.91,28.8,0.0625,0.0625,0.125,0.1267,0.1779,0.0625,0.4118,0.125,0.1275,0.057,0.125,3.469,,,,,,,,,,,,,,,,,,,,,,,,,,,,,4.9324,-1.204119983,-1.204119983,-0.903089987,-0.897223385,-0.749824052,-1.204119983,-0.385313658,-0.903089987,-0.894489815,-1.244125144,-0.903089987,0.5402043,#NUM!,#NUM!,#NUM!,#NUM!,#NUM!,#NUM!,#NUM!,#NUM!,#NUM!,#NUM!,#NUM!,#NUM!,#NUM!,#NUM!,#NUM!,#NUM!,#NUM!,#NUM!,#NUM!,#NUM!,#NUM!,#NUM!,#NUM!,#NUM!,#NUM!,#NUM!,#NUM!,#NUM!
WG038-SED-SPILL-11102020,Spill,11/10/2020 0:00,Medium Sand,0.648,25800,9.45,10.48,74.8,0.1982,0.0625,0.5589,0.4703,0.4483,5.5127,2.9347,0.8301,4.2839,0.4568,0.45,35.8347,,,,,,,,,,,,,,,,,,,,,,,,,,,,,52.0411,-0.70289635,-1.204119983,-0.25266589,-0.327625021,-0.348431261,0.741364359,0.467563712,-0.080869586,0.631839324,-0.340273905,-0.346787486,1.554303773,#NUM!,#NUM!,#NUM!,#NUM!,#NUM!,#NUM!,#NUM!,#NUM!,#NUM!,#NUM!,#NUM!,#NUM!,#NUM!,#NUM!,#NUM!,#NUM!,#NUM!,#NUM!,#NUM!,#NUM!,#NUM!,#NUM!,#NUM!,#NUM!,#NUM!,#NUM!,#NUM!,#NUM!
WG039-SED-EAST-11102020,South,11/10/2020 0:00,Silt,0.199,11300,5.37,73.68,46.2,0.0625,0.0625,0.125,0.1283,0.1765,0.0625,0.5536,0.2537,0.1582,0.0317,0.125,6.0419,,,,,,,,,,,,,,,,,,,,,,,,,,,,,7.7814,-1.204119983,-1.204119983,-0.903089987,-0.891773344,-0.75325529,-1.204119983,-0.256803919,-0.595679533,-0.800793521,-1.498940738,-0.903089987,0.781173533,#NUM!,#NUM!,#NUM!,#NUM!,#NUM!,#NUM!,#NUM!,#NUM!,#NUM!,#NUM!,#NUM!,#NUM!,#NUM!,#NUM!,#NUM!,#NUM!,#NUM!,#NUM!,#NUM!,#NUM!,#NUM!,#NUM!,#NUM!,#NUM!,#NUM!,#NUM!,#NUM!,#NUM!
WG040-SED-HEAD-11102020,Head,11/10/2020 0:00,Medium Sand,0.456,103000,2.32,7.97,74.6,0.1394,,0.6934,0.392,0.7471,2.3481,2.5737,0.6641,8.6865,0.6147,0.2452,32.7393,,,,,,,,,,,,,,,,,,,,,,,,,,,,,49.8435,-0.855737226,#NUM!,-0.159016163,-0.406713933,-0.126621264,0.370716589,0.410557923,-0.17776652,0.938844824,-0.211336787,-0.610479534,1.51506939,#NUM!,#NUM!,#NUM!,#NUM!,#NUM!,#NUM!,#NUM!,#NUM!,#NUM!,#NUM!,#NUM!,#NUM!,#NUM!,#NUM!,#NUM!,#NUM!,#NUM!,#NUM!,#NUM!,#NUM!,#NUM!,#NUM!,#NUM!,#NUM!,#NUM!,#NUM!,#NUM!,#NUM!
WG084-SED-WEST-06152021,NORTH,6/15/2021 12:00,,,,,,,0.2,0.1,0.0495,0.12,0.0495,0.09,0.36,0.21,0.395,0.0495,0.26,7.3,0.13,0.1,0.0495,0.0495,0.0495,0.063,0.0495,0.2,0.395,0.09,0.0495,0.0495,0.0495,0.0495,0.495,0.495,0.3,0.2,0.1,0.1,0.2,0.2,0.1,0.25,1.25,1.25,0.059,0.1,15.6565,-0.698970004,-1,-1.305394801,-0.920818754,-1.305394801,-1.045757491,-0.443697499,-0.677780705,-0.403402904,-1.305394801,-0.585026652,0.86332286,-0.886056648,-1,-1.305394801,-1.305394801,-1.305394801,-1.200659451,-1.305394801,-0.698970004,-0.403402904,-1.045757491,-1.305394801,-1.305394801,-1.305394801,-1.305394801,-0.305394801,-0.305394801,-0.522878745,-0.698970004,-1,-1,-0.698970004,-0.698970004,-1,-0.602059991,0.096910013,0.096910013,-1.229147988,-1
WG085-SED-SPILL-06152021,SPILL,6/15/2021 12:00,,,,,,,0.2,0.1,0.0495,0.29,0.1,0.09,0.86,0.33,0.55,0.09,0.094,13,0.096,0.2,0.66,0.64,0.42,0.052,0.4,0.2,0.38,0.3,0.0495,0.0495,0.0495,0.0495,0.495,0.495,0.3,0.2,0.1,0.1,0.2,0.2,0.1,0.25,1.25,1.5,0.25,0.1,24.8395,-0.698970004,-1,-1.305394801,-0.537602002,-1,-1.045757491,-0.065501549,-0.48148606,-0.259637311,-1.045757491,-1.026872146,1.113943352,-1.017728767,-0.698970004,-0.180456064,-0.193820026,-0.37675071,-1.283996656,-0.397940009,-0.698970004,-0.420216403,-0.522878745,-1.305394801,-1.305394801,-1.305394801,-1.305394801,-0.305394801,-0.305394801,-0.522878745,-0.698970004,-1,-1,-0.698970004,-0.698970004,-1,-0.602059991,0.096910013,0.176091259,-0.602059991,-1
WG086-SED-EAST-06152021,SOUTH,6/15/2021 12:00,,,,,,,0.2,0.1,0.0495,0.09,0.0495,0.09,0.47,0.15,0.395,0.0495,0.0495,7.1,0.11,0.39,0.12,0.0495,0.0495,0.17,0.0495,0.2,0.61,0.95,0.0495,0.0495,0.0495,0.0495,0.495,0.495,0.3,0.2,0.1,0.1,0.2,0.2,0.1,0.25,1.25,1.25,0.38,0.1,17.1095,-0.698970004,-1,-1.305394801,-1.045757491,-1.305394801,-1.045757491,-0.327902142,-0.823908741,-0.403402904,-1.305394801,-1.305394801,0.851258349,-0.958607315,-0.408935393,-0.920818754,-1.305394801,-1.305394801,-0.769551079,-1.305394801,-0.698970004,-0.214670165,-0.022276395,-1.305394801,-1.305394801,-1.305394801,-1.305394801,-0.305394801,-0.305394801,-0.522878745,-0.698970004,-1,-1,-0.698970004,-0.698970004,-1,-0.602059991,0.096910013,0.096910013,-0.420216403,-1
WG087-SED-HEAD-06152021,HEAD,6/15/2021 12:00,,,,,,,0.215,0.15,0.1,0.2,0.17,0.1,2.2,0.61,0.58,0.32,0.34,55,0.29,0.84,1.3,1.1,0.91,0.31,0.55,0.215,0.95,0.68,0.055,0.055,0.055,0.055,1.8,0.55,0.32,0.215,0.105,0.105,0.215,0.215,0.105,0.265,1.35,1.9,0.81,0.11,75.415,-0.66756154,-0.823908741,-1,-0.698970004,-0.769551079,-1,0.342422681,-0.214670165,-0.236572006,-0.494850022,-0.468521083,1.740362689,-0.537602002,-0.075720714,0.113943352,0.041392685,-0.040958608,-0.508638306,-0.259637311,-0.66756154,-0.022276395,-0.167491087,-1.259637311,-1.259637311,-1.259637311,-1.259637311,0.255272505,-0.259637311,-0.494850022,-0.66756154,-0.978810701,-0.978810701,-0.66756154,-0.66756154,-0.978810701,-0.576754126,0.130333768,0.278753601,-0.091514981,-0.958607315
WG096-SED-WEST-06302021,NORTH,6/30/2021 12:00,,,,,,,0.2,0.1,0.05,0.09,0.05,0.09,0.3,0.1,0.4,0.05,0.05,4,0.05,0.073,0.055,0.05,0.05,0.05,0.05,0.2,0.4,0.09,0.05,0.05,0.05,0.05,0.5,0.5,0.3,0.2,0.1,0.1,0.2,0.2,0.1,0.25,1.25,1.25,0.05,0.1,11.848,-0.698970004,-1,-1.301029996,-1.045757491,-1.301029996,-1.045757491,-0.522878745,-1,-0.397940009,-1.301029996,-1.301029996,0.602059991,-1.301029996,-1.13667714,-1.259637311,-1.301029996,-1.301029996,-1.301029996,-1.301029996,-0.698970004,-0.397940009,-1.045757491,-1.301029996,-1.301029996,-1.301029996,-1.301029996,-0.301029996,-0.301029996,-0.522878745,-0.698970004,-1,-1,-0.698970004,-0.698970004,-1,-0.602059991,0.096910013,0.096910013,-1.301029996,-1
WG097-SED-SPILL-06302021,SPILL,6/30/2021 12:00,,,,,,,0.2,0.1,0.069,0.28,0.079,0.09,1,0.39,0.87,0.12,0.14,20,0.099,0.19,0.58,0.68,0.48,0.085,0.47,0.2,0.62,0.43,0.05,0.05,0.05,0.05,0.5,0.5,0.3,0.2,0.1,0.1,0.2,0.2,0.1,0.25,1.1,1.3,0.37,0.1,32.692,-0.698970004,-1,-1.161150909,-0.552841969,-1.102372909,-1.045757491,0,-0.408935393,-0.060480747,-0.920818754,-0.853871964,1.301029996,-1.004364805,-0.721246399,-0.236572006,-0.167491087,-0.318758763,-1.070581074,-0.327902142,-0.698970004,-0.207608311,-0.366531544,-1.301029996,-1.301029996,-1.301029996,-1.301029996,-0.301029996,-0.301029996,-0.522878745,-0.698970004,-1,-1,-0.698970004,-0.698970004,-1,-0.602059991,0.041392685,0.113943352,-0.431798276,-1
WG098-SED-EAST-06302021,SOUTH,6/30/2021 12:00,,,,,,,0.2,0.1,0.05,0.09,0.05,0.09,0.41,0.2,0.4,0.05,0.058,6.8,0.091,0.38,0.11,0.05,0.05,0.18,0.05,0.2,0.49,0.92,0.059,0.05,0.05,0.05,0.5,0.5,0.3,0.2,0.1,0.1,0.2,0.2,0.1,0.25,1.25,1.25,0.47,0.1,16.748,-0.698970004,-1,-1.301029996,-1.045757491,-1.301029996,-1.045757491,-0.387216143,-0.698970004,-0.397940009,-1.301029996,-1.236572006,0.832508913,-1.040958608,-0.420216403,-0.958607315,-1.301029996,-1.301029996,-0.744727495,-1.301029996,-0.698970004,-0.30980392,-0.036212173,-1.229147988,-1.301029996,-1.301029996,-1.301029996,-0.301029996,-0.301029996,-0.522878745,-0.698970004,-1,-1,-0.698970004,-0.698970004,-1,-0.602059991,0.096910013,0.096910013,-0.327902142,-1
WG099-SED-HEAD-06302021,HEAD,6/30/2021 12:00,,,,,,,0.2,0.1,0.049,0.14,0.069,0.091,1.2,0.48,0.36,0.16,0.19,30,0.23,0.64,0.78,0.63,0.51,0.19,0.32,0.2,0.5,0.4,0.0495,0.0495,0.0495,0.0495,1.1,0.495,0.295,0.2,0.1,0.1,0.2,0.2,0.1,0.245,1.25,1.2,0.47,0.1,43.692,-0.698970004,-1,-1.30980392,-0.853871964,-1.161150909,-1.040958608,0.079181246,-0.318758763,-0.443697499,-0.795880017,-0.721246399,1.477121255,-0.638272164,-0.193820026,-0.107905397,-0.200659451,-0.292429824,-0.721246399,-0.494850022,-0.698970004,-0.301029996,-0.397940009,-1.305394801,-1.305394801,-1.305394801,-1.305394801,0.041392685,-0.305394801,-0.530177984,-0.698970004,-1,-1,-0.698970004,-0.698970004,-1,-0.610833916,0.096910013,0.079181246,-0.327902142,-1
WG100-SED-WEST-07022021,NORTH,7/2/2021 12:00,,,,,,,0.195,0.1,0.0495,0.09,0.0495,0.09,0.28,0.12,0.395,0.0495,0.08,7.6,0.078,0.14,0.058,0.0495,0.0495,0.057,0.0495,0.195,0.395,0.09,0.0495,0.0495,0.0495,0.0495,0.495,0.495,0.295,0.195,0.1,0.1,0.195,0.195,0.1,0.245,1.25,1.25,0.074,0.1,15.547,-0.709965389,-1,-1.305394801,-1.045757491,-1.305394801,-1.045757491,-0.552841969,-0.920818754,-0.403402904,-1.305394801,-1.096910013,0.880813592,-1.107905397,-0.853871964,-1.236572006,-1.305394801,-1.305394801,-1.244125144,-1.305394801,-0.709965389,-0.403402904,-1.045757491,-1.305394801,-1.305394801,-1.305394801,-1.305394801,-0.305394801,-0.305394801,-0.530177984,-0.709965389,-1,-1,-0.709965389,-0.709965389,-1,-0.610833916,0.096910013,0.096910013,-1.13076828,-1
WG101-SED-SPILL-07022021,SPILL,7/2/2021 12:00,,,,,,,0.2,0.1,0.0495,0.21,0.078,0.09,0.93,0.28,0.54,0.071,0.1,11,0.062,0.16,0.54,0.57,0.35,0.054,0.31,0.2,0.36,0.27,0.0495,0.0495,0.0495,0.0495,0.54,1.1,0.295,0.2,0.1,0.1,0.2,0.2,0.1,0.25,1.25,1,0.28,0.1,22.4375,-0.698970004,-1,-1.305394801,-0.677780705,-1.107905397,-1.045757491,-0.031517051,-0.552841969,-0.26760624,-1.148741651,-1,1.041392685,-1.207608311,-0.795880017,-0.26760624,-0.244125144,-0.455931956,-1.26760624,-0.508638306,-0.698970004,-0.443697499,-0.568636236,-1.305394801,-1.305394801,-1.305394801,-1.305394801,-0.26760624,0.041392685,-0.530177984,-0.698970004,-1,-1,-0.698970004,-0.698970004,-1,-0.602059991,0.096910013,0,-0.552841969,-1
WG102-SED-EAST-07022021,SOUTH,7/2/2021 12:00,,,,,,,0.2,0.1,0.05,0.092,0.05,0.09,0.67,0.21,0.4,0.052,0.14,9.8,0.27,0.38,0.1,0.05,0.05,0.28,0.05,0.2,0.82,1.7,0.05,0.05,0.05,0.05,0.5,0.5,0.3,0.2,0.1,0.1,0.2,0.2,0.1,0.25,1.25,1.25,0.47,0.1,21.474,-0.698970004,-1,-1.301029996,-1.036212173,-1.301029996,-1.045757491,-0.173925197,-0.677780705,-0.397940009,-1.283996656,-0.853871964,0.991226076,-0.568636236,-0.420216403,-1,-1.301029996,-1.301029996,-0.552841969,-1.301029996,-0.698970004,-0.086186148,0.230448921,-1.301029996,-1.301029996,-1.301029996,-1.301029996,-0.301029996,-0.301029996,-0.522878745,-0.698970004,-1,-1,-0.698970004,-0.698970004,-1,-0.602059991,0.096910013,0.096910013,-0.327902142,-1
WG103-SED-HEAD-07022021,HEAD,7/2/2021 12:00,,,,,,,0.265,0.135,0.07,0.24,0.16,0.12,1.5,0.61,0.55,0.19,0.28,40,0.36,0.83,1.1,0.95,0.68,0.26,0.43,0.265,0.89,0.62,0.065,0.065,0.065,0.065,0.97,0.65,0.4,0.265,0.135,0.135,0.265,0.265,0.135,0.33,1.65,1.65,0.78,0.15,58.545,-0.576754126,-0.869666232,-1.15490196,-0.619788758,-0.795880017,-0.920818754,0.176091259,-0.214670165,-0.259637311,-0.721246399,-0.552841969,1.602059991,-0.443697499,-0.080921908,0.041392685,-0.022276395,-0.167491087,-0.585026652,-0.366531544,-0.576754126,-0.050609993,-0.207608311,-1.187086643,-1.187086643,-1.187086643,-1.187086643,-0.013228266,-0.187086643,-0.397940009,-0.576754126,-0.869666232,-0.869666232,-0.576754126,-0.576754126,-0.869666232,-0.48148606,0.217483944,0.217483944,-0.107905397,-0.823908741
WG108-SED-WEST-07082021,NORTH,7/8/2021 12:00,,,,,,,0.2,0.1,0.05,0.09,0.05,0.09,0.33,0.099,0.4,0.05,0.077,8.1,0.093,0.099,0.081,0.05,0.05,0.05,0.05,0.2,0.4,0.09,0.05,0.05,0.05,0.05,0.5,0.5,0.3,0.2,0.1,0.1,0.2,0.2,0.1,0.25,1.25,1.25,0.061,0.1,16.11,-0.698970004,-1,-1.301029996,-1.045757491,-1.301029996,-1.045757491,-0.48148606,-1.004364805,-0.397940009,-1.301029996,-1.113509275,0.908485019,-1.031517051,-1.004364805,-1.091514981,-1.301029996,-1.301029996,-1.301029996,-1.301029996,-0.698970004,-0.397940009,-1.045757491,-1.301029996,-1.301029996,-1.301029996,-1.301029996,-0.301029996,-0.301029996,-0.522878745,-0.698970004,-1,-1,-0.698970004,-0.698970004,-1,-0.602059991,0.096910013,0.096910013,-1.214670165,-1
WG109-SED-SPILL-07082021,SPILL,7/8/2021 12:00,,,,,,,0.2,0.1,0.051,0.27,0.084,0.09,0.93,0.34,0.62,0.099,0.094,15,0.06,0.22,0.67,0.55,0.39,0.063,0.38,0.2,0.4,0.23,0.05,0.05,0.05,0.05,0.5,0.5,0.3,0.2,0.1,0.1,0.2,0.2,0.1,0.25,1.25,1.25,0.4,0.1,26.691,-0.698970004,-1,-1.292429824,-0.568636236,-1.075720714,-1.045757491,-0.031517051,-0.468521083,-0.207608311,-1.004364805,-1.026872146,1.176091259,-1.22184875,-0.657577319,-0.173925197,-0.259637311,-0.408935393,-1.200659451,-0.420216403,-0.698970004,-0.397940009,-0.638272164,-1.301029996,-1.301029996,-1.301029996,-1.301029996,-0.301029996,-0.301029996,-0.522878745,-0.698970004,-1,-1,-0.698970004,-0.698970004,-1,-0.602059991,0.096910013,0.096910013,-0.397940009,-1
WG110-SED-EAST-07082021,SOUTH,7/8/2021 12:00,,,,,,,0.2,0.1,0.05,0.09,0.05,0.09,0.24,0.13,0.4,0.05,0.05,6.2,0.05,0.26,0.23,0.076,0.05,0.075,0.05,0.2,0.4,0.14,0.05,0.05,0.05,0.05,0.5,0.5,0.3,0.2,0.1,0.1,0.2,0.2,0.1,0.25,1.25,1.25,0.51,0.1,14.941,-0.698970004,-1,-1.301029996,-1.045757491,-1.301029996,-1.045757491,-0.619788758,-0.886056648,-0.397940009,-1.301029996,-1.301029996,0.792391689,-1.301029996,-0.585026652,-0.638272164,-1.119186408,-1.301029996,-1.124938737,-1.301029996,-0.698970004,-0.397940009,-0.853871964,-1.301029996,-1.301029996,-1.301029996,-1.301029996,-0.301029996,-0.301029996,-0.522878745,-0.698970004,-1,-1,-0.698970004,-0.698970004,-1,-0.602059991,0.096910013,0.096910013,-0.292429824,-1
WG111-SED-HEAD-07082021,HEAD,7/8/2021 12:00,,,,,,,0.315,0.155,0.08,0.24,0.32,0.14,3.7,0.77,0.65,0.67,0.34,77,0.3,0.67,0.93,0.77,0.55,0.27,0.33,0.315,0.56,0.42,0.08,0.08,0.08,1.5,1.1,0.83,0.47,0.315,0.155,0.155,0.315,0.315,0.155,0.39,1.95,1.95,0.67,0.155,100.16,-0.501689446,-0.809668302,-1.096910013,-0.619788758,-0.494850022,-0.853871964,0.568201724,-0.113509275,-0.187086643,-0.173925197,-0.468521083,1.886490725,-0.522878745,-0.173925197,-0.031517051,-0.113509275,-0.259637311,-0.568636236,-0.48148606,-0.501689446,-0.251811973,-0.37675071,-1.096910013,-1.096910013,-1.096910013,0.176091259,0.041392685,-0.080921908,-0.327902142,-0.501689446,-0.809668302,-0.809668302,-0.501689446,-0.501689446,-0.809668302,-0.408935393,0.290034611,0.290034611,-0.173925197,-0.809668302
WG116-SED-WEST-07132021,NORTH,7/13/2021 12:00,,,,,,,0.195,0.1,0.049,0.09,0.049,0.09,0.23,0.11,0.395,0.049,0.11,6.3,0.062,0.091,0.049,0.049,0.049,0.049,0.049,0.195,0.395,0.09,0.049,0.049,0.049,0.049,0.49,0.49,0.295,0.195,0.1,0.1,0.195,0.195,0.1,0.245,1.25,1.25,0.049,0.1,14.095,-0.709965389,-1,-1.30980392,-1.045757491,-1.30980392,-1.045757491,-0.638272164,-0.958607315,-0.403402904,-1.30980392,-0.958607315,0.799340549,-1.207608311,-1.040958608,-1.30980392,-1.30980392,-1.30980392,-1.30980392,-1.30980392,-0.709965389,-0.403402904,-1.045757491,-1.30980392,-1.30980392,-1.30980392,-1.30980392,-0.30980392,-0.30980392,-0.530177984,-0.709965389,-1,-1,-0.709965389,-0.709965389,-1,-0.610833916,0.096910013,0.096910013,-1.30980392,-1
WG117-SED-SPILL-07132021,SPILL,7/13/2021 12:00,,,,,,,0.2,0.1,0.0495,0.15,0.0495,0.09,0.57,0.27,0.43,0.0495,0.089,10,0.063,0.19,0.47,0.53,0.36,0.0495,0.28,0.2,0.4,0.29,0.0495,0.0495,0.0495,0.0495,0.495,0.495,0.3,0.2,0.1,0.1,0.2,0.2,0.1,0.25,1.25,1.25,0.25,0.1,20.368,-0.698970004,-1,-1.305394801,-0.823908741,-1.305394801,-1.045757491,-0.244125144,-0.568636236,-0.366531544,-1.305394801,-1.050609993,1,-1.200659451,-0.721246399,-0.327902142,-0.27572413,-0.443697499,-1.305394801,-0.552841969,-0.698970004,-0.397940009,-0.537602002,-1.305394801,-1.305394801,-1.305394801,-1.305394801,-0.305394801,-0.305394801,-0.522878745,-0.698970004,-1,-1,-0.698970004,-0.698970004,-1,-0.602059991,0.096910013,0.096910013,-0.602059991,-1
WG118-SED-EAST-07132021,SOUTH,7/13/2021 12:00,,,,,,,0.2,0.1,0.0495,0.092,0.053,0.09,0.8,0.21,0.52,0.059,0.17,9.6,0.48,0.47,0.12,0.0495,0.0495,0.31,0.0495,0.2,0.92,1.7,0.0495,0.0495,0.0495,0.0495,0.495,0.495,0.3,0.2,0.1,0.1,0.2,0.2,0.1,0.25,1.25,1,0.45,0.1,21.73,-0.698970004,-1,-1.305394801,-1.036212173,-1.27572413,-1.045757491,-0.096910013,-0.677780705,-0.283996656,-1.229147988,-0.769551079,0.982271233,-0.318758763,-0.327902142,-0.920818754,-1.305394801,-1.305394801,-0.508638306,-1.305394801,-0.698970004,-0.036212173,0.230448921,-1.305394801,-1.305394801,-1.305394801,-1.305394801,-0.305394801,-0.305394801,-0.522878745,-0.698970004,-1,-1,-0.698970004,-0.698970004,-1,-0.602059991,0.096910013,0,-0.346787486,-1
WG119-SED-HEAD-07132021,HEAD,7/13/2021 12:00,,,,,,,0.2,0.1,0.0495,0.12,0.082,0.09,1.1,0.39,0.4,0.1,0.21,29,0.28,0.6,0.81,0.65,0.49,0.2,0.3,0.2,0.5,0.38,0.0495,0.0495,0.0495,0.0495,2,0.495,0.3,0.2,0.1,0.1,0.2,0.2,0.1,0.25,1.25,1,0.58,0.1,43.3245,-0.698970004,-1,-1.305394801,-0.920818754,-1.086186148,-1.045757491,0.041392685,-0.408935393,-0.397940009,-1,-0.677780705,1.462397998,-0.552841969,-0.22184875,-0.091514981,-0.187086643,-0.30980392,-0.698970004,-0.522878745,-0.698970004,-0.301029996,-0.420216403,-1.305394801,-1.305394801,-1.305394801,-1.305394801,0.301029996,-0.305394801,-0.522878745,-0.698970004,-1,-1,-0.698970004,-0.698970004,-1,-0.602059991,0.096910013,0,-0.236572006,-1
