SampleID,Location,SampleDate,WaterTemp,pH,Cond,DO,Precipitation,PFBA,PFPeA,PFBS,PFHxA,PFPeS,PFHpA,PFHxS,PFOA,6:2 FTS,PFHpS,PFNA,PFOS,PFDA,PFUnA,PFDoA,PFTrDA,PFTeDA,PFNS,PFDS,PFDoS,8:2 FTS,FOSA,N-MeFOSA,N-EtFOSA,N-MeFOSAA,N-EtFOSAA,N-MeFOSE,N-EtFOSE,HFPO-DA,ADONA,PFMPA,PFMBA,NFDHA,9Cl-PF3ONS,11Cl-PF3OUdS,PFEESA,3:3 FTCA,5:3 FTCA,7:3 FTCA,4:2 FTS,SumPFAS,log_PFBA,log_PFPeA,log_PFBS,log_PFHxA,log_PFPeS,log_PFHpA,log_PFHxS,log_PFOA,log_6:2 FTS,log_PFHpS,log_PFNA,log_PFOS,log_PFDA,log_PFUnA,log_PFDoA,log_PFTrDA,log_PFTeDA,log_PFNS,log_PFDS,log_PFDoS,log_8:2 FTS,log_FOSA,log_N-MeFOSA,log_N-EtFOSA,log_N-MeFOSAA,log_N-EtFOSAA,log_N-MeFOSE,log_N-EtFOSE,log_HFPO-DA,log_ADONA,log_PFMPA,log_PFMBA,log_NFDHA,log_9Cl-PF3ONS,log_11Cl-PF3OUdS,log_PFEESA,log_3:3 FTCA,log_5:3 FTCA,log_7:3 FTCA,log_4:2 FTS
WG002-SW-WEST-100920,North,10/9/2020 0:00,14.1,,,6.72,0,8.802,17.11,8.063,21.56,5.655,10.35,75.67,36.36,7.276,3.248,4.266,264.4,,,,,,,,,,,,,,,,,,,,,,,,,,,,,462.76,0.944581364,1.23325001,0.90649666,1.333648757,0.752432609,1.01494035,1.878923734,1.560623875,0.86189269,0.511616021,0.630020851,2.422261451,#NUM!,#NUM!,#NUM!,#NUM!,#NUM!,#NUM!,#NUM!,#NUM!,#NUM!,#NUM!,#NUM!,#NUM!,#NUM!,#NUM!,#NUM!,#NUM!,#NUM!,#NUM!,#NUM!,#NUM!,#NUM!,#NUM!,#NUM!,#NUM!,#NUM!,#NUM!,#NUM!,#NUM!
WG003-SW-SPILL-100920,Spill,10/9/2020 0:00,16.8,,,7.56,0,13.95,16.75,10.29,23.73,7.444,12.18,67.79,29.97,11.06,2.484,3.782,253.9,,,,,,,,,,,,,,,,,,,,,,,,,,,,,453.33,1.144574208,1.224014811,1.012415375,1.375297738,0.871806364,1.085647288,1.831165634,1.476686743,1.043755127,0.395151592,0.577721525,2.404662701,#NUM!,#NUM!,#NUM!,#NUM!,#NUM!,#NUM!,#NUM!,#NUM!,#NUM!,#NUM!,#NUM!,#NUM!,#NUM!,#NUM!,#NUM!,#NUM!,#NUM!,#NUM!,#NUM!,#NUM!,#NUM!,#NUM!,#NUM!,#NUM!,#NUM!,#NUM!,#NUM!,#NUM!
WG004-SW-EAST-100920,South,10/9/2020 0:00,15.1,,,6.72,0,11.11,19.46,9.768,22.08,6.64,12.08,59.49,37.41,12.75,4.291,4.066,363.7,,,,,,,,,,,,,,,,,,,,,,,,,,,,,562.845,1.045714059,1.289142836,0.989805651,1.343999069,0.822168079,1.082066934,1.774443969,1.572987708,1.105510185,0.632558515,0.609167374,2.560743301,#NUM!,#NUM!,#NUM!,#NUM!,#NUM!,#NUM!,#NUM!,#NUM!,#NUM!,#NUM!,#NUM!,#NUM!,#NUM!,#NUM!,#NUM!,#NUM!,#NUM!,#NUM!,#NUM!,#NUM!,#NUM!,#NUM!,#NUM!,#NUM!,#NUM!,#NUM!,#NUM!,#NUM!
WG005-SW-HEAD-100920,Head,10/9/2020 0:00,13.7,,,6.68,0,15.85,21.49,15.01,27.68,5.912,15.56,80.28,40.34,11.69,6.894,4.98,462.6,,,,,,,,,,,,,,,,,,,,,,,,,,,,,708.286,1.200029267,1.332236415,1.176380692,1.442166086,0.771734425,1.192009593,1.904607364,1.605735894,1.067814511,0.838471279,0.697229343,2.665205628,#NUM!,#NUM!,#NUM!,#NUM!,#NUM!,#NUM!,#NUM!,#NUM!,#NUM!,#NUM!,#NUM!,#NUM!,#NUM!,#NUM!,#NUM!,#NUM!,#NUM!,#NUM!,#NUM!,#NUM!,#NUM!,#NUM!,#NUM!,#NUM!,#NUM!,#NUM!,#NUM!,#NUM!
WG007-SW-WEST-101320,North,10/13/2020 0:00,15.4,,,6.1,0.24015748,13.72,21.65,7.875,21.63,7.707,11.16,69.44,27.95,10.42,5.006,3.944,473.5,,,,,,,,,,,,,,,,,,,,,,,,,,,,,674.002,1.137354111,1.335457901,0.896250562,1.335056519,0.886885359,1.047664195,1.841609712,1.446381812,1.017867719,0.699490845,0.595936906,2.675319983,#NUM!,#NUM!,#NUM!,#NUM!,#NUM!,#NUM!,#NUM!,#NUM!,#NUM!,#NUM!,#NUM!,#NUM!,#NUM!,#NUM!,#NUM!,#NUM!,#NUM!,#NUM!,#NUM!,#NUM!,#NUM!,#NUM!,#NUM!,#NUM!,#NUM!,#NUM!,#NUM!,#NUM!
WG008-SW-SPILL-101320,Spill,10/13/2020 0:00,15.3,,,7.05,0.24015748,10.21,13.94,6.91,19.27,5.135,11.67,67.06,25.37,11.17,2.728,3.46,317.7,,,,,,,,,,,,,,,,,,,,,,,,,,,,,494.623,1.009025742,1.144262774,0.839478047,1.284881715,0.710540448,1.067070856,1.826463549,1.404320467,1.048053173,0.435844366,0.539076099,2.502017215,#NUM!,#NUM!,#NUM!,#NUM!,#NUM!,#NUM!,#NUM!,#NUM!,#NUM!,#NUM!,#NUM!,#NUM!,#NUM!,#NUM!,#NUM!,#NUM!,#NUM!,#NUM!,#NUM!,#NUM!,#NUM!,#NUM!,#NUM!,#NUM!,#NUM!,#NUM!,#NUM!,#NUM!
WG009-SW-EAST-101320,South,10/13/2020 0:00,15.2,,,6.81,0.24015748,10.04,16.74,8.15,20.11,5.414,11.5,64.65,27.37,6.044,3.877,3.988,253.9,,,,,,,,,,,,,,,,,,,,,,,,,,,,,431.783,1.001733713,1.223755454,0.911157609,1.303412071,0.733518251,1.06069784,1.810568529,1.437274797,0.781324456,0.588495801,0.60075515,2.404662701,#NUM!,#NUM!,#NUM!,#NUM!,#NUM!,#NUM!,#NUM!,#NUM!,#NUM!,#NUM!,#NUM!,#NUM!,#NUM!,#NUM!,#NUM!,#NUM!,#NUM!,#NUM!,#NUM!,#NUM!,#NUM!,#NUM!,#NUM!,#NUM!,#NUM!,#NUM!,#NUM!,#NUM!
WG010-SW-HEAD-101320,Head,10/13/2020 0:00,17.2,,,5.95,0.24015748,13.11,30.23,11.24,28.48,7.743,13.55,100.3,30.84,20.5,5.626,3.701,419.1,,,,,,,,,,,,,,,,,,,,,,,,,,,,,684.42,1.117602692,1.480438147,1.050766311,1.454539985,0.888909259,1.131939295,2.001300933,1.489114369,1.311753861,0.750199728,0.568319085,2.622317661,#NUM!,#NUM!,#NUM!,#NUM!,#NUM!,#NUM!,#NUM!,#NUM!,#NUM!,#NUM!,#NUM!,#NUM!,#NUM!,#NUM!,#NUM!,#NUM!,#NUM!,#NUM!,#NUM!,#NUM!,#NUM!,#NUM!,#NUM!,#NUM!,#NUM!,#NUM!,#NUM!,#NUM!
WG012-SW-SPILL-101520,Spill,10/15/2020 0:00,14.5,,,6.05,0,10.39,19.03,7.809,25.24,7.972,9.744,73.55,31.62,12.46,3.024,3.437,375.4,,,,,,,,,,,,,,,,,,,,,,,,,,,,,579.676,1.016615548,1.279438788,0.892595423,1.402089351,0.90156729,0.988737275,1.866582677,1.499961866,1.095518042,0.480581787,0.536179532,2.574494268,#NUM!,#NUM!,#NUM!,#NUM!,#NUM!,#NUM!,#NUM!,#NUM!,#NUM!,#NUM!,#NUM!,#NUM!,#NUM!,#NUM!,#NUM!,#NUM!,#NUM!,#NUM!,#NUM!,#NUM!,#NUM!,#NUM!,#NUM!,#NUM!,#NUM!,#NUM!,#NUM!,#NUM!
WG013-SW-WEST-101520,North,10/15/2020 0:00,15,,,5.58,0,10.03,16.66,9.943,22.34,6.591,9.848,75.26,29.26,11.09,1.847,3.115,321.1,,,,,,,,,,,,,,,,,,,,,,,,,,,,,517.084,1.001300933,1.221674997,0.997517439,1.349083169,0.818951312,0.99334804,1.876564214,1.466274322,1.044931546,0.266466895,0.493458051,2.506640306,#NUM!,#NUM!,#NUM!,#NUM!,#NUM!,#NUM!,#NUM!,#NUM!,#NUM!,#NUM!,#NUM!,#NUM!,#NUM!,#NUM!,#NUM!,#NUM!,#NUM!,#NUM!,#NUM!,#NUM!,#NUM!,#NUM!,#NUM!,#NUM!,#NUM!,#NUM!,#NUM!,#NUM!
WG014-SW-EAST-101520,South,10/15/2020 0:00,15.1,,,5.9,0,11.16,19.56,9.306,28.05,7.159,12.07,89.41,35.22,8.286,4.392,3.911,354.6,,,,,,,,,,,,,,,,,,,,,,,,,,,,,583.124,1.047664195,1.29136885,0.968763048,1.447932866,0.854852362,1.08170727,1.951386095,1.546789352,0.918344929,0.642662331,0.592287816,2.549738731,#NUM!,#NUM!,#NUM!,#NUM!,#NUM!,#NUM!,#NUM!,#NUM!,#NUM!,#NUM!,#NUM!,#NUM!,#NUM!,#NUM!,#NUM!,#NUM!,#NUM!,#NUM!,#NUM!,#NUM!,#NUM!,#NUM!,#NUM!,#NUM!,#NUM!,#NUM!,#NUM!,#NUM!
WG015-SW-HEAD-101520,Head,10/15/2020 0:00,15.5,,,4.79,0,14.43,18.71,12.71,24.38,7.181,12.26,97.18,26.71,16.43,6.224,3.465,522.8,,,,,,,,,,,,,,,,,,,,,,,,,,,,,762.48,1.159266331,1.272073788,1.104145551,1.387033701,0.856184927,1.08849047,1.987576895,1.426673888,1.215637563,0.794069584,0.539703239,2.718335579,#NUM!,#NUM!,#NUM!,#NUM!,#NUM!,#NUM!,#NUM!,#NUM!,#NUM!,#NUM!,#NUM!,#NUM!,#NUM!,#NUM!,#NUM!,#NUM!,#NUM!,#NUM!,#NUM!,#NUM!,#NUM!,#NUM!,#NUM!,#NUM!,#NUM!,#NUM!,#NUM!,#NUM!
WG017-SW-WEST-102020,North,10/20/2020 0:00,15.6,,,5.18,0.019685039,10.76,18.73,8.397,21.47,6.05,10.91,61.7,33.83,10.25,2.889,3.943,290.5,,,,,,,,,,,,,,,,,,,,,,,,,,,,,479.429,1.031812271,1.272537777,0.924124153,1.331832044,0.781755375,1.037824751,1.790285164,1.529301998,1.010723865,0.460747542,0.595826777,2.463146137,#NUM!,#NUM!,#NUM!,#NUM!,#NUM!,#NUM!,#NUM!,#NUM!,#NUM!,#NUM!,#NUM!,#NUM!,#NUM!,#NUM!,#NUM!,#NUM!,#NUM!,#NUM!,#NUM!,#NUM!,#NUM!,#NUM!,#NUM!,#NUM!,#NUM!,#NUM!,#NUM!,#NUM!
WG018-SW-SPILL-102020,Spill,10/20/2020 0:00,15.2,,,5.82,0.019685039,11.26,14.41,6.551,21.54,5.811,9.686,55.46,28.9,13.38,3.493,3.191,320.8,,,,,,,,,,,,,,,,,,,,,,,,,,,,,494.482,1.051538391,1.158663981,0.816307599,1.333245699,0.764250875,0.986144465,1.743979865,1.460897843,1.126456113,0.543198586,0.503926804,2.50623436,#NUM!,#NUM!,#NUM!,#NUM!,#NUM!,#NUM!,#NUM!,#NUM!,#NUM!,#NUM!,#NUM!,#NUM!,#NUM!,#NUM!,#NUM!,#NUM!,#NUM!,#NUM!,#NUM!,#NUM!,#NUM!,#NUM!,#NUM!,#NUM!,#NUM!,#NUM!,#NUM!,#NUM!
WG019-SW-EAST-102020,South,10/20/2020 0:00,15.3,,,6.21,0.019685039,11.18,13.36,9.423,21.01,5.057,9.854,61.89,30.52,7.933,2.704,3.635,346.2,,,,,,,,,,,,,,,,,,,,,,,,,,,,,522.766,1.048441804,1.125806458,0.974189191,1.322426052,0.703892954,0.993612558,1.791620483,1.484584529,0.899437454,0.432006687,0.560504415,2.539327064,#NUM!,#NUM!,#NUM!,#NUM!,#NUM!,#NUM!,#NUM!,#NUM!,#NUM!,#NUM!,#NUM!,#NUM!,#NUM!,#NUM!,#NUM!,#NUM!,#NUM!,#NUM!,#NUM!,#NUM!,#NUM!,#NUM!,#NUM!,#NUM!,#NUM!,#NUM!,#NUM!,#NUM!
WG020-SW-HEAD-102020,Head,10/20/2020 0:00,16.1,,,5.08,0.019685039,10.93,24.2,10.49,26.55,9.445,13.06,111.4,31.7,17.14,7.743,3.702,433.2,,,,,,,,,,,,,,,,,,,,,,,,,,,,,699.56,1.038620162,1.383815366,1.020775488,1.424064525,0.975201962,1.115943177,2.046885191,1.501059262,1.234010818,0.888909259,0.568436414,2.636688448,#NUM!,#NUM!,#NUM!,#NUM!,#NUM!,#NUM!,#NUM!,#NUM!,#NUM!,#NUM!,#NUM!,#NUM!,#NUM!,#NUM!,#NUM!,#NUM!,#NUM!,#NUM!,#NUM!,#NUM!,#NUM!,#NUM!,#NUM!,#NUM!,#NUM!,#NUM!,#NUM!,#NUM!
WG023-SW-WEST-102320,North,10/23/2020 0:00,17.8,,,4.56,0,11.9,20.66,9.019,24.81,6.9,12.04,81.15,33.16,24.96,3.817,3.637,336.1,,,,,,,,,,,,,,,,,,,,,,,,,,,,,568.153,1.075546961,1.315130317,0.955158387,1.394626764,0.838849091,1.080626487,1.909288524,1.520614522,1.397244581,0.58172216,0.560743301,2.526468512,#NUM!,#NUM!,#NUM!,#NUM!,#NUM!,#NUM!,#NUM!,#NUM!,#NUM!,#NUM!,#NUM!,#NUM!,#NUM!,#NUM!,#NUM!,#NUM!,#NUM!,#NUM!,#NUM!,#NUM!,#NUM!,#NUM!,#NUM!,#NUM!,#NUM!,#NUM!,#NUM!,#NUM!
WG024-SW-SPILL-102320,Spill,10/23/2020 0:00,17.3,,,5.42,0,13.01,18.02,9.164,29.83,9.949,11.52,80.65,29.01,33.62,3.861,3.544,337.6,,,,,,,,,,,,,,,,,,,,,,,,,,,,,579.778,1.114277297,1.255754787,0.962085081,1.474653253,0.997779431,1.061452479,1.906604372,1.462547729,1.526597709,0.586699802,0.549493713,2.528402438,#NUM!,#NUM!,#NUM!,#NUM!,#NUM!,#NUM!,#NUM!,#NUM!,#NUM!,#NUM!,#NUM!,#NUM!,#NUM!,#NUM!,#NUM!,#NUM!,#NUM!,#NUM!,#NUM!,#NUM!,#NUM!,#NUM!,#NUM!,#NUM!,#NUM!,#NUM!,#NUM!,#NUM!
WG025-SW-EAST-102320,South,10/23/2020 0:00,17.4,,,5.45,0,11.06,20.57,8.94,22.79,8.081,8.672,69.58,31.89,30.5,4.483,3.781,279.2,,,,,,,,,,,,,,,,,,,,,,,,,,,,,499.547,1.043755127,1.313234292,0.951337519,1.357744325,0.907465107,0.938119269,1.842484424,1.503654519,1.484299839,0.651568739,0.577606677,2.445915414,#NUM!,#NUM!,#NUM!,#NUM!,#NUM!,#NUM!,#NUM!,#NUM!,#NUM!,#NUM!,#NUM!,#NUM!,#NUM!,#NUM!,#NUM!,#NUM!,#NUM!,#NUM!,#NUM!,#NUM!,#NUM!,#NUM!,#NUM!,#NUM!,#NUM!,#NUM!,#NUM!,#NUM!
WG026-SW-HEAD-102320,Head,10/23/2020 0:00,17.8,,,5.44,0,11.57,21.07,12.65,29.35,10.12,11.31,88.05,39.95,23.28,8.831,3.444,467.5,,,,,,,,,,,,,,,,,,,,,,,,,,,,,727.125,1.063333359,1.323664536,1.102090526,1.467608106,1.005180513,1.053462605,1.94472936,1.601516784,1.366982976,0.946009885,0.537063143,2.669781615,#NUM!,#NUM!,#NUM!,#NUM!,#NUM!,#NUM!,#NUM!,#NUM!,#NUM!,#NUM!,#NUM!,#NUM!,#NUM!,#NUM!,#NUM!,#NUM!,#NUM!,#NUM!,#NUM!,#NUM!,#NUM!,#NUM!,#NUM!,#NUM!,#NUM!,#NUM!,#NUM!,#NUM!
WG028-SW-WEST-102720,North,10/27/2020 0:00,14.5,,,4.36,0.039370079,11.87,18.13,7.864,23.68,7.688,10.38,58.68,38.08,31.06,6.26,3.694,325.9,,,,,,,,,,,,,,,,,,,,,,,,,,,,,543.286,1.074450719,1.258397804,0.895643505,1.374381698,0.885813375,1.016197354,1.768490105,1.58069694,1.492201451,0.796574333,0.567496891,2.51308436,#NUM!,#NUM!,#NUM!,#NUM!,#NUM!,#NUM!,#NUM!,#NUM!,#NUM!,#NUM!,#NUM!,#NUM!,#NUM!,#NUM!,#NUM!,#NUM!,#NUM!,#NUM!,#NUM!,#NUM!,#NUM!,#NUM!,#NUM!,#NUM!,#NUM!,#NUM!,#NUM!,#NUM!
WG029-SW-SPILL-102720,Spill,10/27/2020 0:00,14.2,,,1.91,0.039370079,10.76,21.76,8.463,24.31,8.235,9.914,71.52,26.15,20.17,4.704,3.409,375.9,,,,,,,,,,,,,,,,,,,,,,,,,,,,,585.295,1.031812271,1.337658891,0.927524341,1.385784959,0.915663604,0.996248915,1.854427506,1.417471693,1.304705898,0.672467313,0.532627001,2.575072326,#NUM!,#NUM!,#NUM!,#NUM!,#NUM!,#NUM!,#NUM!,#NUM!,#NUM!,#NUM!,#NUM!,#NUM!,#NUM!,#NUM!,#NUM!,#NUM!,#NUM!,#NUM!,#NUM!,#NUM!,#NUM!,#NUM!,#NUM!,#NUM!,#NUM!,#NUM!,#NUM!,#NUM!
WG030-SW-EAST-102720,South,10/27/2020 0:00,14,,,3.89,0.039370079,9.889,19.93,6.795,20.66,6.902,10.6,64.05,27.81,16.71,3.788,4.015,314.4,,,,,,,,,,,,,,,,,,,,,,,,,,,,,505.549,0.995152377,1.299507299,0.832189461,1.315130317,0.838974955,1.025305865,1.806519134,1.444200989,1.22297645,0.57840997,0.60368555,2.497482537,#NUM!,#NUM!,#NUM!,#NUM!,#NUM!,#NUM!,#NUM!,#NUM!,#NUM!,#NUM!,#NUM!,#NUM!,#NUM!,#NUM!,#NUM!,#NUM!,#NUM!,#NUM!,#NUM!,#NUM!,#NUM!,#NUM!,#NUM!,#NUM!,#NUM!,#NUM!,#NUM!,#NUM!
WG031-SW-HEAD-102720,Head,10/27/2020 0:00,14.3,,,3.53,0.039370079,15.55,18.67,12.61,29.61,9.755,12.55,82.23,48.14,38.48,5.599,4.441,443.3,,,,,,,,,,,,,,,,,,,,,,,,,,,,,720.935,1.191730393,1.271144318,1.100715087,1.471438407,0.989227274,1.098643726,1.91503029,1.682506086,1.585235063,0.748110467,0.647480773,2.646697731,#NUM!,#NUM!,#NUM!,#NUM!,#NUM!,#NUM!,#NUM!,#NUM!,#NUM!,#NUM!,#NUM!,#NUM!,#NUM!,#NUM!,#NUM!,#NUM!,#NUM!,#NUM!,#NUM!,#NUM!,#NUM!,#NUM!,#NUM!,#NUM!,#NUM!,#NUM!,#NUM!,#NUM!
WG033-SW-WEST-102920,North,10/29/2020 0:00,13.7,,,6.4,0.299212598,10.51,20.07,7.143,22.23,6.412,9.751,67.63,30.21,27.72,3.245,3.959,357.2,,,,,,,,,,,,,,,,,,,,,,,,,,,,,566.08,1.021602716,1.302547372,0.85388065,1.346939463,0.806993514,0.989049156,1.830139387,1.480150725,1.442793226,0.511214701,0.597585502,2.55291145,#NUM!,#NUM!,#NUM!,#NUM!,#NUM!,#NUM!,#NUM!,#NUM!,#NUM!,#NUM!,#NUM!,#NUM!,#NUM!,#NUM!,#NUM!,#NUM!,#NUM!,#NUM!,#NUM!,#NUM!,#NUM!,#NUM!,#NUM!,#NUM!,#NUM!,#NUM!,#NUM!,#NUM!
WG034-SW-SPILL-102920,Spill,10/29/2020 0:00,14,,,5.44,0.299212598,10.11,18.44,7.882,20.11,5.631,10.03,62.63,23.85,23.27,5.265,3.21,442.4,,,,,,,,,,,,,,,,,,,,,,,,,,,,,632.828,1.004751156,1.265760917,0.896636431,1.303412071,0.750585527,1.001300933,1.796782412,1.377488383,1.366796383,0.721398376,0.506505032,2.645815118,#NUM!,#NUM!,#NUM!,#NUM!,#NUM!,#NUM!,#NUM!,#NUM!,#NUM!,#NUM!,#NUM!,#NUM!,#NUM!,#NUM!,#NUM!,#NUM!,#NUM!,#NUM!,#NUM!,#NUM!,#NUM!,#NUM!,#NUM!,#NUM!,#NUM!,#NUM!,#NUM!,#NUM!
WG035-SW-EAST-102920,South,10/29/2020 0:00,14,,,5.03,0.299212598,11.08,22.74,7.172,22.63,6.459,9.733,64.76,28.36,38.12,5.006,3.26,279.5,,,,,,,,,,,,,,,,,,,,,,,,,,,,,498.82,1.04453976,1.35679046,0.855640281,1.354684554,0.810165285,0.988246723,1.81130684,1.452706227,1.581152892,0.699490845,0.5132176,2.446381812,#NUM!,#NUM!,#NUM!,#NUM!,#NUM!,#NUM!,#NUM!,#NUM!,#NUM!,#NUM!,#NUM!,#NUM!,#NUM!,#NUM!,#NUM!,#NUM!,#NUM!,#NUM!,#NUM!,#NUM!,#NUM!,#NUM!,#NUM!,#NUM!,#NUM!,#NUM!,#NUM!,#NUM!
WG036-SW-HEAD-102920,Head,10/29/2020 0:00,14.1,,,6.58,0.299212598,5.722,10.07,2.5,9.728,2.747,6.103,16.64,9.711,33.37,1.271,2.66,103.1,,,,,,,,,,,,,,,,,,,,,,,,,,,,,203.622,0.757547853,1.003029471,0.397940009,0.988023562,0.438858659,0.78554337,1.221153322,0.987263954,1.523356207,0.104145551,0.424881637,2.013258665,#NUM!,#NUM!,#NUM!,#NUM!,#NUM!,#NUM!,#NUM!,#NUM!,#NUM!,#NUM!,#NUM!,#NUM!,#NUM!,#NUM!,#NUM!,#NUM!,#NUM!,#NUM!,#NUM!,#NUM!,#NUM!,#NUM!,#NUM!,#NUM!,#NUM!,#NUM!,#NUM!,#NUM!
WG038-SW-WEST-110520,North,11/5/2020 0:00,8.7,,,6.41,0,9.5,23.33,11.18,19.54,7.655,11.14,100.1,41.54,18.15,3.631,3.426,338.3,,,,,,,,,,,,,,,,,,,,,,,,,,,,,587.492,0.977723605,1.367914739,1.048441804,1.290924559,0.883945195,1.046885191,2.000434077,1.618466492,1.258876629,0.560026249,0.534787359,2.529301998,#NUM!,#NUM!,#NUM!,#NUM!,#NUM!,#NUM!,#NUM!,#NUM!,#NUM!,#NUM!,#NUM!,#NUM!,#NUM!,#NUM!,#NUM!,#NUM!,#NUM!,#NUM!,#NUM!,#NUM!,#NUM!,#NUM!,#NUM!,#NUM!,#NUM!,#NUM!,#NUM!,#NUM!
WG039-SW-SPILL-110520,Spill,11/5/2020 0:00,8.8,,,6.5,0,10.3,22.39,10.72,22.29,7.295,10.01,102.1,43.88,26.69,3.224,3.176,360.7,,,,,,,,,,,,,,,,,,,,,,,,,,,,,622.775,1.012837225,1.350054094,1.030194785,1.348110068,0.863025296,1.000434077,2.009025742,1.642266619,1.426348574,0.508395033,0.501880494,2.557146142,#NUM!,#NUM!,#NUM!,#NUM!,#NUM!,#NUM!,#NUM!,#NUM!,#NUM!,#NUM!,#NUM!,#NUM!,#NUM!,#NUM!,#NUM!,#NUM!,#NUM!,#NUM!,#NUM!,#NUM!,#NUM!,#NUM!,#NUM!,#NUM!,#NUM!,#NUM!,#NUM!,#NUM!
WG040-SW-EAST-110520,South,11/5/2020 0:00,8.4,,,6.32,0,11.04,22.16,10.86,21.38,6.854,11.89,105,44.9,20.43,6.769,3.065,317.1,,,,,,,,,,,,,,,,,,,,,,,,,,,,,581.448,1.042969073,1.345569756,1.035829825,1.330007701,0.8359441,1.075181855,2.021189299,1.652246341,1.310268367,0.830524514,0.486430479,2.501196242,#NUM!,#NUM!,#NUM!,#NUM!,#NUM!,#NUM!,#NUM!,#NUM!,#NUM!,#NUM!,#NUM!,#NUM!,#NUM!,#NUM!,#NUM!,#NUM!,#NUM!,#NUM!,#NUM!,#NUM!,#NUM!,#NUM!,#NUM!,#NUM!,#NUM!,#NUM!,#NUM!,#NUM!
WG041-SW-HEAD-110520,Head,11/5/2020 0:00,9.4,,,6.09,0,13.64,25.28,17.3,34.06,13.53,13.45,182,55.79,39.84,8.437,4.246,696,,,,,,,,,,,,,,,,,,,,,,,,,,,,,1103.573,1.13481437,1.40277707,1.238046103,1.532244644,1.131297797,1.128722284,2.260071388,1.746556361,1.60031933,0.926188049,0.62797999,2.84260924,#NUM!,#NUM!,#NUM!,#NUM!,#NUM!,#NUM!,#NUM!,#NUM!,#NUM!,#NUM!,#NUM!,#NUM!,#NUM!,#NUM!,#NUM!,#NUM!,#NUM!,#NUM!,#NUM!,#NUM!,#NUM!,#NUM!,#NUM!,#NUM!,#NUM!,#NUM!,#NUM!,#NUM!
WG044-SW-WEST-110320,North,11/3/2020 0:00,9.9,,,6.52,0.011811024,13.11,18.05,10.41,23.67,10.5,10.07,113,42.5,22.61,5.211,2.842,294.9,,,,,,,,,,,,,,,,,,,,,,,,,,,,,566.873,1.117602692,1.256477206,1.01745073,1.374198258,1.021189299,1.003029471,2.053078443,1.62838893,1.354300562,0.716921073,0.453624074,2.469674773,#NUM!,#NUM!,#NUM!,#NUM!,#NUM!,#NUM!,#NUM!,#NUM!,#NUM!,#NUM!,#NUM!,#NUM!,#NUM!,#NUM!,#NUM!,#NUM!,#NUM!,#NUM!,#NUM!,#NUM!,#NUM!,#NUM!,#NUM!,#NUM!,#NUM!,#NUM!,#NUM!,#NUM!
WG045-SW-SPILL-110320,Spill,11/3/2020 0:00,9.7,,,6.39,0.011811024,10.5,18.31,11.83,23.73,9.564,10.46,117.6,55.85,26.11,5.301,3.088,356.4,,,,,,,,,,,,,,,,,,,,,,,,,,,,,648.743,1.021189299,1.262688344,1.072984745,1.375297738,0.980639567,1.019531685,2.070407322,1.747023177,1.416806872,0.724357804,0.489677292,2.551937695,#NUM!,#NUM!,#NUM!,#NUM!,#NUM!,#NUM!,#NUM!,#NUM!,#NUM!,#NUM!,#NUM!,#NUM!,#NUM!,#NUM!,#NUM!,#NUM!,#NUM!,#NUM!,#NUM!,#NUM!,#NUM!,#NUM!,#NUM!,#NUM!,#NUM!,#NUM!,#NUM!,#NUM!
WG046-SW-EAST-110320,South,11/3/2020 0:00,9.7,,,6.23,0.011811024,12.24,29.03,11.72,28.53,11.2,12.43,150.2,53.26,31.75,5.07,4.671,571.8,,,,,,,,,,,,,,,,,,,,,,,,,,,,,921.901,1.087781418,1.462847036,1.068927612,1.455301772,1.049218023,1.094471129,2.176669933,1.726401162,1.50174373,0.705007959,0.669409867,2.757244151,#NUM!,#NUM!,#NUM!,#NUM!,#NUM!,#NUM!,#NUM!,#NUM!,#NUM!,#NUM!,#NUM!,#NUM!,#NUM!,#NUM!,#NUM!,#NUM!,#NUM!,#NUM!,#NUM!,#NUM!,#NUM!,#NUM!,#NUM!,#NUM!,#NUM!,#NUM!,#NUM!,#NUM!
WG047-SW-HEAD-110320,Head,11/3/2020 0:00,11.3,,,6.3,0.011811024,28.11,130.7,70.02,104.1,98.64,38.65,1493,63.14,49.16,25.08,6.086,712.6,,,,,,,,,,,,,,,,,,,,,,,,,,,,,2819.286,1.448860846,2.116275588,1.845222106,2.01745073,1.994053064,1.587149498,3.174059808,1.800304578,1.691611874,1.399327532,0.784331948,2.852845818,#NUM!,#NUM!,#NUM!,#NUM!,#NUM!,#NUM!,#NUM!,#NUM!,#NUM!,#NUM!,#NUM!,#NUM!,#NUM!,#NUM!,#NUM!,#NUM!,#NUM!,#NUM!,#NUM!,#NUM!,#NUM!,#NUM!,#NUM!,#NUM!,#NUM!,#NUM!,#NUM!,#NUM!
WG049-SW-WEST-111020,North,11/10/2020 0:00,16.1,,,7.14,0,10.89,22.25,12.37,27.57,9.493,14.62,111.5,49.32,26.02,4.554,3.582,394.5,,,,,,,,,,,,,,,,,,,,,,,,,,,,,686.669,1.03702788,1.347330015,1.0923697,1.440436766,0.977403481,1.164947373,2.047274867,1.693023068,1.415307292,0.658393026,0.554125582,2.596047008,#NUM!,#NUM!,#NUM!,#NUM!,#NUM!,#NUM!,#NUM!,#NUM!,#NUM!,#NUM!,#NUM!,#NUM!,#NUM!,#NUM!,#NUM!,#NUM!,#NUM!,#NUM!,#NUM!,#NUM!,#NUM!,#NUM!,#NUM!,#NUM!,#NUM!,#NUM!,#NUM!,#NUM!
WG050-SW-SPILL-111020,Spill,11/10/2020 0:00,13.6,,,6.09,0,9.394,24.51,13.12,26.03,10.02,9.895,100.6,56.35,27.44,9.435,3.437,375.2,,,,,,,,,,,,,,,,,,,,,,,,,,,,,665.431,0.972850556,1.389343311,1.117933835,1.415474168,1.000867722,0.995415799,2.002597981,1.75089392,1.438384107,0.974741905,0.536179532,2.57426283,#NUM!,#NUM!,#NUM!,#NUM!,#NUM!,#NUM!,#NUM!,#NUM!,#NUM!,#NUM!,#NUM!,#NUM!,#NUM!,#NUM!,#NUM!,#NUM!,#NUM!,#NUM!,#NUM!,#NUM!,#NUM!,#NUM!,#NUM!,#NUM!,#NUM!,#NUM!,#NUM!,#NUM!
WG051-SW-EAST-111020,South,11/10/2020 0:00,14.1,,,6.16,0,10.55,23.31,9.604,26.32,8.236,9.614,128.7,51.74,32.84,3.242,3.798,372.6,,,,,,,,,,,,,,,,,,,,,,,,,,,,,680.554,1.02325246,1.367542274,0.982452151,1.420285885,0.915716338,0.982904118,2.109578547,1.713826424,1.516403148,0.510813011,0.57955496,2.571242851,#NUM!,#NUM!,#NUM!,#NUM!,#NUM!,#NUM!,#NUM!,#NUM!,#NUM!,#NUM!,#NUM!,#NUM!,#NUM!,#NUM!,#NUM!,#NUM!,#NUM!,#NUM!,#NUM!,#NUM!,#NUM!,#NUM!,#NUM!,#NUM!,#NUM!,#NUM!,#NUM!,#NUM!
WG052-SW-HEAD-111020,Head,11/10/2020 0:00,14.6,,,6.6,0,10.87,26.75,12.54,25.52,9.869,13.99,155.8,50.28,17.08,6.35,3.869,824.1,,,,,,,,,,,,,,,,,,,,,,,,,,,,,1157.018,1.036229544,1.427323786,1.098297536,1.40688067,0.994273149,1.145817714,2.192567453,1.701395269,1.232487866,0.802773725,0.58759873,2.915979914,#NUM!,#NUM!,#NUM!,#NUM!,#NUM!,#NUM!,#NUM!,#NUM!,#NUM!,#NUM!,#NUM!,#NUM!,#NUM!,#NUM!,#NUM!,#NUM!,#NUM!,#NUM!,#NUM!,#NUM!,#NUM!,#NUM!,#NUM!,#NUM!,#NUM!,#NUM!,#NUM!,#NUM!
WG058-SW-WEST-020921,North,2/9/2021 0:00,,10.56,0.16,19.04,,16,36,15,43,19,25,190,60,79,10,8.9,600,0.98,0.55,0.55,0.55,0.55,0.55,0.55,0.7,12,0.55,0.55,0.55,0.55,0.55,2.8,2.8,1.6,0.55,0.55,0.55,0.55,0.55,0.55,0.55,1.15,3.15,2.8,1.15,1140.93,1.204119983,1.556302501,1.176091259,1.633468456,1.278753601,1.397940009,2.278753601,1.77815125,1.897627091,1,0.949390007,2.77815125,-0.008773924,-0.259637311,-0.259637311,-0.259637311,-0.259637311,-0.259637311,-0.259637311,-0.15490196,1.079181246,-0.259637311,-0.259637311,-0.259637311,-0.259637311,-0.259637311,0.447158031,0.447158031,0.204119983,-0.259637311,-0.259637311,-0.259637311,-0.259637311,-0.259637311,-0.259637311,-0.259637311,0.06069784,0.498310554,0.447158031,0.06069784
WG059-SW-SPILL-020921,Spill,2/9/2021 0:00,,8.84,0.16,15.85,,11,25,10,32,15,22,170,59,42,9.2,9.3,570,0.83,0.55,0.55,0.55,0.55,0.55,0.55,0.65,13,0.55,0.55,0.55,0.55,0.55,2.7,2.7,1.4,0.55,0.55,0.55,0.55,0.55,0.55,0.55,1.05,3,2.7,10.5,1022.93,1.041392685,1.397940009,1,1.505149978,1.176091259,1.342422681,2.230448921,1.770852012,1.62324929,0.963787827,0.968482949,2.755874856,-0.080921908,-0.259637311,-0.259637311,-0.259637311,-0.259637311,-0.259637311,-0.259637311,-0.187086643,1.113943352,-0.259637311,-0.259637311,-0.259637311,-0.259637311,-0.259637311,0.431363764,0.431363764,0.146128036,-0.259637311,-0.259637311,-0.259637311,-0.259637311,-0.259637311,-0.259637311,-0.259637311,0.021189299,0.477121255,0.431363764,1.021189299
WG060-SW-EAST-020921,South,2/9/2021 0:00,,9.52,0.16,16.18,,15,34,15,41,19,25,180,60,55,9.2,8.4,590,0.89,0.55,0.55,0.55,0.55,0.55,0.55,0.65,13,0.55,0.55,0.55,0.55,0.55,2.65,2.65,1.6,0.55,0.55,0.55,0.55,0.55,0.55,0.55,1.05,3,2.65,10.5,1100.14,1.176091259,1.531478917,1.176091259,1.612783857,1.278753601,1.397940009,2.255272505,1.77815125,1.740362689,0.963787827,0.924279286,2.770852012,-0.050609993,-0.259637311,-0.259637311,-0.259637311,-0.259637311,-0.259637311,-0.259637311,-0.187086643,1.113943352,-0.259637311,-0.259637311,-0.259637311,-0.259637311,-0.259637311,0.423245874,0.423245874,0.204119983,-0.259637311,-0.259637311,-0.259637311,-0.259637311,-0.259637311,-0.259637311,-0.259637311,0.021189299,0.477121255,0.423245874,1.021189299
WG061-SW-HEAD-020921,Head,2/9/2021 0:00,,7.9,0.15,11.09,,11,23,9,31,12,19,150,74,32,8.2,7.3,550,1.1,0.62,0.5,0.5,0.5,0.5,0.5,0.65,13,0.5,0.5,0.5,0.5,0.5,2.6,2.6,2.1,0.5,0.5,0.5,0.5,0.5,0.5,0.5,1.05,2.95,2.6,10.5,974.77,1.041392685,1.361727836,0.954242509,1.491361694,1.079181246,1.278753601,2.176091259,1.86923172,1.505149978,0.913813852,0.86332286,2.740362689,0.041392685,-0.207608311,-0.301029996,-0.301029996,-0.301029996,-0.301029996,-0.301029996,-0.187086643,1.113943352,-0.301029996,-0.301029996,-0.301029996,-0.301029996,-0.301029996,0.414973348,0.414973348,0.322219295,-0.301029996,-0.301029996,-0.301029996,-0.301029996,-0.301029996,-0.301029996,-0.301029996,0.021189299,0.469822016,0.414973348,1.021189299
WG065-SW-WEST-021721,North,2/17/2021 0:00,,7.54,0.1,15.28,,8.7,16,4.8,18,5.4,9.7,57,32,11,3.2,3.7,250,0.85,0.55,0.55,0.55,0.55,0.55,0.55,0.65,5.1,0.55,0.55,0.55,0.55,0.55,2.65,2.65,1.8,0.55,0.55,0.55,0.55,0.55,0.55,0.55,1.05,3,2.65,1.05,450.85,0.939519253,1.204119983,0.681241237,1.255272505,0.73239376,0.986771734,1.755874856,1.505149978,1.041392685,0.505149978,0.568201724,2.397940009,-0.070581074,-0.259637311,-0.259637311,-0.259637311,-0.259637311,-0.259637311,-0.259637311,-0.187086643,0.707570176,-0.259637311,-0.259637311,-0.259637311,-0.259637311,-0.259637311,0.423245874,0.423245874,0.255272505,-0.259637311,-0.259637311,-0.259637311,-0.259637311,-0.259637311,-0.259637311,-0.259637311,0.021189299,0.477121255,0.423245874,0.021189299
WG066-SW-SPILL-021721,Spill,2/17/2021 0:00,,8.75,0.1,16.53,,8.7,17,5.4,19,5.5,10,63,29,15,3.5,3.9,250,0.81,0.55,0.55,0.55,0.55,0.55,0.55,0.65,5.4,0.55,0.55,0.55,0.55,0.55,2.7,2.7,1.5,0.55,0.55,0.55,0.55,0.55,0.55,0.55,1.05,3,2.7,1.05,461.46,0.939519253,1.230448921,0.73239376,1.278753601,0.740362689,1,1.799340549,1.462397998,1.176091259,0.544068044,0.591064607,2.397940009,-0.091514981,-0.259637311,-0.259637311,-0.259637311,-0.259637311,-0.259637311,-0.259637311,-0.187086643,0.73239376,-0.259637311,-0.259637311,-0.259637311,-0.259637311,-0.259637311,0.431363764,0.431363764,0.176091259,-0.259637311,-0.259637311,-0.259637311,-0.259637311,-0.259637311,-0.259637311,-0.259637311,0.021189299,0.477121255,0.431363764,0.021189299
WG067-SW-EAST-021721,South,2/17/2021 0:00,,8.57,0.1,16.06,,8.8,17,5.4,18,6,11,63,31,12,3.6,3.9,260,0.85,0.55,0.55,0.55,0.55,0.55,0.55,0.65,5.2,0.55,0.55,0.55,0.55,0.55,2.7,2.7,1.4,0.55,0.55,0.55,0.55,0.55,0.55,0.55,1.1,3.05,2.7,11,480.95,0.944482672,1.230448921,0.73239376,1.255272505,0.77815125,1.041392685,1.799340549,1.491361694,1.079181246,0.556302501,0.591064607,2.414973348,-0.070581074,-0.259637311,-0.259637311,-0.259637311,-0.259637311,-0.259637311,-0.259637311,-0.187086643,0.716003344,-0.259637311,-0.259637311,-0.259637311,-0.259637311,-0.259637311,0.431363764,0.431363764,0.146128036,-0.259637311,-0.259637311,-0.259637311,-0.259637311,-0.259637311,-0.259637311,-0.259637311,0.041392685,0.484299839,0.431363764,1.041392685
WG068-SW-HEAD-021721,Head,2/17/2021 0:00,,8,0.12,12.05,,15,31,7.3,32,8.6,17,84,56,14,4.5,6.6,320,0.95,0.55,0.55,0.55,0.55,0.55,0.55,0.65,6.2,0.55,0.55,0.55,0.55,0.55,2.65,2.65,1.7,0.55,0.55,0.55,0.55,0.55,0.55,0.55,1.05,2.95,2.65,1.05,628.4,1.176091259,1.491361694,0.86332286,1.505149978,0.934498451,1.230448921,1.924279286,1.748188027,1.146128036,0.653212514,0.819543936,2.505149978,-0.022276395,-0.259637311,-0.259637311,-0.259637311,-0.259637311,-0.259637311,-0.259637311,-0.187086643,0.792391689,-0.259637311,-0.259637311,-0.259637311,-0.259637311,-0.259637311,0.423245874,0.423245874,0.230448921,-0.259637311,-0.259637311,-0.259637311,-0.259637311,-0.259637311,-0.259637311,-0.259637311,0.021189299,0.469822016,0.423245874,0.021189299
WG071-SW-WEST-022221,North,2/22/2021 0:00,,8.37,0.15,17.23,,12,26,9.6,32,12,18,120,63,23,6.4,5.8,410,0.75,0.5,0.5,0.5,0.5,0.5,0.5,0.65,8.6,0.5,0.5,0.5,0.5,0.5,2.6,2.6,1.4,0.5,0.5,0.5,0.5,0.5,0.5,0.5,1.05,2.95,2.6,10.5,780.5,1.079181246,1.414973348,0.982271233,1.505149978,1.079181246,1.255272505,2.079181246,1.799340549,1.361727836,0.806179974,0.763427994,2.612783857,-0.124938737,-0.301029996,-0.301029996,-0.301029996,-0.301029996,-0.301029996,-0.301029996,-0.187086643,0.934498451,-0.301029996,-0.301029996,-0.301029996,-0.301029996,-0.301029996,0.414973348,0.414973348,0.146128036,-0.301029996,-0.301029996,-0.301029996,-0.301029996,-0.301029996,-0.301029996,-0.301029996,0.021189299,0.469822016,0.414973348,1.021189299
WG072-SW-SPILL-022221,Spill,2/22/2021 0:00,,8.08,0.15,14.53,,12,26,9.5,32,12,17,110,62,20,6.1,6.1,410,0.83,0.5,0.5,0.5,0.5,0.5,0.5,0.65,7.5,0.5,0.5,0.5,0.5,0.5,2.6,2.6,1.3,0.5,0.5,0.5,0.5,0.5,0.5,0.5,1.05,2.9,2.6,1.05,754.78,1.079181246,1.414973348,0.977723605,1.505149978,1.079181246,1.230448921,2.041392685,1.792391689,1.301029996,0.785329835,0.785329835,2.612783857,-0.080921908,-0.301029996,-0.301029996,-0.301029996,-0.301029996,-0.301029996,-0.301029996,-0.187086643,0.875061263,-0.301029996,-0.301029996,-0.301029996,-0.301029996,-0.301029996,0.414973348,0.414973348,0.113943352,-0.301029996,-0.301029996,-0.301029996,-0.301029996,-0.301029996,-0.301029996,-0.301029996,0.021189299,0.462397998,0.414973348,0.021189299
WG073-SW-EAST-022221,South,2/22/2021 0:00,,8.03,0.1456,14.1,,11,25,9,32,10,16,110,66,24,5.3,6,390,0.88,0.55,0.55,0.55,0.55,0.55,0.55,0.65,8.6,0.55,0.55,0.55,0.55,0.55,2.7,2.7,1.3,0.55,0.55,0.55,0.55,0.55,0.55,0.55,1.05,3,2.7,1.05,738.83,1.041392685,1.397940009,0.954242509,1.505149978,1,1.204119983,2.041392685,1.819543936,1.380211242,0.72427587,0.77815125,2.591064607,-0.055517328,-0.259637311,-0.259637311,-0.259637311,-0.259637311,-0.259637311,-0.259637311,-0.187086643,0.934498451,-0.259637311,-0.259637311,-0.259637311,-0.259637311,-0.259637311,0.431363764,0.431363764,0.113943352,-0.259637311,-0.259637311,-0.259637311,-0.259637311,-0.259637311,-0.259637311,-0.259637311,0.021189299,0.477121255,0.431363764,0.021189299
WG076-SW-WEST-022421,North,2/24/2021 0:00,,7.96,0.1434,15.02,,14,21,7,24,7.2,14,76,38,16,3.4,4.3,240,0.5,0.5,0.5,0.5,0.5,0.5,0.5,0.6,4.1,0.5,0.5,0.5,0.5,0.5,2.6,2.6,1.5,0.5,0.5,0.5,0.5,0.5,0.5,0.5,1.05,2.9,2.6,10.5,502.85,1.146128036,1.322219295,0.84509804,1.380211242,0.857332496,1.146128036,1.880813592,1.579783597,1.204119983,0.531478917,0.633468456,2.380211242,-0.301029996,-0.301029996,-0.301029996,-0.301029996,-0.301029996,-0.301029996,-0.301029996,-0.22184875,0.612783857,-0.301029996,-0.301029996,-0.301029996,-0.301029996,-0.301029996,0.414973348,0.414973348,0.176091259,-0.301029996,-0.301029996,-0.301029996,-0.301029996,-0.301029996,-0.301029996,-0.301029996,0.021189299,0.462397998,0.414973348,1.021189299
WG077-SW-SPILL-022421,Spill,2/24/2021 0:00,,7.92,0.1595,14.85,,11,29,10,37,13,20,130,62,26,5.7,6.5,430,0.92,0.55,0.55,0.55,0.55,0.55,0.55,0.65,7.9,0.55,0.55,0.55,0.55,0.55,2.65,2.65,1.4,0.55,0.55,0.55,0.55,0.55,0.55,0.55,1.05,2.95,2.65,1.05,813.97,1.041392685,1.462397998,1,1.568201724,1.113943352,1.301029996,2.113943352,1.792391689,1.414973348,0.755874856,0.812913357,2.633468456,-0.036212173,-0.259637311,-0.259637311,-0.259637311,-0.259637311,-0.259637311,-0.259637311,-0.187086643,0.897627091,-0.259637311,-0.259637311,-0.259637311,-0.259637311,-0.259637311,0.423245874,0.423245874,0.146128036,-0.259637311,-0.259637311,-0.259637311,-0.259637311,-0.259637311,-0.259637311,-0.259637311,0.021189299,0.469822016,0.423245874,0.021189299
WG078-SW-EAST-022421,South,2/24/2021 0:00,,7.87,0.159,14.59,,11,27,9.2,33,12,17,120,62,22,5.1,6.4,390,0.78,0.55,0.55,0.55,0.55,0.55,0.55,0.65,6.7,0.55,0.55,0.55,0.55,0.55,2.65,2.65,1.3,0.55,0.55,0.55,0.55,0.55,0.55,0.55,1.05,3,2.65,1.05,747.08,1.041392685,1.431363764,0.963787827,1.51851394,1.079181246,1.230448921,2.079181246,1.792391689,1.342422681,0.707570176,0.806179974,2.591064607,-0.107905397,-0.259637311,-0.259637311,-0.259637311,-0.259637311,-0.259637311,-0.259637311,-0.187086643,0.826074803,-0.259637311,-0.259637311,-0.259637311,-0.259637311,-0.259637311,0.423245874,0.423245874,0.113943352,-0.259637311,-0.259637311,-0.259637311,-0.259637311,-0.259637311,-0.259637311,-0.259637311,0.021189299,0.477121255,0.423245874,0.021189299
WG079-SW-HEAD-022421,Head,2/24/2021 0:00,,7.6,0.1786,11.66,,12,31,12,40,14,18,140,64,32,6.1,6.8,500,1,0.55,0.55,0.55,0.55,0.55,0.55,0.65,16,0.55,0.55,0.55,0.55,0.55,2.65,2.65,1.6,0.55,0.55,0.55,0.55,0.55,0.55,0.55,1.05,2.95,2.65,1.05,918.05,1.079181246,1.491361694,1.079181246,1.602059991,1.146128036,1.255272505,2.146128036,1.806179974,1.505149978,0.785329835,0.832508913,2.698970004,0,-0.259637311,-0.259637311,-0.259637311,-0.259637311,-0.259637311,-0.259637311,-0.187086643,1.204119983,-0.259637311,-0.259637311,-0.259637311,-0.259637311,-0.259637311,0.423245874,0.423245874,0.204119983,-0.259637311,-0.259637311,-0.259637311,-0.259637311,-0.259637311,-0.259637311,-0.259637311,0.021189299,0.469822016,0.423245874,0.021189299
WG082-SW-WEST-030221,North,3/2/2021 0:00,,7.42,0.136,13.02,,4.9,13,5.3,18,7.6,11,95,39,34,4.8,6.2,400,0.75,0.55,0.55,0.55,0.55,1.6,0.55,0.65,11,0.55,0.55,0.55,0.55,0.55,2.65,2.65,1.25,0.55,0.55,0.55,0.55,0.55,0.55,0.55,1.05,2.95,2.65,1.05,676.4,0.69019608,1.113943352,0.72427587,1.255272505,0.880813592,1.041392685,1.977723605,1.591064607,1.531478917,0.681241237,0.792391689,2.602059991,-0.124938737,-0.259637311,-0.259637311,-0.259637311,-0.259637311,0.204119983,-0.259637311,-0.187086643,1.041392685,-0.259637311,-0.259637311,-0.259637311,-0.259637311,-0.259637311,0.423245874,0.423245874,0.096910013,-0.259637311,-0.259637311,-0.259637311,-0.259637311,-0.259637311,-0.259637311,-0.259637311,0.021189299,0.469822016,0.423245874,0.021189299
WG083-SW-SPILL-030221,Spill,3/2/2021 0:00,,7.46,0.1244,12.88,,7.4,18,7.4,24,9.1,13,95,40,28,4.3,5.3,310,0.59,0.495,0.495,0.495,0.495,0.495,0.495,0.6,7.2,0.495,0.495,0.495,0.495,0.495,2.5,2.5,1.2,0.495,0.495,0.495,0.495,0.495,0.495,0.495,1,2.8,2.5,1,592.3,0.86923172,1.255272505,0.86923172,1.380211242,0.959041392,1.113943352,1.977723605,1.602059991,1.447158031,0.633468456,0.72427587,2.491361694,-0.229147988,-0.305394801,-0.305394801,-0.305394801,-0.305394801,-0.305394801,-0.305394801,-0.22184875,0.857332496,-0.305394801,-0.305394801,-0.305394801,-0.305394801,-0.305394801,0.397940009,0.397940009,0.079181246,-0.305394801,-0.305394801,-0.305394801,-0.305394801,-0.305394801,-0.305394801,-0.305394801,0,0.447158031,0.397940009,0
WG084-SW-EAST-030221,South,3/2/2021 0:00,,7.88,0.1228,13.59,,7.7,19,7.2,24,9.4,12,100,40,28,4.4,6,350,0.81,0.55,0.55,0.55,0.55,0.55,0.55,0.65,9,0.55,0.55,0.55,0.55,0.55,2.65,2.65,1.3,0.55,0.55,0.55,0.55,0.55,0.55,0.55,1.05,3,2.65,1.05,642.41,0.886490725,1.278753601,0.857332496,1.380211242,0.973127854,1.079181246,2,1.602059991,1.447158031,0.643452676,0.77815125,2.544068044,-0.091514981,-0.259637311,-0.259637311,-0.259637311,-0.259637311,-0.259637311,-0.259637311,-0.187086643,0.954242509,-0.259637311,-0.259637311,-0.259637311,-0.259637311,-0.259637311,0.423245874,0.423245874,0.113943352,-0.259637311,-0.259637311,-0.259637311,-0.259637311,-0.259637311,-0.259637311,-0.259637311,0.021189299,0.477121255,0.423245874,0.021189299
WG085-SW-HEAD-030221,Head,3/2/2021 0:00,,7.57,0.1532,11.57,,12,35,14,42,17,23,180,72,63,8.4,9.9,730,1,0.49,0.49,0.49,0.49,0.49,0.49,0.6,20,0.49,0.49,0.49,0.49,0.49,2.45,2.45,1.15,0.49,0.49,0.49,0.49,0.49,0.49,0.49,1,2.75,2.45,1,1249.97,1.079181246,1.544068044,1.146128036,1.62324929,1.230448921,1.361727836,2.255272505,1.857332496,1.799340549,0.924279286,0.995635195,2.86332286,0,-0.30980392,-0.30980392,-0.30980392,-0.30980392,-0.30980392,-0.30980392,-0.22184875,1.301029996,-0.30980392,-0.30980392,-0.30980392,-0.30980392,-0.30980392,0.389166084,0.389166084,0.06069784,-0.30980392,-0.30980392,-0.30980392,-0.30980392,-0.30980392,-0.30980392,-0.30980392,0,0.439332694,0.389166084,0
WG088-SW-WEST-030921,North,3/9/2021 0:00,,7.58,0.1593,13.93,0,13,37,16,47,20,25,200,65,51,9.5,10,670,0.74,0.5,0.5,0.5,0.5,0.5,0.5,0.6,17,0.5,0.5,0.5,0.5,0.5,2.55,2.55,1.2,0.5,0.5,0.5,0.5,0.5,0.5,0.5,1,2.85,2.55,1,1204.54,1.113943352,1.568201724,1.204119983,1.672097858,1.301029996,1.397940009,2.301029996,1.812913357,1.707570176,0.977723605,1,2.826074803,-0.13076828,-0.301029996,-0.301029996,-0.301029996,-0.301029996,-0.301029996,-0.301029996,-0.22184875,1.230448921,-0.301029996,-0.301029996,-0.301029996,-0.301029996,-0.301029996,0.40654018,0.40654018,0.079181246,-0.301029996,-0.301029996,-0.301029996,-0.301029996,-0.301029996,-0.301029996,-0.301029996,0,0.45484486,0.40654018,0
WG089-SW-SPILL-030921,Spill,3/9/2021 0:00,,7.48,0.1598,14.09,0,13,35,15,46,19,25,200,61,50,9.1,10,630,0.77,0.49,0.49,0.49,0.49,0.49,0.49,0.6,16,0.49,0.49,0.49,0.49,0.49,2.45,2.45,1.15,0.49,0.49,0.49,0.49,0.49,0.49,0.49,1,2.75,2.45,1,1152.54,1.113943352,1.544068044,1.176091259,1.662757832,1.278753601,1.397940009,2.301029996,1.785329835,1.698970004,0.959041392,1,2.799340549,-0.113509275,-0.30980392,-0.30980392,-0.30980392,-0.30980392,-0.30980392,-0.30980392,-0.22184875,1.204119983,-0.30980392,-0.30980392,-0.30980392,-0.30980392,-0.30980392,0.389166084,0.389166084,0.06069784,-0.30980392,-0.30980392,-0.30980392,-0.30980392,-0.30980392,-0.30980392,-0.30980392,0,0.439332694,0.389166084,0
WG090-SW-EAST-030921,South,3/9/2021 0:00,,7.42,0.1688,13.7,0,13,35,15,43,20,24,200,61,45,9.2,9.2,630,0.77,0.495,0.495,0.495,0.495,0.495,0.495,0.6,18,0.495,0.495,0.495,0.495,0.495,2.45,2.45,1.2,0.495,0.495,0.495,0.495,0.495,0.495,0.495,1,2.75,2.45,1,1145.98,1.113943352,1.544068044,1.176091259,1.633468456,1.301029996,1.380211242,2.301029996,1.785329835,1.653212514,0.963787827,0.963787827,2.799340549,-0.113509275,-0.305394801,-0.305394801,-0.305394801,-0.305394801,-0.305394801,-0.305394801,-0.22184875,1.255272505,-0.305394801,-0.305394801,-0.305394801,-0.305394801,-0.305394801,0.389166084,0.389166084,0.079181246,-0.305394801,-0.305394801,-0.305394801,-0.305394801,-0.305394801,-0.305394801,-0.305394801,0,0.439332694,0.389166084,0
WG091-SW-HEAD-030921,Head,3/9/2021 0:00,,7.23,0.1468,11.46,0,17,46,20,53,25,33,250,67,62,12,14,1100,1.4,0.67,0.495,0.495,0.495,1,0.495,0.6,48,1.5,0.495,0.495,0.495,0.495,2.5,2.5,1.2,0.495,0.495,0.495,0.495,0.495,0.495,0.495,1,2.75,2.5,1,1773.045,1.230448921,1.662757832,1.301029996,1.72427587,1.397940009,1.51851394,2.397940009,1.826074803,1.792391689,1.079181246,1.146128036,3.041392685,0.146128036,-0.173925197,-0.305394801,-0.305394801,-0.305394801,0,-0.305394801,-0.22184875,1.681241237,0.176091259,-0.305394801,-0.305394801,-0.305394801,-0.305394801,0.397940009,0.397940009,0.079181246,-0.305394801,-0.305394801,-0.305394801,-0.305394801,-0.305394801,-0.305394801,-0.305394801,0,0.439332694,0.397940009,0
WG093-SW-WEST-031121,North,3/11/2021 0:00,,7.79,0.1606,14.39,0,14,39,16,48,20,27,210,64,53,10,11,730,0.95,0.5,0.5,0.5,0.5,0.53,0.5,0.6,20,0.5,0.5,0.5,0.5,0.5,2.55,2.55,1.25,0.5,0.5,0.5,0.5,0.5,0.5,0.5,1,2.85,2.55,1,1286.33,1.146128036,1.591064607,1.204119983,1.681241237,1.301029996,1.431363764,2.322219295,1.806179974,1.72427587,1,1.041392685,2.86332286,-0.022276395,-0.301029996,-0.301029996,-0.301029996,-0.301029996,-0.27572413,-0.301029996,-0.22184875,1.301029996,-0.301029996,-0.301029996,-0.301029996,-0.301029996,-0.301029996,0.40654018,0.40654018,0.096910013,-0.301029996,-0.301029996,-0.301029996,-0.301029996,-0.301029996,-0.301029996,-0.301029996,0,0.45484486,0.40654018,0
WG094-SW-SPILL-031121,Spill,3/11/2021 0:00,,7.62,0.1615,13.4,0,13,37,15,45,21,26,210,61,50,9.6,11,680,0.8,0.495,0.495,0.495,0.495,0.495,0.495,0.6,17,0.495,0.495,0.495,0.495,0.495,2.45,2.45,1.2,0.495,0.495,0.495,0.495,0.495,0.495,0.495,1,2.75,2.45,1,1219.21,1.113943352,1.568201724,1.176091259,1.653212514,1.322219295,1.414973348,2.322219295,1.785329835,1.698970004,0.982271233,1.041392685,2.832508913,-0.096910013,-0.305394801,-0.305394801,-0.305394801,-0.305394801,-0.305394801,-0.305394801,-0.22184875,1.230448921,-0.305394801,-0.305394801,-0.305394801,-0.305394801,-0.305394801,0.389166084,0.389166084,0.079181246,-0.305394801,-0.305394801,-0.305394801,-0.305394801,-0.305394801,-0.305394801,-0.305394801,0,0.439332694,0.389166084,0
WG095-SW-EAST-031121,South,3/11/2021 0:00,,7.72,0.1615,14.11,0,14,39,16,46,20,25,210,66,47,9.8,11,730,0.85,0.5,0.5,0.5,0.5,0.5,0.5,0.6,17,0.5,0.5,0.5,0.5,0.5,2.55,2.55,1.2,0.5,0.5,0.5,0.5,0.5,0.5,0.5,1,2.85,2.55,1,1274.95,1.146128036,1.591064607,1.204119983,1.662757832,1.301029996,1.397940009,2.322219295,1.819543936,1.672097858,0.991226076,1.041392685,2.86332286,-0.070581074,-0.301029996,-0.301029996,-0.301029996,-0.301029996,-0.301029996,-0.301029996,-0.22184875,1.230448921,-0.301029996,-0.301029996,-0.301029996,-0.301029996,-0.301029996,0.40654018,0.40654018,0.079181246,-0.301029996,-0.301029996,-0.301029996,-0.301029996,-0.301029996,-0.301029996,-0.301029996,0,0.45484486,0.40654018,0
WG096-SW-HEAD-031121,Head,3/11/2021 0:00,,7.52,0.1705,11.56,0,17,47,19,53,24,34,270,67,64,12,14,910,0.75,0.49,0.49,0.49,0.49,3.3,0.49,0.6,27,0.49,0.49,0.49,0.49,0.49,2.45,2.45,1.15,0.49,0.49,0.49,0.49,0.49,0.49,0.49,1,2.75,2.45,1,1584.23,1.230448921,1.672097858,1.278753601,1.72427587,1.380211242,1.531478917,2.431363764,1.826074803,1.806179974,1.079181246,1.146128036,2.959041392,-0.124938737,-0.30980392,-0.30980392,-0.30980392,-0.30980392,0.51851394,-0.30980392,-0.22184875,1.431363764,-0.30980392,-0.30980392,-0.30980392,-0.30980392,-0.30980392,0.389166084,0.389166084,0.06069784,-0.30980392,-0.30980392,-0.30980392,-0.30980392,-0.30980392,-0.30980392,-0.30980392,0,0.439332694,0.389166084,0
WG099-SW-WEST-031621,North,3/16/2021 0:00,,8.89,0.1622,15.37,,13,35,14,42,18,28,230,65,45,8.9,12,740,0.89,0.5,0.5,0.5,0.5,3,0.5,0.65,13,0.5,0.5,0.5,0.5,0.5,2.6,2.6,1.25,0.5,0.5,0.5,0.5,0.5,0.5,0.5,1.05,2.95,2.6,1.05,1291.04,1.113943352,1.544068044,1.146128036,1.62324929,1.255272505,1.447158031,2.361727836,1.812913357,1.653212514,0.949390007,1.079181246,2.86923172,-0.050609993,-0.301029996,-0.301029996,-0.301029996,-0.301029996,0.477121255,-0.301029996,-0.187086643,1.113943352,-0.301029996,-0.301029996,-0.301029996,-0.301029996,-0.301029996,0.414973348,0.414973348,0.096910013,-0.301029996,-0.301029996,-0.301029996,-0.301029996,-0.301029996,-0.301029996,-0.301029996,0.021189299,0.469822016,0.414973348,0.021189299
WG100-SW-SPILL-031621,Spill,3/16/2021 0:00,,8.94,0.1625,14.7,,15,41,17,46,20,27,240,64,44,9.2,13,860,1,0.5,0.5,0.5,0.5,4.4,0.5,0.6,14,0.5,0.5,0.5,0.5,0.5,2.5,2.5,1.4,0.5,0.5,0.5,0.5,0.5,0.5,0.5,1,2.8,2.5,1,1438.4,1.176091259,1.612783857,1.230448921,1.662757832,1.301029996,1.431363764,2.380211242,1.806179974,1.643452676,0.963787827,1.113943352,2.934498451,0,-0.301029996,-0.301029996,-0.301029996,-0.301029996,0.643452676,-0.301029996,-0.22184875,1.146128036,-0.301029996,-0.301029996,-0.301029996,-0.301029996,-0.301029996,0.397940009,0.397940009,0.146128036,-0.301029996,-0.301029996,-0.301029996,-0.301029996,-0.301029996,-0.301029996,-0.301029996,0,0.447158031,0.397940009,0
WG101-SW-EAST-031621,South,3/16/2021 0:00,,8.98,0.1572,14.76,,13,34,14,44,19,27,230,62,43,9.5,12,690,0.74,0.495,0.495,0.495,0.495,3,0.495,0.6,11,0.495,0.495,0.495,0.495,0.495,2.5,2.5,1.2,0.495,0.495,0.495,0.495,0.495,0.495,0.495,1,2.8,2.5,1,1234.755,1.113943352,1.531478917,1.146128036,1.643452676,1.278753601,1.431363764,2.361727836,1.792391689,1.633468456,0.977723605,1.079181246,2.838849091,-0.13076828,-0.305394801,-0.305394801,-0.305394801,-0.305394801,0.477121255,-0.305394801,-0.22184875,1.041392685,-0.305394801,-0.305394801,-0.305394801,-0.305394801,-0.305394801,0.397940009,0.397940009,0.079181246,-0.305394801,-0.305394801,-0.305394801,-0.305394801,-0.305394801,-0.305394801,-0.305394801,0,0.447158031,0.397940009,0
WG102-SW-HEAD-031621,Head,3/16/2021 0:00,,8.1,0.1705,8.4,,18,50,19,53,24,34,280,70,69,12,15,950,0.91,0.55,0.55,0.55,0.55,4.1,0.55,0.65,29,1.1,0.55,0.55,0.55,0.55,2.65,2.65,1.25,0.55,0.55,0.55,0.55,0.55,0.55,0.55,1.05,2.95,2.65,1.05,1652.81,1.255272505,1.698970004,1.278753601,1.72427587,1.380211242,1.531478917,2.447158031,1.84509804,1.838849091,1.079181246,1.176091259,2.977723605,-0.040958608,-0.259637311,-0.259637311,-0.259637311,-0.259637311,0.612783857,-0.259637311,-0.187086643,1.462397998,0.041392685,-0.259637311,-0.259637311,-0.259637311,-0.259637311,0.423245874,0.423245874,0.096910013,-0.259637311,-0.259637311,-0.259637311,-0.259637311,-0.259637311,-0.259637311,-0.259637311,0.021189299,0.469822016,0.423245874,0.021189299
WG105-SW-WEST-031821,North,3/18/2021 0:00,,8.91,0.1635,14.79,,16,44,18,54,22,32,250,65,51,11,13,790,0.87,0.5,0.5,0.5,0.5,0.5,0.5,0.6,15,0.5,0.5,0.5,0.5,0.5,2.55,2.55,1.2,0.5,0.5,0.5,0.5,0.5,0.5,0.5,1,2.85,2.55,1,1405.17,1.204119983,1.643452676,1.255272505,1.73239376,1.342422681,1.505149978,2.397940009,1.812913357,1.707570176,1.041392685,1.113943352,2.897627091,-0.060480747,-0.301029996,-0.301029996,-0.301029996,-0.301029996,-0.301029996,-0.301029996,-0.22184875,1.176091259,-0.301029996,-0.301029996,-0.301029996,-0.301029996,-0.301029996,0.40654018,0.40654018,0.079181246,-0.301029996,-0.301029996,-0.301029996,-0.301029996,-0.301029996,-0.301029996,-0.301029996,0,0.45484486,0.40654018,0
WG106-SW-SPILL-031821,Spill,3/18/2021 0:00,,9.07,0.1622,14.7,,15,41,18,51,21,30,230,66,49,11,13,870,1.1,0.5,0.5,0.5,0.5,0.6,0.5,0.6,15,0.5,0.5,0.5,0.5,0.5,2.6,2.6,1.25,0.5,0.5,0.5,0.5,0.5,0.5,0.5,1.05,2.9,2.6,1.05,1454.85,1.176091259,1.612783857,1.255272505,1.707570176,1.322219295,1.477121255,2.361727836,1.819543936,1.69019608,1.041392685,1.113943352,2.939519253,0.041392685,-0.301029996,-0.301029996,-0.301029996,-0.301029996,-0.22184875,-0.301029996,-0.22184875,1.176091259,-0.301029996,-0.301029996,-0.301029996,-0.301029996,-0.301029996,0.414973348,0.414973348,0.096910013,-0.301029996,-0.301029996,-0.301029996,-0.301029996,-0.301029996,-0.301029996,-0.301029996,0.021189299,0.462397998,0.414973348,0.021189299
WG107-SW-EAST-031821,South,3/18/2021 0:00,,9.09,0.1622,14.44,,15,43,17,51,22,31,230,62,48,9.9,12,680,0.81,0.55,0.55,0.55,0.55,0.55,0.55,0.65,12,0.55,0.55,0.55,0.55,0.55,2.65,2.65,1.25,0.55,0.55,0.55,0.55,0.55,0.55,0.55,1.05,2.95,2.65,1.05,1258.51,1.176091259,1.633468456,1.230448921,1.707570176,1.342422681,1.491361694,2.361727836,1.792391689,1.681241237,0.995635195,1.079181246,2.832508913,-0.091514981,-0.259637311,-0.259637311,-0.259637311,-0.259637311,-0.259637311,-0.259637311,-0.187086643,1.079181246,-0.259637311,-0.259637311,-0.259637311,-0.259637311,-0.259637311,0.423245874,0.423245874,0.096910013,-0.259637311,-0.259637311,-0.259637311,-0.259637311,-0.259637311,-0.259637311,-0.259637311,0.021189299,0.469822016,0.423245874,0.021189299
WG108-SW-HEAD-031821,Head,3/18/2021 0:00,,8.26,0.169,12.78,,17,45,17,53,25,37,280,71,68,12,15,890,0.69,0.5,0.5,0.5,0.5,0.5,0.5,0.6,27,0.5,0.5,0.5,0.5,0.5,2.5,2.5,1.2,0.5,0.5,0.5,0.5,0.5,0.5,0.5,1,2.8,2.5,1.1,1580.89,1.230448921,1.653212514,1.230448921,1.72427587,1.397940009,1.568201724,2.447158031,1.851258349,1.832508913,1.079181246,1.176091259,2.949390007,-0.161150909,-0.301029996,-0.301029996,-0.301029996,-0.301029996,-0.301029996,-0.301029996,-0.22184875,1.431363764,-0.301029996,-0.301029996,-0.301029996,-0.301029996,-0.301029996,0.397940009,0.397940009,0.079181246,-0.301029996,-0.301029996,-0.301029996,-0.301029996,-0.301029996,-0.301029996,-0.301029996,0,0.447158031,0.397940009,0.041392685
WG111-SW-WEST-032321,North,3/23/2021 0:00,,9.09,0.1477,14.34,,13,34,13,42,17,25,180,57,39,8.4,10,620,0.93,0.55,0.55,0.55,0.55,0.55,0.55,0.65,14,0.55,0.55,0.55,0.55,0.55,2.65,2.65,1.8,0.55,0.55,0.55,0.55,0.55,0.55,0.55,1.05,2.95,2.65,1.05,1098.68,1.113943352,1.531478917,1.113943352,1.62324929,1.230448921,1.397940009,2.255272505,1.755874856,1.591064607,0.924279286,1,2.792391689,-0.031517051,-0.259637311,-0.259637311,-0.259637311,-0.259637311,-0.259637311,-0.259637311,-0.187086643,1.146128036,-0.259637311,-0.259637311,-0.259637311,-0.259637311,-0.259637311,0.423245874,0.423245874,0.255272505,-0.259637311,-0.259637311,-0.259637311,-0.259637311,-0.259637311,-0.259637311,-0.259637311,0.021189299,0.469822016,0.423245874,0.021189299
WG112-SW-SPILL-032321,Spill,3/23/2021 0:00,,9.21,0.1486,14.49,,13,35,13,42,17,25,180,56,35,8.1,9.8,600,0.96,0.5,0.5,0.5,0.5,0.5,0.5,0.6,12,0.5,0.5,0.5,0.5,0.5,2.6,2.6,3.1,0.5,0.5,0.5,0.5,0.5,0.5,0.5,1.05,2.9,2.6,1.05,1072.36,1.113943352,1.544068044,1.113943352,1.62324929,1.230448921,1.397940009,2.255272505,1.748188027,1.544068044,0.908485019,0.991226076,2.77815125,-0.017728767,-0.301029996,-0.301029996,-0.301029996,-0.301029996,-0.301029996,-0.301029996,-0.22184875,1.079181246,-0.301029996,-0.301029996,-0.301029996,-0.301029996,-0.301029996,0.414973348,0.414973348,0.491361694,-0.301029996,-0.301029996,-0.301029996,-0.301029996,-0.301029996,-0.301029996,-0.301029996,0.021189299,0.462397998,0.414973348,0.021189299
WG113-SW-EAST-032321,South,3/23/2021 0:00,,9.25,0.1493,15.02,,13,34,14,42,17,23,180,54,35,8.8,10,630,0.91,0.5,0.5,0.5,0.5,0.5,0.5,0.6,11,0.63,0.5,0.5,0.5,0.5,2.5,2.5,2,0.5,0.5,0.5,0.5,0.5,0.5,0.5,1,2.8,2.5,1,1096.74,1.113943352,1.531478917,1.146128036,1.62324929,1.230448921,1.361727836,2.255272505,1.73239376,1.544068044,0.944482672,1,2.799340549,-0.040958608,-0.301029996,-0.301029996,-0.301029996,-0.301029996,-0.301029996,-0.301029996,-0.22184875,1.041392685,-0.200659451,-0.301029996,-0.301029996,-0.301029996,-0.301029996,0.397940009,0.397940009,0.301029996,-0.301029996,-0.301029996,-0.301029996,-0.301029996,-0.301029996,-0.301029996,-0.301029996,0,0.447158031,0.397940009,0
WG114-SW-HEAD-032321,Head,3/23/2021 0:00,,7.8,0.1687,10.88,,15,42,16,49,22,30,250,66,56,11,14,930,1,0.495,0.495,0.495,0.495,0.495,0.495,0.6,30,0.92,0.495,0.495,0.495,0.495,2.5,2.5,2.4,0.495,0.495,0.495,0.495,0.495,0.495,0.495,1,2.8,2.5,1,1556.635,1.176091259,1.62324929,1.204119983,1.69019608,1.342422681,1.477121255,2.397940009,1.819543936,1.748188027,1.041392685,1.146128036,2.968482949,0,-0.305394801,-0.305394801,-0.305394801,-0.305394801,-0.305394801,-0.305394801,-0.22184875,1.477121255,-0.036212173,-0.305394801,-0.305394801,-0.305394801,-0.305394801,0.397940009,0.397940009,0.380211242,-0.305394801,-0.305394801,-0.305394801,-0.305394801,-0.305394801,-0.305394801,-0.305394801,0,0.447158031,0.397940009,0
WG118-SW-WEST-06152021,North,6/15/2021 0:00,,6.8,0.1193,1.25,0.480314961,10,25,7.6,29,10,18,99,41,17,4.3,5.8,370,0.93,0.71,0.49,0.49,0.49,0.49,0.49,0.6,5.7,0.59,0.49,0.49,0.49,0.49,2.45,2.45,2.2,0.49,0.49,0.49,0.49,0.49,0.49,0.49,1,2.75,2.45,1,667.37,1,1.397940009,0.880813592,1.462397998,1,1.255272505,1.995635195,1.612783857,1.230448921,0.633468456,0.763427994,2.568201724,-0.031517051,-0.148741651,-0.30980392,-0.30980392,-0.30980392,-0.30980392,-0.30980392,-0.22184875,0.755874856,-0.229147988,-0.30980392,-0.30980392,-0.30980392,-0.30980392,0.389166084,0.389166084,0.342422681,-0.30980392,-0.30980392,-0.30980392,-0.30980392,-0.30980392,-0.30980392,-0.30980392,0,0.439332694,0.389166084,0
WG119-SW-SPILL-06152021,Spill,6/15/2021 0:00,,6.67,0.1079,2.25,0.480314961,9.6,21,5.8,24,8,14,82,36,11,3.2,5,290,1.2,0.76,0.5,0.5,0.5,0.5,0.5,0.6,4.3,0.57,0.5,0.5,0.5,0.5,2.5,2.5,3.1,0.5,0.5,0.5,0.5,0.5,0.5,0.5,1,2.8,2.5,1,540.43,0.982271233,1.322219295,0.763427994,1.380211242,0.903089987,1.146128036,1.913813852,1.556302501,1.041392685,0.505149978,0.698970004,2.462397998,0.079181246,-0.119186408,-0.301029996,-0.301029996,-0.301029996,-0.301029996,-0.301029996,-0.22184875,0.633468456,-0.244125144,-0.301029996,-0.301029996,-0.301029996,-0.301029996,0.397940009,0.397940009,0.491361694,-0.301029996,-0.301029996,-0.301029996,-0.301029996,-0.301029996,-0.301029996,-0.301029996,0,0.447158031,0.397940009,0
WG120-SW-EAST-06152021,South,6/15/2021 0:00,,6.79,0.116,1.32,0.480314961,9.2,20,7.2,27,8.5,16,85,37,15,4.1,5.1,320,1.1,0.71,0.475,0.475,0.475,0.475,0.475,0.55,5.7,0.62,0.475,0.475,0.475,0.475,2.35,2.35,1.15,0.475,0.475,0.475,0.475,0.475,0.475,0.475,0.95,2.65,2.35,0.95,583.13,0.963787827,1.301029996,0.857332496,1.431363764,0.929418926,1.204119983,1.929418926,1.568201724,1.176091259,0.612783857,0.707570176,2.505149978,0.041392685,-0.148741651,-0.32330639,-0.32330639,-0.32330639,-0.32330639,-0.32330639,-0.259637311,0.755874856,-0.207608311,-0.32330639,-0.32330639,-0.32330639,-0.32330639,0.371067862,0.371067862,0.06069784,-0.32330639,-0.32330639,-0.32330639,-0.32330639,-0.32330639,-0.32330639,-0.32330639,-0.022276395,0.423245874,0.371067862,-0.022276395
WG121-SW-HEAD-06152021,Head,6/15/2021 0:00,,7.81,0.1888,6.62,0.480314961,12,33,12,38,16,21,160,52,31,7.5,6.6,520,0.99,0.49,0.49,0.49,0.49,0.49,0.49,0.6,16,1.1,0.49,0.49,0.49,0.49,2.45,2.45,1.2,0.49,0.49,0.49,0.49,0.49,0.49,0.49,1,2.75,2.45,1,949.42,1.079181246,1.51851394,1.079181246,1.579783597,1.204119983,1.322219295,2.204119983,1.716003344,1.491361694,0.875061263,0.819543936,2.716003344,-0.004364805,-0.30980392,-0.30980392,-0.30980392,-0.30980392,-0.30980392,-0.30980392,-0.22184875,1.204119983,0.041392685,-0.30980392,-0.30980392,-0.30980392,-0.30980392,0.389166084,0.389166084,0.079181246,-0.30980392,-0.30980392,-0.30980392,-0.30980392,-0.30980392,-0.30980392,-0.30980392,0,0.439332694,0.389166084,0
WG124-SW-WEST-06242021,North,6/24/2021 0:00,,6.78,0.1547,0.46,0.011811024,13,27,9.6,38,13,19,130,48,25,5.3,7.3,440,1.8,1.3,0.5,0.5,0.5,0.5,0.5,0.6,11,0.5,0.5,0.5,0.5,0.5,2.55,2.55,2.1,1.8,0.57,0.53,0.79,2.3,2.2,1.1,1,2.85,2.55,2,819.79,1.113943352,1.431363764,0.982271233,1.579783597,1.113943352,1.278753601,2.113943352,1.681241237,1.397940009,0.72427587,0.86332286,2.643452676,0.255272505,0.113943352,-0.301029996,-0.301029996,-0.301029996,-0.301029996,-0.301029996,-0.22184875,1.041392685,-0.301029996,-0.301029996,-0.301029996,-0.301029996,-0.301029996,0.40654018,0.40654018,0.322219295,0.255272505,-0.244125144,-0.27572413,-0.102372909,0.361727836,0.342422681,0.041392685,0,0.45484486,0.40654018,0.301029996
WG125-SW-SPILL-06242021,Spill,6/24/2021 0:00,,6.65,0.1489,2.8,0.011811024,34,74,0.5,0.5,0.5,52,160,110,150,0.5,0.5,480,0.5,0.5,0.5,0.5,0.5,0.5,0.5,0.6,140,0.5,0.5,0.5,0.5,0.5,2.6,2.6,87,94,25,40,35,130,130,0.5,1.05,2.9,64,110,1933.75,1.531478917,1.86923172,-0.301029996,-0.301029996,-0.301029996,1.716003344,2.204119983,2.041392685,2.176091259,-0.301029996,-0.301029996,2.681241237,-0.301029996,-0.301029996,-0.301029996,-0.301029996,-0.301029996,-0.301029996,-0.301029996,-0.22184875,2.146128036,-0.301029996,-0.301029996,-0.301029996,-0.301029996,-0.301029996,0.414973348,0.414973348,1.939519253,1.973127854,1.397940009,1.602059991,1.544068044,2.113943352,2.113943352,-0.301029996,0.021189299,0.462397998,1.806179974,2.041392685
WG126-SW-EAST-06242021,South,6/24/2021 0:00,,6.88,0.1388,2.38,0.011811024,36,58,30,0.5,0.5,34,150,83,130,0.5,0.5,450,0.5,0.5,0.5,0.5,0.5,0.5,0.5,0.6,120,0.5,0.5,0.5,0.5,0.5,2.55,2.55,70,100,20,24,29,130,130,0.5,1,2.85,2.55,77,1691.6,1.556302501,1.763427994,1.477121255,-0.301029996,-0.301029996,1.531478917,2.176091259,1.919078092,2.113943352,-0.301029996,-0.301029996,2.653212514,-0.301029996,-0.301029996,-0.301029996,-0.301029996,-0.301029996,-0.301029996,-0.301029996,-0.22184875,2.079181246,-0.301029996,-0.301029996,-0.301029996,-0.301029996,-0.301029996,0.40654018,0.40654018,1.84509804,2,1.301029996,1.380211242,1.462397998,2.113943352,2.113943352,-0.301029996,0,0.45484486,0.40654018,1.886490725
WG127-SW-HEAD-06242021,Head,6/24/2021 0:00,,7.66,0.1855,6.25,0.011811024,37,100,48,0.5,67,73,240,0.9,190,0.5,0.5,500,0.5,0.5,0.5,0.5,0.5,0.5,0.5,0.6,280,0.5,0.5,0.5,0.5,0.5,2.55,2.55,100,140,45,49,50,200,190,87,1,2.85,2.55,110,2526.5,1.568201724,2,1.681241237,-0.301029996,1.826074803,1.86332286,2.380211242,-0.045757491,2.278753601,-0.301029996,-0.301029996,2.698970004,-0.301029996,-0.301029996,-0.301029996,-0.301029996,-0.301029996,-0.301029996,-0.301029996,-0.22184875,2.447158031,-0.301029996,-0.301029996,-0.301029996,-0.301029996,-0.301029996,0.40654018,0.40654018,2,2.146128036,1.653212514,1.69019608,1.698970004,2.301029996,2.278753601,1.939519253,0,0.45484486,0.40654018,2.041392685
WG130-SW-WEST-06252021,North,6/25/2021 0:00,,6.8,0.1485,0.28,0,11,27,8.8,34,11,18,110,44,19,4.1,6.1,390,1.1,0.5,0.5,0.5,0.5,0.5,0.5,0.6,8.6,0.5,0.5,0.5,0.5,0.5,2.5,2.5,1.2,0.5,0.5,0.5,0.5,0.5,0.5,0.5,1,2.8,2.5,1,715.8,1.041392685,1.431363764,0.944482672,1.531478917,1.041392685,1.255272505,2.041392685,1.643452676,1.278753601,0.612783857,0.785329835,2.591064607,0.041392685,-0.301029996,-0.301029996,-0.301029996,-0.301029996,-0.301029996,-0.301029996,-0.22184875,0.934498451,-0.301029996,-0.301029996,-0.301029996,-0.301029996,-0.301029996,0.397940009,0.397940009,0.079181246,-0.301029996,-0.301029996,-0.301029996,-0.301029996,-0.301029996,-0.301029996,-0.301029996,0,0.447158031,0.397940009,0
WG131-SW-SPILL-06252021,Spill,6/25/2021 0:00,,6.75,0.1459,0.3,0,10,26,8.5,30,11,18,110,41,17,4.4,6.1,390,1.3,0.5,0.5,0.5,0.5,0.5,0.5,0.6,6.7,0.5,0.5,0.5,0.5,0.5,2.6,2.6,1.25,0.5,0.5,0.5,0.5,0.5,0.5,0.5,1.05,2.9,2.6,1.05,703.65,1,1.414973348,0.929418926,1.477121255,1.041392685,1.255272505,2.041392685,1.612783857,1.230448921,0.643452676,0.785329835,2.591064607,0.113943352,-0.301029996,-0.301029996,-0.301029996,-0.301029996,-0.301029996,-0.301029996,-0.22184875,0.826074803,-0.301029996,-0.301029996,-0.301029996,-0.301029996,-0.301029996,0.414973348,0.414973348,0.096910013,-0.301029996,-0.301029996,-0.301029996,-0.301029996,-0.301029996,-0.301029996,-0.301029996,0.021189299,0.462397998,0.414973348,0.021189299
WG132-SW-EAST-06252021,South,6/25/2021 0:00,,6.86,0.1413,0.86,0,10,26,8.6,32,12,17,120,44,20,4.8,6.3,400,1.1,0.5,0.5,0.5,0.5,0.5,0.5,0.6,8.4,0.5,0.5,0.5,0.5,0.5,2.55,2.55,1.2,0.5,0.5,0.5,0.5,0.5,0.5,0.5,1,2.85,2.55,1,733.5,1,1.414973348,0.934498451,1.505149978,1.079181246,1.230448921,2.079181246,1.643452676,1.301029996,0.681241237,0.799340549,2.602059991,0.041392685,-0.301029996,-0.301029996,-0.301029996,-0.301029996,-0.301029996,-0.301029996,-0.22184875,0.924279286,-0.301029996,-0.301029996,-0.301029996,-0.301029996,-0.301029996,0.40654018,0.40654018,0.079181246,-0.301029996,-0.301029996,-0.301029996,-0.301029996,-0.301029996,-0.301029996,-0.301029996,0,0.45484486,0.40654018,0
WG133-SW-HEAD-06252021,Head,6/25/2021 0:00,,7.73,0.1846,6.82,0,12,30,15,36,18,21,180,55,30,7.4,8.1,640,0.9,0.5,0.5,0.5,0.5,0.5,0.5,0.65,15,0.5,0.5,0.5,0.5,0.5,2.6,2.6,1.25,0.5,0.5,0.5,0.5,0.5,0.5,0.5,1.05,2.95,2.6,1.05,1092.15,1.079181246,1.477121255,1.176091259,1.556302501,1.255272505,1.322219295,2.255272505,1.740362689,1.477121255,0.86923172,0.908485019,2.806179974,-0.045757491,-0.301029996,-0.301029996,-0.301029996,-0.301029996,-0.301029996,-0.301029996,-0.187086643,1.176091259,-0.301029996,-0.301029996,-0.301029996,-0.301029996,-0.301029996,0.414973348,0.414973348,0.096910013,-0.301029996,-0.301029996,-0.301029996,-0.301029996,-0.301029996,-0.301029996,-0.301029996,0.021189299,0.469822016,0.414973348,0.021189299
WG137-SW-WEST-06302021,North,6/30/2021 0:00,,7,0.1458,1.06,,1.1,0.6,0.5,0.5,0.5,0.8,0.8,0.9,1,0.5,0.5,0.5,0.5,0.5,0.5,0.5,0.5,0.5,0.5,0.6,1,0.5,0.5,0.5,0.5,0.5,2.55,2.55,1.2,0.5,0.5,0.5,0.5,0.5,0.5,0.5,1,2.85,2.55,1,33,0.041392685,-0.22184875,-0.301029996,-0.301029996,-0.301029996,-0.096910013,-0.096910013,-0.045757491,0,-0.301029996,-0.301029996,-0.301029996,-0.301029996,-0.301029996,-0.301029996,-0.301029996,-0.301029996,-0.301029996,-0.301029996,-0.22184875,0,-0.301029996,-0.301029996,-0.301029996,-0.301029996,-0.301029996,0.40654018,0.40654018,0.079181246,-0.301029996,-0.301029996,-0.301029996,-0.301029996,-0.301029996,-0.301029996,-0.301029996,0,0.45484486,0.40654018,0
WG138-SW-SPILL-06302021,Spill,6/30/2021 0:00,,6.79,0.1537,0.22,,11,26,9.2,34,11,17,120,44,18,4.7,6.1,380,1,0.47,0.47,0.47,0.47,0.47,0.47,0.55,6.2,0.47,0.47,0.47,0.47,0.47,2.35,2.35,1.15,0.47,0.47,0.47,0.47,0.47,0.47,0.47,0.95,2.65,2.35,0.95,709.96,1.041392685,1.414973348,0.963787827,1.531478917,1.041392685,1.230448921,2.079181246,1.643452676,1.255272505,0.672097858,0.785329835,2.579783597,0,-0.327902142,-0.327902142,-0.327902142,-0.327902142,-0.327902142,-0.327902142,-0.259637311,0.792391689,-0.327902142,-0.327902142,-0.327902142,-0.327902142,-0.327902142,0.371067862,0.371067862,0.06069784,-0.327902142,-0.327902142,-0.327902142,-0.327902142,-0.327902142,-0.327902142,-0.327902142,-0.022276395,0.423245874,0.371067862,-0.022276395
WG139-SW-EAST-06302021,South,6/30/2021 0:00,,6.85,0.1425,1.3,,12,29,10,32,13,18,130,45,18,5.1,7,440,1.2,0.485,0.485,0.485,0.485,0.485,0.485,0.6,7.8,0.485,0.485,0.485,0.485,0.485,2.4,2.4,1.15,0.485,0.485,0.485,0.485,0.485,0.485,0.485,0.95,2.7,2.4,0.95,790.38,1.079181246,1.462397998,1,1.505149978,1.113943352,1.255272505,2.113943352,1.653212514,1.255272505,0.707570176,0.84509804,2.643452676,0.079181246,-0.314258261,-0.314258261,-0.314258261,-0.314258261,-0.314258261,-0.314258261,-0.22184875,0.892094603,-0.314258261,-0.314258261,-0.314258261,-0.314258261,-0.314258261,0.380211242,0.380211242,0.06069784,-0.314258261,-0.314258261,-0.314258261,-0.314258261,-0.314258261,-0.314258261,-0.314258261,-0.022276395,0.431363764,0.380211242,-0.022276395
WG140-SW-HEAD-06302021,Head,6/30/2021 0:00,,7.39,0.1664,6.03,,11,29,11,35,13,19,130,49,18,6.3,7.1,480,0.97,0.5,0.5,0.5,0.5,0.5,0.5,0.6,6.2,0.5,0.5,0.5,0.5,0.5,2.55,2.55,1.2,0.5,0.5,0.5,0.5,0.5,0.5,0.5,1,2.85,2.55,1,838.87,1.041392685,1.462397998,1.041392685,1.544068044,1.113943352,1.278753601,2.113943352,1.69019608,1.255272505,0.799340549,0.851258349,2.681241237,-0.013228266,-0.301029996,-0.301029996,-0.301029996,-0.301029996,-0.301029996,-0.301029996,-0.22184875,0.792391689,-0.301029996,-0.301029996,-0.301029996,-0.301029996,-0.301029996,0.40654018,0.40654018,0.079181246,-0.301029996,-0.301029996,-0.301029996,-0.301029996,-0.301029996,-0.301029996,-0.301029996,0,0.45484486,0.40654018,0
WG144-SW-WEST-07022021,North,7/2/2021 0:00,,7.11,0.0824,1.08,,6.7,14,4,19,4.9,9.1,53,28,8.4,2.3,3.5,200,1,0.5,0.5,0.5,0.5,0.5,0.5,0.65,3.2,0.5,0.5,0.5,0.5,0.5,2.6,2.6,1.25,0.5,0.5,0.5,0.5,0.5,0.5,0.5,1.05,2.95,2.6,1.05,380.85,0.826074803,1.146128036,0.602059991,1.278753601,0.69019608,0.959041392,1.72427587,1.447158031,0.924279286,0.361727836,0.544068044,2.301029996,0,-0.301029996,-0.301029996,-0.301029996,-0.301029996,-0.301029996,-0.301029996,-0.187086643,0.505149978,-0.301029996,-0.301029996,-0.301029996,-0.301029996,-0.301029996,0.414973348,0.414973348,0.096910013,-0.301029996,-0.301029996,-0.301029996,-0.301029996,-0.301029996,-0.301029996,-0.301029996,0.021189299,0.469822016,0.414973348,0.021189299
WG145-SW-SPILL-07022021,Spill,7/2/2021 0:00,,6.91,0.1494,0.26,,12,29,10,34,13,19,130,46,20,4.9,7,420,1.6,1,0.5,0.5,0.5,0.5,0.5,0.6,6.9,0.5,0.5,0.5,0.5,0.5,2.6,2.6,1.25,0.5,0.5,0.5,0.5,0.5,0.5,0.5,1.05,2.9,2.6,1.05,777.55,1.079181246,1.462397998,1,1.531478917,1.113943352,1.278753601,2.113943352,1.662757832,1.301029996,0.69019608,0.84509804,2.62324929,0.204119983,0,-0.301029996,-0.301029996,-0.301029996,-0.301029996,-0.301029996,-0.22184875,0.838849091,-0.301029996,-0.301029996,-0.301029996,-0.301029996,-0.301029996,0.414973348,0.414973348,0.096910013,-0.301029996,-0.301029996,-0.301029996,-0.301029996,-0.301029996,-0.301029996,-0.301029996,0.021189299,0.462397998,0.414973348,0.021189299
WG146-SW-EAST-07022021,South,7/2/2021 0:00,,6.93,0.1183,0.74,,10,25,9,29,10,15,98,42,16,4.2,5.4,370,0.96,0.55,0.55,0.55,0.55,0.55,0.55,0.65,6.7,0.55,0.55,0.55,0.55,0.55,2.7,2.7,1.3,0.55,0.55,0.55,0.55,0.55,0.55,0.55,1.1,3,2.7,1.1,666.41,1,1.397940009,0.954242509,1.462397998,1,1.176091259,1.991226076,1.62324929,1.204119983,0.62324929,0.73239376,2.568201724,-0.017728767,-0.259637311,-0.259637311,-0.259637311,-0.259637311,-0.259637311,-0.259637311,-0.187086643,0.826074803,-0.259637311,-0.259637311,-0.259637311,-0.259637311,-0.259637311,0.431363764,0.431363764,0.113943352,-0.259637311,-0.259637311,-0.259637311,-0.259637311,-0.259637311,-0.259637311,-0.259637311,0.041392685,0.477121255,0.431363764,0.041392685
WG147-SW-HEAD-07022021,Head,7/2/2021 0:00,,7.92,0.2279,6.75,,12,31,9,32,11,17,110,53,19,4.8,4.6,420,1.2,0.5,0.5,0.5,0.5,0.5,0.5,0.6,9.3,0.5,0.5,0.5,0.5,0.5,2.55,2.55,1.2,0.5,0.5,0.5,0.5,0.5,0.5,0.5,1,2.85,2.55,1,757.2,1.079181246,1.491361694,0.954242509,1.505149978,1.041392685,1.230448921,2.041392685,1.72427587,1.278753601,0.681241237,0.662757832,2.62324929,0.079181246,-0.301029996,-0.301029996,-0.301029996,-0.301029996,-0.301029996,-0.301029996,-0.22184875,0.968482949,-0.301029996,-0.301029996,-0.301029996,-0.301029996,-0.301029996,0.40654018,0.40654018,0.079181246,-0.301029996,-0.301029996,-0.301029996,-0.301029996,-0.301029996,-0.301029996,-0.301029996,0,0.45484486,0.40654018,0
WG150-SW-WEST-07062021,North,7/6/2021 0:00,,7.19,0.0906,2.6,0,6.5,12,4.1,14,4.9,10,52,29,10,2.7,3.3,210,0.86,0.5,0.5,0.5,0.5,0.5,0.5,0.6,3.2,0.5,0.5,0.5,0.5,0.5,2.5,2.5,1.2,0.5,0.5,0.5,0.5,0.5,0.5,0.5,1,2.8,2.5,1,385.66,0.812913357,1.079181246,0.612783857,1.146128036,0.69019608,1,1.716003344,1.462397998,1,0.431363764,0.51851394,2.322219295,-0.065501549,-0.301029996,-0.301029996,-0.301029996,-0.301029996,-0.301029996,-0.301029996,-0.22184875,0.505149978,-0.301029996,-0.301029996,-0.301029996,-0.301029996,-0.301029996,0.397940009,0.397940009,0.079181246,-0.301029996,-0.301029996,-0.301029996,-0.301029996,-0.301029996,-0.301029996,-0.301029996,0,0.447158031,0.397940009,0
WG151-SW-SPILL-07062021,Spill,7/6/2021 0:00,,7.02,0.0833,0.75,0,5.6,13,3.8,15,4.8,8.3,47,26,8.7,2.5,2.9,190,0.87,0.53,0.5,0.5,0.5,0.5,0.5,0.6,3.1,0.5,0.5,0.5,0.5,0.5,2.5,2.5,1.2,0.5,0.5,0.5,0.5,0.5,0.5,0.5,1,2.8,2.5,1,354.7,0.748188027,1.113943352,0.579783597,1.176091259,0.681241237,0.919078092,1.672097858,1.414973348,0.939519253,0.397940009,0.462397998,2.278753601,-0.060480747,-0.27572413,-0.301029996,-0.301029996,-0.301029996,-0.301029996,-0.301029996,-0.22184875,0.491361694,-0.301029996,-0.301029996,-0.301029996,-0.301029996,-0.301029996,0.397940009,0.397940009,0.079181246,-0.301029996,-0.301029996,-0.301029996,-0.301029996,-0.301029996,-0.301029996,-0.301029996,0,0.447158031,0.397940009,0
WG152-SW-EAST-07062021,South,7/6/2021 0:00,,6.86,0.0912,1.85,0,4.9,11,3.8,15,4.5,8.3,49,25,8.2,2.7,3.4,210,0.85,0.52,0.5,0.5,0.5,0.5,0.5,0.6,10,0.5,0.5,0.5,0.5,0.5,2.55,2.55,1.2,0.5,0.5,0.5,0.5,0.5,0.5,0.5,1,2.85,2.55,1,379.97,0.69019608,1.041392685,0.579783597,1.176091259,0.653212514,0.919078092,1.69019608,1.397940009,0.913813852,0.431363764,0.531478917,2.322219295,-0.070581074,-0.283996656,-0.301029996,-0.301029996,-0.301029996,-0.301029996,-0.301029996,-0.22184875,1,-0.301029996,-0.301029996,-0.301029996,-0.301029996,-0.301029996,0.40654018,0.40654018,0.079181246,-0.301029996,-0.301029996,-0.301029996,-0.301029996,-0.301029996,-0.301029996,-0.301029996,0,0.45484486,0.40654018,0
WG153-SW-HEAD-07062021,Head,7/6/2021 0:00,,8,0.1911,7.6,0,7.8,19,6,22,7.9,12,78,37,13,3.9,4.5,300,1,0.5,0.5,0.5,0.5,0.5,0.5,0.6,4.2,0.5,0.5,0.5,0.5,0.5,2.55,2.55,1.2,0.5,0.5,0.5,0.5,0.5,0.5,0.5,1,2.85,2.55,1,539.6,0.892094603,1.278753601,0.77815125,1.342422681,0.897627091,1.079181246,1.892094603,1.568201724,1.113943352,0.591064607,0.653212514,2.477121255,0,-0.301029996,-0.301029996,-0.301029996,-0.301029996,-0.301029996,-0.301029996,-0.22184875,0.62324929,-0.301029996,-0.301029996,-0.301029996,-0.301029996,-0.301029996,0.40654018,0.40654018,0.079181246,-0.301029996,-0.301029996,-0.301029996,-0.301029996,-0.301029996,-0.301029996,-0.301029996,0,0.45484486,0.40654018,0
WG156-SW-WEST-07082021,North,7/8/2021 0:00,,7.22,0.0886,2.7,0,6.6,15,4.8,18,6,9.8,60,31,9.1,3.1,3.6,230,0.9,0.55,0.55,0.55,0.55,0.55,0.55,0.65,2.8,0.55,0.55,0.55,0.55,0.55,2.75,2.75,1.3,0.55,0.55,0.55,0.55,0.55,0.55,0.55,1.1,3.1,2.75,1.1,426.1,0.819543936,1.176091259,0.681241237,1.255272505,0.77815125,0.991226076,1.77815125,1.491361694,0.959041392,0.491361694,0.556302501,2.361727836,-0.045757491,-0.259637311,-0.259637311,-0.259637311,-0.259637311,-0.259637311,-0.259637311,-0.187086643,0.447158031,-0.259637311,-0.259637311,-0.259637311,-0.259637311,-0.259637311,0.439332694,0.439332694,0.113943352,-0.259637311,-0.259637311,-0.259637311,-0.259637311,-0.259637311,-0.259637311,-0.259637311,0.041392685,0.491361694,0.439332694,0.041392685
WG157-SW-SPILL-07082021,Spill,7/8/2021 0:00,,6.74,0.085,0.44,0,5.9,14,4.3,16,5.3,8.5,52,28,8.2,2.7,3.5,210,0.91,0.53,0.495,0.495,0.495,0.495,0.495,0.6,2.6,0.495,0.495,0.495,0.495,0.495,2.5,2.5,1.2,0.495,0.495,0.495,0.495,0.495,0.495,0.495,1,2.8,2.5,1,384.955,0.770852012,1.146128036,0.633468456,1.204119983,0.72427587,0.929418926,1.716003344,1.447158031,0.913813852,0.431363764,0.544068044,2.322219295,-0.040958608,-0.27572413,-0.305394801,-0.305394801,-0.305394801,-0.305394801,-0.305394801,-0.22184875,0.414973348,-0.305394801,-0.305394801,-0.305394801,-0.305394801,-0.305394801,0.397940009,0.397940009,0.079181246,-0.305394801,-0.305394801,-0.305394801,-0.305394801,-0.305394801,-0.305394801,-0.305394801,0,0.447158031,0.397940009,0
WG158-SW-EAST-07082021,South,7/8/2021 0:00,,6.95,0.0958,3.9,0,5.8,14,4.4,15,5.1,9.2,50,27,7.8,2.8,3.4,220,0.76,0.5,0.5,0.5,0.5,0.5,0.5,0.6,10.5,0.5,0.5,0.5,0.5,0.5,2.6,2.6,1.25,0.5,0.5,0.5,0.5,0.5,0.5,0.5,1.05,2.9,2.6,1.05,399.41,0.763427994,1.146128036,0.643452676,1.176091259,0.707570176,0.963787827,1.698970004,1.431363764,0.892094603,0.447158031,0.531478917,2.342422681,-0.119186408,-0.301029996,-0.301029996,-0.301029996,-0.301029996,-0.301029996,-0.301029996,-0.22184875,1.021189299,-0.301029996,-0.301029996,-0.301029996,-0.301029996,-0.301029996,0.414973348,0.414973348,0.096910013,-0.301029996,-0.301029996,-0.301029996,-0.301029996,-0.301029996,-0.301029996,-0.301029996,0.021189299,0.462397998,0.414973348,0.021189299
WG159-SW-HEAD-07082021,Head,7/8/2021 0:00,,7.66,0.1746,7.62,0,5.6,14,4.7,15,7,11,82,35,12,4.5,4.7,330,0.93,0.55,0.55,0.55,0.55,0.55,0.55,0.65,3.9,0.55,0.55,0.55,0.55,0.55,2.7,2.7,1.3,0.55,0.55,0.55,0.55,0.55,0.55,0.55,1.1,3,2.7,1.1,555.48,0.748188027,1.146128036,0.672097858,1.176091259,0.84509804,1.041392685,1.913813852,1.544068044,1.079181246,0.653212514,0.672097858,2.51851394,-0.031517051,-0.259637311,-0.259637311,-0.259637311,-0.259637311,-0.259637311,-0.259637311,-0.187086643,0.591064607,-0.259637311,-0.259637311,-0.259637311,-0.259637311,-0.259637311,0.431363764,0.431363764,0.113943352,-0.259637311,-0.259637311,-0.259637311,-0.259637311,-0.259637311,-0.259637311,-0.259637311,0.041392685,0.477121255,0.431363764,0.041392685
WG162-SW-WEST-07112021,North,7/11/2021 0:00,,7.02,0.0859,2.68,0,5.6,12,4.2,15,4.3,8.9,47,26,7.3,2.6,2.7,190,0.78,0.57,0.5,0.5,0.5,0.5,0.5,0.6,10.5,0.5,0.5,0.5,0.5,0.5,2.6,2.6,1.25,0.5,0.5,0.5,0.5,0.5,0.5,0.5,1.05,2.9,2.6,1.05,360.6,0.748188027,1.079181246,0.62324929,1.176091259,0.633468456,0.949390007,1.672097858,1.414973348,0.86332286,0.414973348,0.431363764,2.278753601,-0.107905397,-0.244125144,-0.301029996,-0.301029996,-0.301029996,-0.301029996,-0.301029996,-0.22184875,1.021189299,-0.301029996,-0.301029996,-0.301029996,-0.301029996,-0.301029996,0.414973348,0.414973348,0.096910013,-0.301029996,-0.301029996,-0.301029996,-0.301029996,-0.301029996,-0.301029996,-0.301029996,0.021189299,0.462397998,0.414973348,0.021189299
WG163-SW-SPILL-07112021,Spill,7/11/2021 0:00,,6.84,0.093,0.77,0,6.2,12,4,15,5.6,9.9,52,30,8.1,2.8,3.2,220,0.88,0.57,0.55,0.55,0.55,0.55,0.55,0.65,10.5,0.55,0.55,0.55,0.55,0.55,2.7,2.7,1.3,0.55,0.55,0.55,0.55,0.55,0.55,0.55,1.05,3,2.7,1.05,405.25,0.792391689,1.079181246,0.602059991,1.176091259,0.748188027,0.995635195,1.716003344,1.477121255,0.908485019,0.447158031,0.505149978,2.342422681,-0.055517328,-0.244125144,-0.259637311,-0.259637311,-0.259637311,-0.259637311,-0.259637311,-0.187086643,1.021189299,-0.259637311,-0.259637311,-0.259637311,-0.259637311,-0.259637311,0.431363764,0.431363764,0.113943352,-0.259637311,-0.259637311,-0.259637311,-0.259637311,-0.259637311,-0.259637311,-0.259637311,0.021189299,0.477121255,0.431363764,0.021189299
WG164-SW-EAST-07112021,South,7/11/2021 0:00,,6.9,0.0862,2.5,0,6.4,14,4.4,16,5.2,9.4,55,28,11.5,3,3.3,220,0.87,0.55,0.55,0.55,0.55,0.55,0.55,0.7,11.5,0.55,0.55,0.55,0.55,0.55,2.85,2.85,1.35,0.55,0.55,0.55,0.55,0.55,0.55,0.55,1.15,3.15,2.85,1.15,414.52,0.806179974,1.146128036,0.643452676,1.204119983,0.716003344,0.973127854,1.740362689,1.447158031,1.06069784,0.477121255,0.51851394,2.342422681,-0.060480747,-0.259637311,-0.259637311,-0.259637311,-0.259637311,-0.259637311,-0.259637311,-0.15490196,1.06069784,-0.259637311,-0.259637311,-0.259637311,-0.259637311,-0.259637311,0.45484486,0.45484486,0.130333768,-0.259637311,-0.259637311,-0.259637311,-0.259637311,-0.259637311,-0.259637311,-0.259637311,0.06069784,0.498310554,0.45484486,0.06069784
WG165-SW-HEAD-07112021,Head,7/11/2021 0:00,,7.76,0.1925,7.5,0,13,33,13,36,17,22,160,49,32,8.5,7.1,590,0.89,0.5,0.5,0.5,0.5,0.5,0.5,0.6,16,0.95,0.5,0.5,0.5,0.5,2.55,2.55,1.25,0.5,0.5,0.5,0.5,0.5,0.5,0.5,1.05,2.9,2.55,1.05,1021.44,1.113943352,1.51851394,1.113943352,1.556302501,1.230448921,1.342422681,2.204119983,1.69019608,1.505149978,0.929418926,0.851258349,2.770852012,-0.050609993,-0.301029996,-0.301029996,-0.301029996,-0.301029996,-0.301029996,-0.301029996,-0.22184875,1.204119983,-0.022276395,-0.301029996,-0.301029996,-0.301029996,-0.301029996,0.40654018,0.40654018,0.096910013,-0.301029996,-0.301029996,-0.301029996,-0.301029996,-0.301029996,-0.301029996,-0.301029996,0.021189299,0.462397998,0.40654018,0.021189299
WG168-SW-WEST-07132021,North,7/13/2021 0:00,,7.01,0.0617,2.34,,5.8,8.9,1.7,8.5,1.9,4.4,21,14,5.2,0.96,2.6,98,0.79,0.6,0.5,0.5,0.5,0.5,0.5,0.65,2.8,0.55,0.5,0.5,0.5,0.5,2.6,2.6,1.25,0.5,0.5,0.5,0.5,0.5,0.5,0.5,1.05,2.9,2.6,1.05,200.4,0.763427994,0.949390007,0.230448921,0.929418926,0.278753601,0.643452676,1.322219295,1.146128036,0.716003344,-0.017728767,0.414973348,1.991226076,-0.102372909,-0.22184875,-0.301029996,-0.301029996,-0.301029996,-0.301029996,-0.301029996,-0.187086643,0.447158031,-0.259637311,-0.301029996,-0.301029996,-0.301029996,-0.301029996,0.414973348,0.414973348,0.096910013,-0.301029996,-0.301029996,-0.301029996,-0.301029996,-0.301029996,-0.301029996,-0.301029996,0.021189299,0.462397998,0.414973348,0.021189299
WG169-SW-SPILL-07132021,Spill,7/13/2021 0:00,,6.76,0.0793,0.48,,7.5,14,4.5,18,5.7,9.6,57,27,6.9,2.6,3.8,220,1.1,0.8,0.5,0.5,0.5,0.5,0.5,0.6,2.7,0.57,0.5,0.5,0.5,0.5,2.55,2.55,1.2,0.5,0.5,0.5,0.5,0.5,0.5,0.5,1,2.85,2.55,1,404.07,0.875061263,1.146128036,0.653212514,1.255272505,0.755874856,0.982271233,1.755874856,1.431363764,0.838849091,0.414973348,0.579783597,2.342422681,0.041392685,-0.096910013,-0.301029996,-0.301029996,-0.301029996,-0.301029996,-0.301029996,-0.22184875,0.431363764,-0.244125144,-0.301029996,-0.301029996,-0.301029996,-0.301029996,0.40654018,0.40654018,0.079181246,-0.301029996,-0.301029996,-0.301029996,-0.301029996,-0.301029996,-0.301029996,-0.301029996,0,0.45484486,0.40654018,0
WG170-SW-EAST-07132021,South,7/13/2021 0:00,,6.76,0.0498,1.95,,4.2,10,3.1,14,4.2,6.8,41,20,6,1.8,2.9,160,0.67,0.61,0.55,0.55,0.55,0.55,0.55,0.65,2.7,0.55,0.55,0.55,0.55,0.55,2.65,2.65,1.3,0.55,0.55,0.55,0.55,0.55,0.55,0.55,1.05,3,2.65,1.05,302.33,0.62324929,1,0.491361694,1.146128036,0.62324929,0.832508913,1.612783857,1.301029996,0.77815125,0.255272505,0.462397998,2.204119983,-0.173925197,-0.214670165,-0.259637311,-0.259637311,-0.259637311,-0.259637311,-0.259637311,-0.187086643,0.431363764,-0.259637311,-0.259637311,-0.259637311,-0.259637311,-0.259637311,0.423245874,0.423245874,0.113943352,-0.259637311,-0.259637311,-0.259637311,-0.259637311,-0.259637311,-0.259637311,-0.259637311,0.021189299,0.477121255,0.423245874,0.021189299
WG171-SW-HEAD-07132021,Head,7/13/2021 0:00,,7.46,0.1903,6.35,,13,32,11,37,14,21,140,55,25,6.8,6.4,540,0.82,0.55,0.55,0.55,0.55,0.55,0.55,0.65,12,1.1,0.55,0.55,0.55,0.55,2.65,2.65,1.25,0.55,0.55,0.55,0.55,0.55,0.55,0.55,1.05,2.95,2.65,10.5,948.82,1.113943352,1.505149978,1.041392685,1.568201724,1.146128036,1.322219295,2.146128036,1.740362689,1.397940009,0.832508913,0.806179974,2.73239376,-0.086186148,-0.259637311,-0.259637311,-0.259637311,-0.259637311,-0.259637311,-0.259637311,-0.187086643,1.079181246,0.041392685,-0.259637311,-0.259637311,-0.259637311,-0.259637311,0.423245874,0.423245874,0.096910013,-0.259637311,-0.259637311,-0.259637311,-0.259637311,-0.259637311,-0.259637311,-0.259637311,0.021189299,0.469822016,0.423245874,1.021189299
WG174-SW-WEST-08192021,North,8/19/2021 0:00,,7.4,0.0309,4.69,,2.5,4,1.2,4.3,1.5,2.6,14,9.4,1.05,0.73,1.4,72,0.55,0.55,0.55,0.55,0.55,0.55,0.55,0.65,1.5,0.55,0.55,0.55,0.55,0.55,2.65,2.65,1.25,0.55,0.55,0.55,0.55,0.55,0.55,0.55,1.05,2.95,2.65,1.05,141.53,0.397940009,0.602059991,0.079181246,0.633468456,0.176091259,0.414973348,1.146128036,0.973127854,0.021189299,-0.13667714,0.146128036,1.857332496,-0.259637311,-0.259637311,-0.259637311,-0.259637311,-0.259637311,-0.259637311,-0.259637311,-0.187086643,0.176091259,-0.259637311,-0.259637311,-0.259637311,-0.259637311,-0.259637311,0.423245874,0.423245874,0.096910013,-0.259637311,-0.259637311,-0.259637311,-0.259637311,-0.259637311,-0.259637311,-0.259637311,0.021189299,0.469822016,0.423245874,0.021189299
WG175-SW-SPILL-08192021,Spill,8/19/2021 0:00,,6.94,0.0638,2.54,,5.9,12,4.4,13,5.2,8.4,49,23,10,2.3,3.5,190,0.82,0.49,0.49,0.49,0.49,0.49,0.49,0.6,1.5,0.49,0.49,0.49,0.49,0.49,2.45,2.45,1.2,0.49,0.49,0.49,0.49,0.49,0.49,0.49,1,2.75,2.45,10,360.74,0.770852012,1.079181246,0.643452676,1.113943352,0.716003344,0.924279286,1.69019608,1.361727836,1,0.361727836,0.544068044,2.278753601,-0.086186148,-0.30980392,-0.30980392,-0.30980392,-0.30980392,-0.30980392,-0.30980392,-0.22184875,0.176091259,-0.30980392,-0.30980392,-0.30980392,-0.30980392,-0.30980392,0.389166084,0.389166084,0.079181246,-0.30980392,-0.30980392,-0.30980392,-0.30980392,-0.30980392,-0.30980392,-0.30980392,0,0.439332694,0.389166084,1
WG176-SW-EAST-08192021,South,8/19/2021 0:00,,7.23,0.095,2.7,,6.8,16,5.4,17,6.3,10,62,28,7.4,2.9,4.2,240,1.1,0.59,0.5,0.5,0.5,0.5,0.5,0.65,1.8,0.5,0.5,0.5,0.5,0.5,2.6,2.6,1.25,0.5,0.5,0.5,0.5,0.5,0.5,0.5,1.05,2.95,2.6,1.05,432.74,0.832508913,1.204119983,0.73239376,1.230448921,0.799340549,1,1.792391689,1.447158031,0.86923172,0.462397998,0.62324929,2.380211242,0.041392685,-0.229147988,-0.301029996,-0.301029996,-0.301029996,-0.301029996,-0.301029996,-0.187086643,0.255272505,-0.301029996,-0.301029996,-0.301029996,-0.301029996,-0.301029996,0.414973348,0.414973348,0.096910013,-0.301029996,-0.301029996,-0.301029996,-0.301029996,-0.301029996,-0.301029996,-0.301029996,0.021189299,0.469822016,0.414973348,0.021189299
WG177-SW-HEAD-08192021,Head,8/19/2021 0:00,,7.23,0.209,6.15,,4.7,11,3.8,12,5.8,9.4,72,34,13,4.8,3.7,360,0.9,0.45,0.45,0.45,0.45,0.45,0.45,0.55,7.5,2.1,0.45,0.45,0.45,0.45,2.25,2.25,2.5,0.45,0.45,0.45,0.45,0.45,0.45,0.45,0.9,2.55,2.25,0.9,566.5,0.672097858,1.041392685,0.579783597,1.079181246,0.763427994,0.973127854,1.857332496,1.531478917,1.113943352,0.681241237,0.568201724,2.556302501,-0.045757491,-0.346787486,-0.346787486,-0.346787486,-0.346787486,-0.346787486,-0.346787486,-0.259637311,0.875061263,0.322219295,-0.346787486,-0.346787486,-0.346787486,-0.346787486,0.352182518,0.352182518,0.397940009,-0.346787486,-0.346787486,-0.346787486,-0.346787486,-0.346787486,-0.346787486,-0.346787486,-0.045757491,0.40654018,0.352182518,-0.045757491
