"","SppAlias","PFAA","C_B_re","C_WTO","C_s","k1","k2","ke","kg","kd","Total Elimination","RMR","Gill_uptake","Dietary_uptake","Sediment_uptake","Gill_up%","Diet_up%","Sed_up%","G_V","G_D","log_BAF_re","log_ngkg_re","log_ngkg_re_max","log_ngkg_re_min","logngkg_re_Up","logngkg_re_Lo","Obs_ngg","Obs_logngkg","Obs_ngg_max","Obs_logngkg_max","Obs_ngg_min","Obs_logngkg_min","Obs_logngkg_Up","Obs_logngkg_Lo","temperature","pH","env_DO","runID","WB","iteration","loc","Seasonality"
"1","Chu","PFUA",0,0,0,113.448515278841,0.0481522577520773,0.00425700560239763,0.0037349574791269,0.077595379105833,0.0567229953426535,NA,0,0,0,NA,NA,NA,7.73691876476434,0.00108094247258387,NA,-Inf,NA,NA,NA,NA,0,-Inf,NA,NA,NA,NA,NA,NA,10.7993000302929,8,9.331,"default",0.0104478754248004,1,"JBA","Spring"
"2","Chu","PFOA",2219.09982180657,0.187159062840044,0.0942011814746687,0.501015154286288,0.00475562928076161,0.000338088286483438,0.0037349574791269,0.0142775497554733,0.0623295044549401,NA,0.0750156213959056,0.0628962822166853,0.000403488616658685,0.542351940639923,0.454730895838682,0.00291716352139555,7.73691876476434,0.00108094247258387,1.07396597666119,3.34617683854778,NA,NA,NA,NA,6.84207386263098,3.83518775823839,NA,NA,NA,NA,NA,NA,10.7993000302929,8,9.331,"default",0.0104478754248004,1,"JBA","Spring"
"3","Chu","PFOS",355797.968529176,0.639737575046485,1.66465147547855,50.1015154286288,0.0476354837137087,0.00351332682097172,0.0037349574791269,0.0745950244470741,0.067444368197024,NA,12.820728794586,11.1385879833961,0.0372524152527541,0.534273407641974,0.464174186472302,0.00155240588572371,7.73691876476434,0.00108094247258387,2.74520160430514,5.55120346409898,NA,NA,NA,NA,1771.30132349208,6.24829244712932,NA,NA,NA,NA,NA,NA,10.7993000302929,8,9.331,"default",0.0104478754248004,1,"JBA","Spring"
"4","Chu","PFDA",0,0,0,27.3994455960646,0.0357760569957279,0.00282329992239609,0.0037349574791269,0.0672493285583886,0.0486680127052556,NA,0,0,0,NA,NA,NA,7.73691876476434,0.00108094247258387,NA,-Inf,NA,NA,NA,NA,0,-Inf,NA,NA,NA,NA,NA,NA,10.7993000302929,8,9.331,"default",0.0104478754248004,1,"JBA","Spring"
"5","Chu","PFHxS",9933.4249228088,0.769445721516386,0.443657715489708,0.585015189753813,0.00173970071954343,0.000734315366664407,0.0037349574791269,0.0577309620547397,0.250110731164084,NA,0.414126439995914,2.06264589438986,0.00768383602146865,0.166686957463223,0.830220278771011,0.00309276376576575,7.73691876476434,0.00108094247258387,1.11092102460513,3.99709901371435,NA,NA,NA,NA,45.67067402713,4.65963742115601,NA,NA,NA,NA,NA,NA,10.7993000302929,8,9.331,"default",0.0104478754248004,1,"JBA","Spring"
"6","Chu","PFNA",2166.18319947838,0.0132312085883226,0.0628391254199669,3.59228947531107,0.0158190179230915,0.00200740574098219,0.0037349574791269,0.0540063838576597,0.0341219813264173,NA,0.0285181988144861,0.0443781496891008,0.00101811417861311,0.385827046285947,0.600398732246861,0.0137742214671918,7.73691876476434,0.00108094247258387,2.21409566711282,3.33569518320253,NA,NA,NA,NA,1.85697981252614,3.26880718249252,NA,NA,NA,NA,NA,NA,10.7993000302929,8,9.331,"default",0.0104478754248004,1,"JBA","Spring"
"7","Dac","PFNA",1716.02833778034,0.0132312085883226,0.0628391254199669,3.17039365604392,0.0139611560852488,0.00108728557548421,0.00347761109702282,0.0511907641135817,0.0296114754138813,NA,0.0251688838621272,0.0240368556483402,0.00160839142323865,0.495312689593441,0.473034866614162,0.0316524437923974,9.75737836030244,0.00146410538987651,2.11292493924116,3.23452445533088,NA,NA,NA,NA,5.36411008671786,3.72949768222272,NA,NA,NA,NA,NA,NA,10.7993000302929,8,9.331,"default",0.0149297051284446,1,"JBA","Spring"
"8","Dac","PFOA",1832.21631695376,0.187159062840044,0.0942011814746687,0.442173515705766,0.00419710521823071,0.000183121184536294,0.00347761109702282,0.013533190512786,0.0550752712048853,NA,0.0662054246497431,0.0340669646447885,0.000637421267713108,0.656085114825434,0.337598142885967,0.00631674228859962,9.75737836030244,0.00146410538987651,0.990765884581388,3.26297674646797,NA,NA,NA,NA,1.18845667793111,3.07498335528727,NA,NA,NA,NA,NA,NA,10.7993000302929,8,9.331,"default",0.0149297051284446,1,"JBA","Spring"
"9","Dac","PFDA",0,0,0,24.1815224229283,0.0315743441382045,0.00152920419535364,0.00347761109702282,0.0637432886471802,0.0421709976307041,NA,0,0,0,NA,NA,NA,9.75737836030244,0.00146410538987651,NA,-Inf,NA,NA,NA,NA,0,-Inf,NA,NA,NA,NA,NA,NA,10.7993000302929,8,9.331,"default",0.0149297051284446,1,"JBA","Spring"
"10","Dac","PFHxS",6774.14650923936,0.769445721516386,0.443657715489708,0.516308181462523,0.00153538186790415,0.000397732501073728,0.00347761109702282,0.0547211616386563,0.220667483114152,NA,0.365489431513425,1.11720569614617,0.0121387327807746,0.244501707638436,0.747377836234621,0.00812045612694288,9.75737836030244,0.00146410538987651,0.944676596093709,3.83085458520293,NA,NA,NA,NA,91.3183663108615,4.96055813334246,NA,NA,NA,NA,NA,NA,10.7993000302929,8,9.331,"default",0.0149297051284446,1,"JBA","Spring"
"11","Dac","PFUA",0,0,0,100.124573924125,0.0424970241264196,0.00230575249026523,0.00347761109702282,0.0735499484390541,0.0487911881501392,NA,0,0,0,NA,NA,NA,9.75737836030244,0.00146410538987651,NA,-Inf,NA,NA,NA,NA,0,-Inf,NA,NA,NA,NA,NA,NA,10.7993000302929,8,9.331,"default",0.0149297051284446,1,"JBA","Spring"
"12","Dac","PFOS",297519.043595384,0.639737575046485,1.66465147547855,44.2173515705766,0.0420409425260608,0.00190294841566772,0.00347761109702282,0.0707060170994107,0.0585069246948768,NA,11.3150005074954,6.03307333358662,0.0588504378448728,0.650028708471693,0.346590427861535,0.00338086366677185,9.75737836030244,0.00146410538987651,2.66751290947642,5.47351476927027,NA,NA,NA,NA,1304.83162370469,6.11555447365608,NA,NA,NA,NA,NA,NA,10.7993000302929,8,9.331,"default",0.0149297051284446,1,"JBA","Spring"
"13","Dar","PFUA",0,0,0,146.660495081072,0.0622488002053932,0.00407332711196596,0.00432521934041837,0.0866219019099301,0.0713955570317009,NA,0,0,0,NA,NA,NA,4.80252899131303,0.00057940476900016,NA,-Inf,NA,NA,NA,NA,0,-Inf,NA,NA,NA,NA,NA,NA,10.7993000302929,8,9.331,"default",0.00501667092465796,1,"JBA","Spring"
"14","Dar","PFHxS",7813.38403524284,0.769445721516386,0.443657715489708,0.756278009882814,0.00224899698505551,0.00070263160802107,0.00432521934041837,0.064446695020988,0.322580688029213,NA,0.535361688662757,1.9736481998688,0.0114369093935494,0.212407454544758,0.783054893875782,0.00453765157945985,4.80252899131303,0.00057940476900016,1.00666118171103,3.89283917082026,NA,NA,NA,NA,61.3922833542423,4.78811378633202,NA,NA,NA,NA,NA,NA,10.7993000302929,8,9.331,"default",0.00501667092465796,1,"JBA","Spring"
"15","Dar","PFOS",319130.989939322,0.639737575046485,1.66465147547855,64.7687018116944,0.0615807409000255,0.00336173609567276,0.00432521934041837,0.0832725217027461,0.0855054041356258,NA,16.5739888943689,10.6579874821475,0.0554478904477183,0.607385612222639,0.390582393481921,0.00203199429543986,4.80252899131303,0.00057940476900016,2.69796711959913,5.50396897939298,NA,NA,NA,NA,658.253206354799,5.81839298323394,NA,NA,NA,NA,NA,NA,10.7993000302929,8,9.331,"default",0.00501667092465796,1,"JBA","Spring"
"16","Dar","PFDA",0,0,0,35.4206156527394,0.0462494746462383,0.00270148202591752,0.00432521934041837,0.0750723149886061,0.0614640604221938,NA,0,0,0,NA,NA,NA,4.80252899131303,0.00057940476900016,NA,-Inf,NA,NA,NA,NA,0,-Inf,NA,NA,NA,NA,NA,NA,10.7993000302929,8,9.331,"default",0.00501667092465796,1,"JBA","Spring"
"17","Dar","PFNA",1883.0324463737,0.0132312085883226,0.0628391254199669,4.6439299062551,0.0204500252347477,0.00192079151243153,0.00432521934041837,0.0602888437293113,0.0429337438871068,NA,0.0368668831555265,0.0424633503431817,0.00151539928501239,0.45601576592459,0.525239878532218,0.0187443555431919,4.80252899131303,0.00057940476900016,2.15325828728311,3.27485780337283,NA,NA,NA,NA,1.43904457703024,3.1580742472086,NA,NA,NA,NA,NA,NA,10.7993000302929,8,9.331,"default",0.00501667092465796,1,"JBA","Spring"
"18","Dar","PFOA",1972.98639213992,0.187159062840044,0.0942011814746687,0.647687018116944,0.00614783669071627,0.000323500674463634,0.00432521934041837,0.0159384299514271,0.0799597194761563,NA,0.0969763962595441,0.060182474613327,0.000600567572910273,0.614710582231648,0.381482561083092,0.00380685668526055,4.80252899131303,0.00057940476900016,1.02291322800883,3.29512408989541,NA,NA,NA,NA,2.83464063451914,3.452498008436,NA,NA,NA,NA,NA,NA,10.7993000302929,8,9.331,"default",0.00501667092465796,1,"JBA","Spring"
"19","Kil","PFDA",0,0,0,31.9260544372433,0.0416865494300213,0.00258385928423007,0.00407596554802961,0.0718036604393371,0.05572645048541,NA,0,0,0,NA,NA,NA,5.82434776895655,0.000745653396870039,NA,-Inf,NA,NA,NA,NA,0,-Inf,NA,NA,NA,NA,NA,NA,10.7993000302929,8,9.331,"default",0.00675,1,"JBA","Spring"
"20","Kil","PFOA",2014.01481705992,0.187159062840044,0.0942011814746687,0.583786888444389,0.00554129749701032,0.00030941542943772,0.00407596554802961,0.0152444694471208,0.0722662753158438,NA,0.087408805551646,0.0575621248950458,0.000574418813149307,0.600560622487467,0.395492711981339,0.00394666553119332,5.82434776895655,0.000745653396870039,1.03185179943712,3.3040626613237,NA,NA,NA,NA,1.83,3.26245108973043,NA,NA,NA,NA,NA,NA,10.7993000302929,8,9.331,"default",0.00675,1,"JBA","Spring"
"21","Kil","PFOS",325262.071264405,0.639737575046485,1.66465147547855,58.3786888444389,0.0555052488509736,0.00321536583941744,0.00407596554802961,0.0796468295027108,0.0774322926220107,NA,14.9388163342939,10.1939378617933,0.0530336848995504,0.593144689571991,0.404749611565216,0.00210569886279344,5.82434776895655,0.000745653396870039,2.7062315634605,5.51223342325434,NA,NA,NA,NA,1670,6.22271647114758,NA,NA,NA,NA,NA,NA,10.7993000302929,8,9.331,"default",0.00675,1,"JBA","Spring"
"22","Kil","PFHxS",8183.61440577373,0.769445721516386,0.443657715489708,0.681664405551952,0.00202711327431502,0.000672038972075758,0.00407596554802961,0.0616406808079232,0.290971407939627,NA,0.482543459533003,1.8877154006986,0.0109389454513894,0.202647364440434,0.792758752000089,0.00459388355947682,5.82434776895655,0.000745653396870039,1.02676716905946,3.91294515816868,NA,NA,NA,NA,35.1,4.54530711646582,NA,NA,NA,NA,NA,NA,10.7993000302929,8,9.331,"default",0.00675,1,"JBA","Spring"
"23","Kil","PFNA",1931.53063354753,0.0132312085883226,0.0628391254199669,4.18576459662344,0.0184324469480829,0.0018371600976249,0.00407596554802961,0.057663862691283,0.0389812849773275,NA,0.0332296346877245,0.0406144927010867,0.00144941867994291,0.441334435987129,0.539415326036041,0.0192502379768298,5.82434776895655,0.000745653396870039,2.16430208423744,3.28590160032715,NA,NA,NA,NA,4.39,3.64246452024212,NA,NA,NA,NA,NA,NA,10.7993000302929,8,9.331,"default",0.00675,1,"JBA","Spring"
"24","Kil","PFUA",0,0,0,132.19112269691,0.056107398117931,0.0038959741264185,0.00407596554802961,0.0828503774300043,0.0647537305065707,NA,0,0,0,NA,NA,NA,5.82434776895655,0.000745653396870039,NA,-Inf,NA,NA,NA,NA,0,-Inf,NA,NA,NA,NA,NA,NA,10.7993000302929,8,9.331,"default",0.00675,1,"JBA","Spring"
"25","Mad","PFUA",0,0,0,125.441218416279,0.0532424586348187,0.00391585289856023,0.00395570259034616,0.0810101314037686,0.0617539711952239,NA,0,0,0,NA,NA,NA,6.41977245657823,0.00084686895001271,NA,-Inf,NA,NA,NA,NA,0,-Inf,NA,NA,NA,NA,NA,NA,10.7993000302929,8,9.331,"default",0.00784039849711915,1,"JBA","Spring"
"26","Mad","PFHxS",7471.46615323877,0.769445721516386,0.443657715489708,0.646857457890732,0.00192360541169556,0.00103832387655961,0.00395570259034616,0.0602715377644039,0.276602374529132,NA,0.45790396713259,1.59802533896585,0.0106959731014428,0.221570872930516,0.77325355256689,0.00517557450259385,6.41977245657823,0.00084686895001271,0.987227844270031,3.87340583337925,NA,NA,NA,NA,20.1165400302038,4.30355328577716,NA,NA,NA,NA,NA,NA,10.7993000302929,8,9.331,"default",0.00784039849711915,1,"JBA","Spring"
"27","Mad","PFNA",2096.52815409584,0.0132312085883226,0.0628391254199669,3.97203231421258,0.0174912547559064,0.00199176926066911,0.00395570259034616,0.056383051457023,0.0373271145435094,NA,0.0315328728413427,0.0453072490534576,0.00141722465682733,0.402938180641481,0.578952022396615,0.0181097969619039,6.41977245657823,0.00084686895001271,2.19990118279219,3.3215006988819,NA,NA,NA,NA,0.521987821087241,2.71766037025071,NA,NA,NA,NA,NA,NA,10.7993000302929,8,9.331,"default",0.00784039849711915,1,"JBA","Spring"
"28","Mad","PFDA",0,0,0,30.2958556227305,0.0395579630869912,0.00272396024931605,0.00395570259034616,0.0702087805499328,0.0532408628653162,NA,0,0,0,NA,NA,NA,6.41977245657823,0.00084686895001271,NA,-Inf,NA,NA,NA,NA,0,-Inf,NA,NA,NA,NA,NA,NA,10.7993000302929,8,9.331,"default",0.00784039849711915,1,"JBA","Spring"
"29","Mad","PFOA",1944.99661524754,0.187159062840044,0.0942011814746687,0.553977733813618,0.00525834939178028,0.000379231197956943,0.00395570259034616,0.0149058641782934,0.0687497138376115,NA,0.0829455627958468,0.0502107379109459,0.000561660006598473,0.620302331514245,0.375497335160284,0.00420033332547096,6.41977245657823,0.00084686895001271,1.01670798800105,3.28891884988764,NA,NA,NA,NA,1.05262996830954,3.02227573019408,NA,NA,NA,NA,NA,NA,10.7993000302929,8,9.331,"default",0.00784039849711915,1,"JBA","Spring"
"30","Mad","PFOS",342898.256575016,0.639737575046485,1.66465147547855,55.3977733813618,0.0526710561368704,0.0032822711490229,0.00395570259034616,0.0778777396561562,0.0737974178128272,NA,14.1760148823869,11.0771353076793,0.0518557176902219,0.560205950319168,0.437744822034758,0.00204922764607327,6.41977245657823,0.00084686895001271,2.7291634172086,5.53516527700245,NA,NA,NA,NA,525.585432803258,5.7206433197541,NA,NA,NA,NA,NA,NA,10.7993000302929,8,9.331,"default",0.00784039849711915,1,"JBA","Spring"
"31","Min","PFDA",0,0,0,33.0390227793018,0.0431397766020939,0.00367400134845517,0.00415656400349751,0.0728659380579524,0.0586076936640187,NA,0,0,0,NA,NA,NA,5.46524207840025,0.000686112193702824,NA,-Inf,NA,NA,NA,NA,0,-Inf,NA,NA,NA,NA,NA,NA,10.7993000302929,8,9.331,"default",0.00612045817007311,1,"JBA","Spring"
"32","Min","PFHxS",6410.55656862257,0.769445721516386,0.443657715489708,0.705427783666174,0.00209778009925933,0.0019825634845581,0.00415656400349751,0.062552605286673,0.302340512602382,NA,0.499365318782266,1.43048005645383,0.00832558378782443,0.257647714953768,0.73805669711109,0.00429558793514132,5.46524207840025,0.000686112193702824,0.920717747771274,3.8068957368805,NA,NA,NA,NA,26.3604769550264,4.42095326392888,NA,NA,NA,NA,NA,NA,10.7993000302929,8,9.331,"default",0.00612045817007311,1,"JBA","Spring"
"33","Min","PFOS",373626.013025026,0.639737575046485,1.66465147547855,60.4138176343889,0.0574402071750798,0.00423743423016134,0.00415656400349751,0.0808251405227442,0.0809801306837597,NA,15.4595956770898,14.7563239777008,0.0403637068280841,0.510954881414845,0.487711058272933,0.00133406031222219,5.46524207840025,0.000686112193702824,2.76643524577261,5.57243710556646,NA,NA,NA,NA,751.996807530789,5.87621599687528,NA,NA,NA,NA,NA,NA,10.7993000302929,8,9.331,"default",0.00612045817007311,1,"JBA","Spring"
"34","Min","PFUA",0,0,0,136.799413237542,0.0580633478574542,0.00494387426581045,0.00415656400349751,0.0840760823745605,0.067861688721966,NA,0,0,0,NA,NA,NA,5.46524207840025,0.000686112193702824,NA,-Inf,NA,NA,NA,NA,0,-Inf,NA,NA,NA,NA,NA,NA,10.7993000302929,8,9.331,"default",0.00612045817007311,1,"JBA","Spring"
"35","Min","PFNA",2349.4214941912,0.0132312085883226,0.0628391254199669,4.33168377033495,0.0190750171084582,0.00278349676075964,0.00415656400349751,0.0585169533326941,0.0411610031477364,NA,0.0343880469023721,0.0612133523644909,0.00110314625090025,0.355599074668682,0.632993537550382,0.0114073877809355,5.46524207840025,0.000686112193702824,2.24936142158201,3.37096093767172,NA,NA,NA,NA,3.79425636130152,3.57912667092199,NA,NA,NA,NA,NA,NA,10.7993000302929,8,9.331,"default",0.00612045817007311,1,"JBA","Spring"
"36","Min","PFOA",1855.18160884969,0.187159062840044,0.0942011814746687,0.604138176343889,0.00573447165513322,0.000605097527217173,0.00415656400349751,0.0154699991569191,0.0750089393060967,NA,0.0904559479283326,0.0482620691122625,0.000437187659398173,0.650036397297161,0.346821875734446,0.00314172696839268,5.46524207840025,0.000686112193702824,0.996175568431418,3.268386430318,NA,NA,NA,NA,3.43884274920216,3.5364123169342,NA,NA,NA,NA,NA,NA,10.7993000302929,8,9.331,"default",0.00612045817007311,1,"JBA","Spring"
"37","Phy","PFOA",6293.22490742344,0.187159062840044,0.0942011814746687,568.290798312902,12.7206702188445,0,0.8,0,13.5206702188445,NA,85.0886185862908,0,0,1,0,0,NA,NA,1.52666239096491,3.7988732528515,NA,NA,NA,NA,NA,NA,NA,NA,NA,NA,NA,NA,10.7993000302929,8,9.331,"default",NA,1,"JBA","Spring"
"38","Phy","PFOS",213315.414341055,0.639737575046485,1.66465147547855,7546.93510900909,8.25336912587369,0,0.8,0,9.05336912587369,NA,1931.22318626826,0,0,1,0,0,NA,NA,2.52302037925327,5.32902223904712,NA,NA,NA,NA,NA,NA,NA,NA,NA,NA,NA,NA,10.7993000302929,8,9.331,"default",NA,1,"JBA","Spring"
"39","Phy","PFUA",0,0,0,10736.4360669518,4.33922214091689,0,0.8,0,5.13922214091689,NA,0,0,0,NA,NA,NA,NA,NA,NA,-Inf,NA,NA,NA,NA,NA,NA,NA,NA,NA,NA,NA,NA,10.7993000302929,8,9.331,"default",NA,1,"JBA","Spring"
"40","Phy","PFHxS",51040.8433726005,0.769445721516386,0.443657715489708,1120.50004663518,14.7403162856192,0,0.8,0,15.5403162856192,NA,793.190849494965,0,0,1,0,0,NA,NA,1.82173985272145,4.70791784183067,NA,NA,NA,NA,NA,NA,NA,NA,NA,NA,NA,NA,10.7993000302929,8,9.331,"default",NA,1,"JBA","Spring"
"41","Phy","PFNA",1173.88634769191,0.0132312085883226,0.0628391254199669,1780.60787864424,11.2418442395256,0,0.8,0,12.0418442395256,NA,14.1357565538116,0,0,1,0,0,NA,NA,1.94802653571152,3.06962605180124,NA,NA,NA,NA,NA,NA,NA,NA,NA,NA,NA,NA,10.7993000302929,8,9.331,"default",NA,1,"JBA","Spring"
"42","Phy","PFDA",0,0,0,5292.89323402379,8.68254649532456,0,0.8,0,9.48254649532456,NA,0,0,0,NA,NA,NA,NA,NA,NA,-Inf,NA,NA,NA,NA,NA,NA,NA,NA,NA,NA,NA,NA,10.7993000302929,8,9.331,"default",NA,1,"JBA","Spring"
"43","Pum","PFDA",0,0,0,25.2517080035744,0.0329717089204576,0.00288476918225064,0.00356474064661778,0.0649373646535719,0.0452584427068589,NA,0,0,0,NA,NA,NA,9.00338121558907,0.0013179468837438,NA,-Inf,NA,NA,NA,NA,0,-Inf,NA,NA,NA,NA,NA,NA,10.7993000302929,8,9.331,"default",0.0131921810964091,1,"JBA","Spring"
"44","Pum","PFHxS",5924.00111691867,0.769445721516386,0.443657715489708,0.539158089806048,0.00160333224369433,0.00166554415307779,0.00356474064661778,0.0557462299641432,0.231616850078105,NA,0.381664654588434,0.980540925958223,0.00989289801322228,0.278161269436739,0.714628681016667,0.00721004954659349,9.00338121558907,0.0013179468837438,0.886437142622386,3.77261513173161,NA,NA,NA,NA,12.1452511165549,4.08440649875471,NA,NA,NA,NA,NA,NA,10.7993000302929,8,9.331,"default",0.0131921810964091,1,"JBA","Spring"
"45","Pum","PFNA",2343.12649340405,0.0132312085883226,0.0628391254199669,3.31070366284701,0.014579025699505,0.0022037099972524,0.00356474064661778,0.0521496989987146,0.0319234991889538,NA,0.0262827664423515,0.0472072136790511,0.0013108165903975,0.351370140395915,0.631105760289368,0.0175240993147164,9.00338121558907,0.0013179468837438,2.24819621847588,3.3697957345656,NA,NA,NA,NA,0.0838871902810691,1.92369564837364,NA,NA,NA,NA,NA,NA,10.7993000302929,8,9.331,"default",0.0131921810964091,1,"JBA","Spring"
"46","Pum","PFOA",1795.86784401716,0.187159062840044,0.0942011814746687,0.461742495374441,0.00438285371687553,0.000492618731454418,0.00356474064661778,0.013786702034143,0.0577473174097975,NA,0.0691354341661632,0.0340516268002424,0.000519489448102194,0.6666448154898,0.328345959480288,0.0050092250299121,9.00338121558907,0.0013179468837438,0.98206351235681,3.2542743742434,NA,NA,NA,NA,0.929273427044419,2.96814351849832,NA,NA,NA,NA,NA,NA,10.7993000302929,8,9.331,"default",0.0131921810964091,1,"JBA","Spring"
"47","Pum","PFOS",373117.952994868,0.639737575046485,1.66465147547855,46.1742495374441,0.0439015206030433,0.00329170834174117,0.00356474064661778,0.0720305229465005,0.0623339924369808,NA,11.8157609714703,11.3942084020926,0.0479622865209534,0.508031459725586,0.489906349739937,0.00206219053447767,9.00338121558907,0.0013179468837438,2.7658442863229,5.57184614611674,NA,NA,NA,NA,441.123806088205,5.64456049594154,NA,NA,NA,NA,NA,NA,10.7993000302929,8,9.331,"default",0.0131921810964091,1,"JBA","Spring"
"48","Pum","PFUA",0,0,0,104.555720706692,0.0443777867039379,0.00381869293147899,0.00356474064661778,0.0749277284464291,0.0522946268741953,NA,0,0,0,NA,NA,NA,9.00338121558907,0.0013179468837438,NA,-Inf,NA,NA,NA,NA,0,-Inf,NA,NA,NA,NA,NA,NA,10.7993000302929,8,9.331,"default",0.0131921810964091,1,"JBA","Spring"
"49","Swa","PFDA",0,0,0,43.4497831082706,0.0567333346758218,0.0031487404366429,0.00486084591849031,0.0819421957379877,0.0747868402333038,NA,0,0,0,NA,NA,NA,3.2861161518498,0.000352769688655244,NA,-Inf,NA,NA,NA,NA,0,-Inf,NA,NA,NA,NA,NA,NA,10.7993000302929,8,9.331,"default",0.00279831771117169,1,"JBA","Spring"
"50","Swa","PFHxS",3943.02333878793,0.769445721516386,0.443657715489708,0.927711585284698,0.00275880103750425,0.00197387048852783,0.00486084591849031,0.0703442234181494,0.396370630515517,NA,0.656717813290615,0.890576454912358,0.0156043787297969,0.420192195174934,0.569823549761296,0.00998425506376943,3.2861161518498,0.000352769688655244,0.709651358564257,3.59582934767348,NA,NA,NA,NA,34.8124518087398,4.54173461131959,NA,NA,NA,NA,NA,NA,10.7993000302929,8,9.331,"default",0.00279831771117169,1,"JBA","Spring"
"51","Swa","PFNA",1925.18097466136,0.0132312085883226,0.0628391254199669,5.696618861033,0.0250856498294583,0.00243135754327285,0.00486084591849031,0.0658058864234301,0.0522963349173189,NA,0.0452238914391003,0.0533884254130736,0.00206759217516701,0.449184865938041,0.53027884042461,0.0205362936373485,3.2861161518498,0.000352769688655244,2.16287204508078,3.28447156117049,NA,NA,NA,NA,11.5496581730834,4.0625691309173,NA,NA,NA,NA,NA,NA,10.7993000302929,8,9.331,"default",0.00279831771117169,1,"JBA","Spring"
"52","Swa","PFOA",1555.68448643954,0.187159062840044,0.0942011814746687,0.794505119140901,0.00754143218219391,0.000562767683919189,0.00486084591849031,0.0173969584797574,0.0978061578342849,NA,0.118959066816023,0.032377048583601,0.000819407021429451,0.781825496197454,0.212789178259369,0.00538532554317641,3.2861161518498,0.000352769688655244,0.919710658985164,3.19192152087175,NA,NA,NA,NA,3.12441835353813,3.49476918028486,NA,NA,NA,NA,NA,NA,10.7993000302929,8,9.331,"default",0.00279831771117169,1,"JBA","Spring"
"53","Swa","PFOS",318918.060217233,0.639737575046485,1.66465147547855,79.4505119140901,0.0755399020159546,0.00354213043052461,0.00486084591849031,0.0908928048109063,0.103861359991067,NA,20.3309911312488,12.7166199078067,0.0756524208194294,0.613797947653241,0.383918085946194,0.00228396640056539,3.2861161518498,0.000352769688655244,2.6976772540888,5.50367911388265,NA,NA,NA,NA,799.66332379777,5.90290717775102,NA,NA,NA,NA,NA,NA,10.7993000302929,8,9.331,"default",0.00279831771117169,1,"JBA","Spring"
"54","Swa","PFUA",0,0,0,179.905588437488,0.0763593974252459,0.00407766243294209,0.00486084591849031,0.0945486873899858,0.0862157209492051,NA,0,0,0,NA,NA,NA,3.2861161518498,0.000352769688655244,NA,-Inf,NA,NA,NA,NA,0,-Inf,NA,NA,NA,NA,NA,NA,10.7993000302929,8,9.331,"default",0.00279831771117169,1,"JBA","Spring"
"55","Bas","PFUA",0,0,0,208.650824601481,0.088560068518304,0.00899790548183295,0.00428371155544476,0.176550623636632,0.102906148834587,NA,0,0,0,NA,NA,NA,7.16995675377557,0.00123926215897245,NA,-Inf,NA,NA,NA,NA,0,-Inf,NA,NA,NA,NA,NA,NA,19.7903905018931,8,6.449,"default",0.00526447655683322,1,"JBA","Summer"
"56","Bas","PFOA",6960.51595849869,0.664254031201208,0.347748193205131,0.92145079926991,0.00874639891488229,0.0011607471100041,0.00428371155544476,0.0324853147491403,0.112587845372757,NA,0.48966192637489,0.291748226173224,0.00225934190194271,0.62483218989979,0.372284781070826,0.00288302902938465,7.16995675377557,0.00123926215897245,1.0203072348008,3.842641433522,NA,NA,NA,NA,0.67130251147924,2.82691827197195,NA,NA,NA,NA,NA,NA,19.7903905018931,8,6.449,"default",0.00526447655683322,1,"JBA","Summer"
"57","Bas","PFOS",929384.654948904,1.40505565338768,1.13429320579208,92.145079926991,0.0876096344912634,0.00775618282595894,0.00428371155544476,0.169723999522682,0.122750576773348,NA,51.7875861933114,62.2564128900624,0.0385033559036875,0.453948546762255,0.545713948755634,0.000337504482110933,7.16995675377557,0.00123926215897245,2.8205019708564,5.96819549757471,NA,NA,NA,NA,1683.55032114778,6.22622610193598,NA,NA,NA,NA,NA,NA,19.7903905018931,8,6.449,"default",0.00526447655683322,1,"JBA","Summer"
"58","Bas","PFDA",0,0,0,50.3921704324726,0.0657981620543999,0.00679732068133131,0.00428371155544476,0.153010540485081,0.0885279265067897,NA,0,0,0,NA,NA,NA,7.16995675377557,0.00123926215897245,NA,-Inf,NA,NA,NA,NA,0,-Inf,NA,NA,NA,NA,NA,NA,19.7903905018931,8,6.449,"default",0.00526447655683322,1,"JBA","Summer"
"59","Bas","PFHxS",10232.8725224425,1.1586175720379,0.204355945014395,1.0759409362609,0.0031996010595674,0.0039244865020894,0.00428371155544476,0.131353663985654,0.459983989996712,NA,1.14687574920864,3.55471320236522,0.00536858042697834,0.243655427399008,0.755204009850961,0.00114056275003107,7.16995675377557,0.00123926215897245,0.9460574529821,4.00999756387155,NA,NA,NA,NA,39.8104139400413,4.59999669330731,NA,NA,NA,NA,NA,NA,19.7903905018931,8,6.449,"default",0.00526447655683322,1,"JBA","Summer"
"60","Bas","PFNA",2775.61997220042,0.0130138804116845,0.0369704165866133,6.60682212886282,0.0290938239775646,0.00519255531158084,0.00428371155544476,0.122879234051096,0.0616711387452716,NA,0.051588235851775,0.118678829263402,0.000908579294542596,0.301376028287619,0.693316094545183,0.00530787716719709,7.16995675377557,0.00123926215897245,2.32895319227251,3.44336000383094,NA,NA,NA,NA,1.51610138741322,3.18072824517583,NA,NA,NA,NA,NA,NA,19.7903905018931,8,6.449,"default",0.00526447655683322,1,"JBA","Summer"
"61","Dac","PFNA",1414.27752764417,0.0130138804116845,0.0369704165866133,7.54893475551763,0.0332425142846932,0.00138169384951768,0.0046227665995898,0.130103747391936,0.0656421614037266,NA,0.0589445604863492,0.0300436814604853,0.0038479917924475,0.634930545027139,0.323620210023372,0.0414492449494888,5.59758708300934,0.000896531935589872,2.03612782908904,3.15053464064746,NA,NA,NA,NA,0.958414194376089,2.98155323711281,NA,NA,NA,NA,NA,NA,19.7903905018931,8,6.449,"default",0.00359704989102351,1,"JBA","Summer"
"62","Dac","PFOA",5678.17618106924,0.664254031201208,0.347748193205131,1.05284686471579,0.00999360864669458,0.000232705574409476,0.0046227665995898,0.0343952435633853,0.127277178096008,NA,0.559486219300013,0.153647314715232,0.00956870704321413,0.774158688757624,0.212601132231447,0.0132401790109298,5.59758708300934,0.000896531935589872,0.931874664861233,3.75420886358243,NA,NA,NA,NA,5.00671353627745,3.69955274355129,NA,NA,NA,NA,NA,NA,19.7903905018931,8,6.449,"default",0.00359704989102351,1,"JBA","Summer"
"63","Dac","PFDA",0,0,0,57.5779397967743,0.0751807787002031,0.00194327238309569,0.0046227665995898,0.162006582001453,0.0950566234813535,NA,0,0,0,NA,NA,NA,5.59758708300934,0.000896531935589872,NA,-Inf,NA,NA,NA,NA,0,-Inf,NA,NA,NA,NA,NA,NA,19.7903905018931,8,6.449,"default",0.00359704989102351,1,"JBA","Summer"
"64","Dac","PFHxS",6657.90107086679,1.1586175720379,0.204355945014395,1.22936682268788,0.00365585438373482,0.000505427978516246,0.0046227665995898,0.139076419625862,0.52132583255783,NA,1.31041672298685,2.13778222134095,0.0227368745294893,0.377539888772207,0.615909464452372,0.00655064677542058,5.59758708300934,0.000896531935589872,0.759397226837797,3.82333733772725,NA,NA,NA,NA,54.6041745099727,4.73722584595278,NA,NA,NA,NA,NA,NA,19.7903905018931,8,6.449,"default",0.00359704989102351,1,"JBA","Summer"
"65","Dac","PFUA",0,0,0,238.403793969347,0.101188463401832,0.00293008948719915,0.0046227665995898,0.186930671540138,0.109957571975236,NA,0,0,0,NA,NA,NA,5.59758708300934,0.000896531935589872,NA,-Inf,NA,NA,NA,NA,0,-Inf,NA,NA,NA,NA,NA,NA,19.7903905018931,8,6.449,"default",0.00359704989102351,1,"JBA","Summer"
"66","Dac","PFOS",570424.391525837,1.40505565338768,1.13429320579208,105.284686471579,0.100102500389719,0.00241821668673071,0.0046227665995898,0.179702685573919,0.133538670345965,NA,59.1723375768166,16.8383087722027,0.16306842824727,0.776807823405195,0.221051432524175,0.00214074407062968,5.59758708300934,0.000896531935589872,2.60850456109077,5.75619808780908,NA,NA,NA,NA,774.241809416562,5.88887661971949,NA,NA,NA,NA,NA,NA,19.7903905018931,8,6.449,"default",0.00359704989102351,1,"JBA","Summer"
"67","Dar","PFUA",0,0,0,319.067184583589,0.135425353734569,0.00995969379596793,0.00546043317865412,0.211799247969281,0.152473249505089,NA,0,0,0,NA,NA,NA,3.25794828235778,0.000441757530343738,NA,-Inf,NA,NA,NA,NA,0,-Inf,NA,NA,NA,NA,NA,NA,19.7903905018931,8,6.449,"default",0.00156430275808088,1,"JBA","Summer"
"68","Dar","PFHxS",12936.4122209817,1.1586175720379,0.204355945014395,1.64532033825741,0.00489280453991358,0.00171800483361644,0.00546043317865412,0.157578640489145,0.698030392574983,NA,1.75379329109346,7.26655497043284,0.00966063959737284,0.194218334699008,0.804711828083426,0.00106983721756583,3.25794828235778,0.000441757530343738,1.04787373509712,4.11181384598657,NA,NA,NA,NA,44.4,4.64738297011462,NA,NA,NA,NA,NA,NA,19.7903905018931,8,6.449,"default",0.00156430275808088,1,"JBA","Summer"
"69","Dar","PFOS",745978.294100965,1.40505565338768,1.13429320579208,140.907524720735,0.133971957565541,0.0082197823095022,0.00546043317865412,0.203609677047802,0.182978112113268,NA,79.193165685493,57.235248324585,0.0692859219926527,0.580179488188476,0.419312914086235,0.000507597725288657,3.25794828235778,0.000441757530343738,2.7250326641735,5.87272619089181,NA,NA,NA,NA,662,5.8208579894397,NA,NA,NA,NA,NA,NA,19.7903905018931,8,6.449,"default",0.00156430275808088,1,"JBA","Summer"
"70","Dar","PFDA",0,0,0,77.0593069816763,0.100618027067807,0.00660539481212046,0.00546043317865412,0.183559348240043,0.130497003887986,NA,0,0,0,NA,NA,NA,3.25794828235778,0.000441757530343738,NA,-Inf,NA,NA,NA,NA,0,-Inf,NA,NA,NA,NA,NA,NA,19.7903905018931,8,6.449,"default",0.00156430275808088,1,"JBA","Summer"
"71","Dar","PFNA",2029.99956570182,0.0130138804116845,0.0369704165866133,10.1030999504895,0.0444900446620434,0.0046965281166626,0.00546043317865412,0.14741227658662,0.0899729450169306,NA,0.0788883207257797,0.102121750600887,0.00163496798261652,0.431921507554299,0.559126877943607,0.00895161450209404,3.25794828235778,0.000441757530343738,2.19308913344182,3.30749594500025,NA,NA,NA,NA,2.69,3.42975228000241,NA,NA,NA,NA,NA,NA,19.7903905018931,8,6.449,"default",0.00156430275808088,1,"JBA","Summer"
"72","Dar","PFOA",7496.53098099642,0.664254031201208,0.347748193205131,1.40907524720735,0.0133749237864102,0.0007909916321186,0.00546043317865412,0.0389710616263477,0.170094241194298,NA,0.748787130578654,0.522263983343122,0.00406563488035447,0.58723025266673,0.409581306051973,0.00318844128129742,3.25794828235778,0.000441757530343738,1.05252614142503,3.87486034014623,NA,NA,NA,NA,3.7,3.568201724067,NA,NA,NA,NA,NA,NA,19.7903905018931,8,6.449,"default",0.00156430275808088,1,"JBA","Summer"
"73","Fal","PFDA",0,0,0,53.2730237597343,0.0695597554220865,0.00563885819829703,0.00442198182665162,0.156699964973805,0.0919352701825628,NA,0,0,0,NA,NA,NA,6.46661718619075,0.00108274720435717,NA,-Inf,NA,NA,NA,NA,0,-Inf,NA,NA,NA,NA,NA,NA,19.7903905018931,8,6.449,"default",0.00449129444891587,1,"JBA","Summer"
"74","Fal","PFOA",8179.10158715229,0.664254031201208,0.347748193205131,0.974128915298707,0.00924641890209959,0.000675249515952019,0.00442198182665162,0.0332686079482847,0.118365862893324,NA,0.517655247117461,0.445843530616186,0.00462763932178635,0.534697987781301,0.460522017333463,0.00477999488523551,6.46661718619075,0.00108274720435717,1.09037140358455,3.91270560230575,NA,NA,NA,NA,1.88907793063903,3.27624987435825,NA,NA,NA,NA,NA,NA,19.7903905018931,8,6.449,"default",0.00449129444891587,1,"JBA","Summer"
"75","Fal","PFOS",807038.241444099,1.40505565338768,1.13429320579208,97.4128915298707,0.0926181607138549,0.00701701990305013,0.00442198182665162,0.173816422686328,0.128478866512384,NA,54.7482135827543,48.860281395208,0.0788635149232748,0.528012424836831,0.471226985675023,0.000760589488145616,6.46661718619075,0.00108274720435717,2.75920058750148,5.90689411421979,NA,NA,NA,NA,566.603704303503,5.75327940949489,NA,NA,NA,NA,NA,NA,19.7903905018931,8,6.449,"default",0.00449129444891587,1,"JBA","Summer"
"76","Fal","PFHxS",15360.5725273282,1.1586175720379,0.204355945014395,1.13745104784298,0.00338251799446538,0.00146661719947094,0.00442198182665162,0.134520893008282,0.483491811816885,NA,1.21244110965469,6.20327387444195,0.0109960576859551,0.163254111117762,0.8352652795487,0.00148060933353828,6.46661718619075,0.00108274720435717,1.12246729235978,4.18640740324924,NA,NA,NA,NA,18.1611555575626,4.25914347834292,NA,NA,NA,NA,NA,NA,19.7903905018931,8,6.449,"default",0.00449129444891587,1,"JBA","Summer"
"77","Fal","PFNA",2257.14556359658,0.0130138804116845,0.0369704165866133,6.98452535833706,0.0307570791794982,0.00400930706300565,0.00442198182665162,0.125842125717425,0.0636100721379829,NA,0.0545374666474658,0.0871787511540732,0.00186097432476726,0.379847703105161,0.607190807000747,0.0129614898940923,6.46661718619075,0.00108274720435717,2.23915275612734,3.35355956768577,NA,NA,NA,NA,0.195800795990464,2.29181445301137,NA,NA,NA,NA,NA,NA,19.7903905018931,8,6.449,"default",0.00449129444891587,1,"JBA","Summer"
"78","Fal","PFUA",0,0,0,220.579114594359,0.0936229297894883,0.00850233825703643,0.00442198182665162,0.180807651892852,0.107672567101371,NA,0,0,0,NA,NA,NA,6.46661718619075,0.00108274720435717,NA,-Inf,NA,NA,NA,NA,0,-Inf,NA,NA,NA,NA,NA,NA,19.7903905018931,8,6.449,"default",0.00449129444891587,1,"JBA","Summer"
"79","Mad","PFUA",0,0,0,142.503757048773,0.0604845080888578,0.00764139516555532,0.00344504735842689,0.149934124631182,0.0722979547681717,NA,0,0,0,NA,NA,NA,14.556194909192,0.00312838026887478,NA,-Inf,NA,NA,NA,NA,0,-Inf,NA,NA,NA,NA,NA,NA,19.7903905018931,8,6.449,"default",0.0156487738026792,1,"JBA","Summer"
"80","Mad","PFHxS",12071.9687141294,1.1586175720379,0.204355945014395,0.7348431336066,0.0021852545894149,0.00333283698577418,0.00344504735842689,0.1115509887256,0.315330452099358,NA,0.783289993904958,3.0188101369071,0.004559221543662,0.205768344735188,0.793033959037846,0.00119769622696619,14.556194909192,0.00312838026887478,1.01783799035633,4.08177810124578,NA,NA,NA,NA,52.082767411042,4.71669405235379,NA,NA,NA,NA,NA,NA,19.7903905018931,8,6.449,"default",0.0156487738026792,1,"JBA","Summer"
"81","Mad","PFNA",3144.45356699088,0.0130138804116845,0.0369704165866133,4.51230891281723,0.019870418588747,0.00440973370246046,0.00344504735842689,0.104354150743303,0.0435026887820085,NA,0.035233589143189,0.100786992485987,0.000771603285104429,0.257570190616282,0.736789112251876,0.00564069713184233,14.556194909192,0.00312838026887478,2.38313837448387,3.4975451860423,NA,NA,NA,NA,0.340324240308022,2.53189288373315,NA,NA,NA,NA,NA,NA,19.7903905018931,8,6.449,"default",0.0156487738026792,1,"JBA","Summer"
"82","Mad","PFDA",0,0,0,34.4167037258787,0.0449386448271409,0.00577256712664129,0.00344504735842689,0.129942908013691,0.0621120778849398,NA,0,0,0,NA,NA,NA,14.556194909192,0.00312838026887478,NA,-Inf,NA,NA,NA,NA,0,-Inf,NA,NA,NA,NA,NA,NA,19.7903905018931,8,6.449,"default",0.0156487738026792,1,"JBA","Summer"
"83","Mad","PFOA",7526.50111048515,0.664254031201208,0.347748193205131,0.629329891613691,0.00597359108644133,0.000985754670653727,0.00344504735842689,0.0275878789321375,0.077607292837987,NA,0.334427933967851,0.247764714748401,0.00191872701060254,0.572541381430376,0.424173753575829,0.00328486499379493,14.556194909192,0.00312838026887478,1.05425893132344,3.87659313004464,NA,NA,NA,NA,0.983790221587289,2.99290250156161,NA,NA,NA,NA,NA,NA,19.7903905018931,8,6.449,"default",0.0156487738026792,1,"JBA","Summer"
"84","Mad","PFOS",1030689.30764507,1.40505565338768,1.13429320579208,62.9329891613691,0.0598353833133436,0.00658687269710822,0.00344504735842689,0.14413667181211,0.0856447925012529,NA,35.3697408823069,52.8707323547068,0.0326986495083919,0.400685056698493,0.598944517623925,0.000370425677582166,14.556194909192,0.00312838026887478,2.86543424398683,6.01312777070514,NA,NA,NA,NA,465.344818025362,5.66777488207069,NA,NA,NA,NA,NA,NA,19.7903905018931,8,6.449,"default",0.0156487738026792,1,"JBA","Summer"
"85","Min","PFDA",0,0,0,46.7771495534673,0.0610779500138097,0.00355546940168869,0.004105313507659,0.14820604928804,0.0795518113097737,NA,0,0,0,NA,NA,NA,8.23297286551345,0.00148483169094385,NA,-Inf,NA,NA,NA,NA,0,-Inf,NA,NA,NA,NA,NA,NA,19.7903905018931,8,6.449,"default",0.00651215388136916,1,"JBA","Summer"
"86","Min","PFHxS",11755.4038086821,1.1586175720379,0.204355945014395,0.998755355330788,0.00297006888154138,0.000924746179693634,0.004105313507659,0.127229193081118,0.424396473215696,NA,1.06460146446495,3.91135043217334,0.0130000209927554,0.213391806944987,0.784002431121968,0.00260576193304511,8.23297286551345,0.00148483169094385,1.00629744123337,4.07023755212283,NA,NA,NA,NA,88.0598821709211,4.94477810001343,NA,NA,NA,NA,NA,NA,19.7903905018931,8,6.449,"default",0.00651215388136916,1,"JBA","Summer"
"87","Min","PFOS",709566.722296632,1.40505565338768,1.13429320579208,85.5347993025424,0.0813247165135322,0.00442444173607168,0.004105313507659,0.164394710056426,0.111298302479737,NA,48.0724613285672,30.807874457816,0.093235901342582,0.608715805822401,0.390103597943313,0.00118059623428521,8.23297286551345,0.00148483169094385,2.70329971276906,5.85099323948737,NA,NA,NA,NA,938.647753713795,5.97250264517461,NA,NA,NA,NA,NA,NA,19.7903905018931,8,6.449,"default",0.00651215388136916,1,"JBA","Summer"
"88","Min","PFUA",0,0,0,193.682684097059,0.0822069685428065,0.00536097955519255,0.004105313507659,0.171006979947739,0.0926613626850293,NA,0,0,0,NA,NA,NA,8.23297286551345,0.00148483169094385,NA,-Inf,NA,NA,NA,NA,0,-Inf,NA,NA,NA,NA,NA,NA,19.7903905018931,8,6.449,"default",0.00651215388136916,1,"JBA","Summer"
"89","Min","PFNA",1907.20861396974,0.0130138804116845,0.0369704165866133,6.13286358064513,0.027006698532751,0.00252798848334155,0.004105313507659,0.119020858043626,0.0550838312462252,NA,0.0478874119318146,0.0549688201592568,0.00220012535218451,0.455825930931215,0.523231734823351,0.0209423342454346,8.23297286551345,0.00148483169094385,2.1659913880113,3.28039819956972,NA,NA,NA,NA,2.21877672817092,3.34611360209595,NA,NA,NA,NA,NA,NA,19.7903905018931,8,6.449,"default",0.00651215388136916,1,"JBA","Summer"
"90","Min","PFOA",7126.99256203969,0.664254031201208,0.347748193205131,0.855347993025424,0.00811895194401251,0.000425765094287629,0.004105313507659,0.031465284310384,0.1039882399161,NA,0.454534681957601,0.281117732580231,0.00547099788381089,0.613304983136878,0.379312983328472,0.00738203353465011,8.23297286551345,0.00148483169094385,1.0305721068322,3.8529063055534,NA,NA,NA,NA,13.9861127302097,4.14569702439834,NA,NA,NA,NA,NA,NA,19.7903905018931,8,6.449,"default",0.00651215388136916,1,"JBA","Summer"
"91","Phy","PFOA",22335.546836888,0.664254031201208,0.347748193205131,568.290798312902,12.7206702188445,0,0.8,0,13.5206702188445,NA,301.991562939119,0,0,1,0,0,NA,NA,1.52666239096491,4.34899658968611,NA,NA,NA,NA,NA,NA,NA,NA,NA,NA,NA,NA,19.7903905018931,8,6.449,"default",NA,1,"JBA","Summer"
"92","Phy","PFOS",468504.65029017,1.40505565338768,1.13429320579208,7546.93510900909,8.25336912587369,0,0.8,0,9.05336912587369,NA,4241.54553626528,0,0,1,0,0,NA,NA,2.52302037925327,5.67071390597158,NA,NA,NA,NA,NA,NA,NA,NA,NA,NA,NA,NA,19.7903905018931,8,6.449,"default",NA,1,"JBA","Summer"
"93","Phy","PFUA",0,0,0,10736.4360669518,4.33922214091689,0,0.8,0,5.13922214091689,NA,0,0,0,NA,NA,NA,NA,NA,NA,-Inf,NA,NA,NA,NA,NA,NA,NA,NA,NA,NA,NA,NA,19.7903905018931,8,6.449,"default",NA,1,"JBA","Summer"
"94","Phy","PFHxS",76856.3868372483,1.1586175720379,0.204355945014395,1120.50004663518,14.7403162856192,0,0.8,0,15.5403162856192,NA,1194.37256002074,0,0,1,0,0,NA,NA,1.82173985272145,4.8856799636109,NA,NA,NA,NA,NA,NA,NA,NA,NA,NA,NA,NA,19.7903905018931,8,6.449,"default",NA,1,"JBA","Summer"
"95","Phy","PFNA",1154.60476976036,0.0130138804116845,0.0369704165866133,1780.60787864424,11.2418442395256,0,0.8,0,12.0418442395256,NA,13.9035707956677,0,0,1,0,0,NA,NA,1.94802653571152,3.06243334726995,NA,NA,NA,NA,NA,NA,NA,NA,NA,NA,NA,NA,19.7903905018931,8,6.449,"default",NA,1,"JBA","Summer"
"96","Phy","PFDA",0,0,0,5292.89323402379,8.68254649532456,0,0.8,0,9.48254649532456,NA,0,0,0,NA,NA,NA,NA,NA,NA,-Inf,NA,NA,NA,NA,NA,NA,NA,NA,NA,NA,NA,NA,19.7903905018931,8,6.449,"default",NA,1,"JBA","Summer"
"97","Pum","PFDA",0,0,0,38.1014488964556,0.0497498974043181,0.00363803263863396,0.00365120707069168,0.135732401212997,0.0658467270906712,NA,0,0,0,NA,NA,NA,12.0507407485054,0.00244367897348904,NA,-Inf,NA,NA,NA,NA,0,-Inf,NA,NA,NA,NA,NA,NA,19.7903905018931,8,6.449,"default",0.0117023740726085,1,"JBA","Summer"
"98","Pum","PFHxS",10695.0087641306,1.1586175720379,0.204355945014395,0.813517422383782,0.00241921384242649,0.00158390069381883,0.00365120707069168,0.116521045964388,0.346822146018654,NA,0.867151134274199,2.83735240329748,0.00476235369242366,0.233779718061322,0.764936374601747,0.00128390733693148,12.0507407485054,0.00244367897348904,0.965241033905145,4.0291811447946,NA,NA,NA,NA,16.3007331163096,4.21220713699341,NA,NA,NA,NA,NA,NA,19.7903905018931,8,6.449,"default",0.0117023740726085,1,"JBA","Summer"
"99","Pum","PFNA",2176.3622242526,0.0130138804116845,0.0369704165866133,4.99540888099206,0.0219977992209942,0.00269301298930095,0.00365120707069168,0.109003559127976,0.0458086889736897,NA,0.0390057922708185,0.0598845265559796,0.000805981398076963,0.391246136344448,0.600669497472866,0.00808436618268672,12.0507407485054,0.00244367897348904,2.22332436756617,3.33773117912459,NA,NA,NA,NA,0.285513066201821,2.45562598806174,NA,NA,NA,NA,NA,NA,19.7903905018931,8,6.449,"default",0.0117023740726085,1,"JBA","Summer"
"100","Pum","PFOA",6888.85510915291,0.664254031201208,0.347748193205131,0.696707647987251,0.00661313986723336,0.000538190155493422,0.00365120707069168,0.0288170328729133,0.0852003605997937,NA,0.370232690995395,0.214696034201147,0.00200421422301769,0.630792150397169,0.365793125213705,0.00341472438912652,12.0507407485054,0.00244367897348904,1.01581285176515,3.83814705048635,NA,NA,NA,NA,0.775055496175504,2.88933280033843,NA,NA,NA,NA,NA,NA,19.7903905018931,8,6.449,"default",0.0117023740726085,1,"JBA","Summer"
"101","Pum","PFOS",780803.98812508,1.40505565338768,1.13429320579208,69.6707647987251,0.0662415209100617,0.00431947936082488,0.00365120707069168,0.150558555807032,0.0916788770342812,NA,39.1565207825168,32.3925565232935,0.034155509385157,0.5470068791613,0.452515976847825,0.000477143990874726,12.0507407485054,0.00244367897348904,2.74484849619889,5.89254202291721,NA,NA,NA,NA,1483.17140828918,6.17119134480614,NA,NA,NA,NA,NA,NA,19.7903905018931,8,6.449,"default",0.0117023740726085,1,"JBA","Summer"
"102","Pum","PFUA",0,0,0,157.760593809108,0.0669601427356342,0.00511550537782325,0.00365120707069168,0.15661430909192,0.0765316943660913,NA,0,0,0,NA,NA,NA,12.0507407485054,0.00244367897348904,NA,-Inf,NA,NA,NA,NA,0,-Inf,NA,NA,NA,NA,NA,NA,19.7903905018931,8,6.449,"default",0.0117023740726085,1,"JBA","Summer"
"103","Swa","PFDA",0,0,0,64.2965098225067,0.0839533629237655,0.00652685402713012,0.00492369642526173,0.169853552874808,0.110266794234298,NA,0,0,0,NA,NA,NA,4.56021825467349,0.000685742762696089,NA,-Inf,NA,NA,NA,NA,0,-Inf,NA,NA,NA,NA,NA,NA,19.7903905018931,8,6.449,"default",0.00262421826454811,1,"JBA","Summer"
"104","Swa","PFHxS",7179.27402213883,1.1586175720379,0.204355945014395,1.37281737188595,0.00408244334762788,0.00409152955167586,0.00492369642526173,0.145812742314066,0.585446175362477,NA,1.46332470384467,2.73379427414555,0.00595954015014626,0.348155452611462,0.650426648549764,0.00141789883877378,4.56021825467349,0.000685742762696089,0.792140419130044,3.8560805300195,NA,NA,NA,NA,32.9801673555832,4.51825285511147,NA,NA,NA,NA,NA,NA,19.7903905018931,8,6.449,"default",0.00262421826454811,1,"JBA","Summer"
"105","Swa","PFNA",2278.28280068253,0.0130138804116845,0.0369704165866133,8.42979376078325,0.0371214679402326,0.00503982976431769,0.00492369642526173,0.136405468616384,0.0765601435530094,NA,0.0658225967387985,0.10759446813592,0.00100859339988798,0.37736762693004,0.616850004754055,0.00578236831590515,4.56021825467349,0.000685742762696089,2.24320082001649,3.35760763157491,NA,NA,NA,NA,4.87670616676644,3.68812658909654,NA,NA,NA,NA,NA,NA,19.7903905018931,8,6.449,"default",0.00262421826454811,1,"JBA","Summer"
"106","Swa","PFOA",6050.83171792606,0.664254031201208,0.347748193205131,1.17569991246173,0.0111597281664198,0.00116653074397038,0.00492369642526173,0.036061215841113,0.142796897207875,NA,0.624770725068488,0.236761225247642,0.00250804453070546,0.723080793475582,0.274016511573185,0.00290269495123319,4.56021825467349,0.000685742762696089,0.95948087604359,3.78181507476479,NA,NA,NA,NA,1.66661985288031,3.22183655086358,NA,NA,NA,NA,NA,NA,19.7903905018931,8,6.449,"default",0.00262421826454811,1,"JBA","Summer"
"107","Swa","PFOS",801792.774090495,1.40505565338768,1.13429320579208,117.569991246173,0.111783113850239,0.00734229090338691,0.00492369642526173,0.188406787111902,0.153524250602085,NA,66.0769523476701,56.974940725031,0.0427417077092292,0.536797988519527,0.462854785073851,0.000347226406621836,4.56021825467349,0.000685742762696089,2.75636861126907,5.90406213798738,NA,NA,NA,NA,862.764916168526,5.93589247645809,NA,NA,NA,NA,NA,NA,19.7903905018931,8,6.449,"default",0.00262421826454811,1,"JBA","Summer"
"108","Swa","PFUA",0,0,0,266.222305535352,0.11299579411844,0.00845236627383004,0.00492369642526173,0.195984868701701,0.127730029586969,NA,0,0,0,NA,NA,NA,4.56021825467349,0.000685742762696089,NA,-Inf,NA,NA,NA,NA,0,-Inf,NA,NA,NA,NA,NA,NA,19.7903905018931,8,6.449,"default",0.00262421826454811,1,"JBA","Summer"
"109","Bas","PFNA",2151.15426500303,0.00557896330692945,0.138624908716884,0.915242986824106,0.00403036707149013,0.00234004919487679,0.00156587887650758,0.0309872248673615,0.0111364830194362,NA,0.00306366422424972,0.0204630685982815,0.000429560121862753,0.127885571918866,0.854183435048956,0.0179309930321784,152.184563328385,0.0478825915972799,2.58611805087136,3.3326715559185,NA,NA,NA,NA,0.21295975262596,2.32829753365444,NA,NA,NA,NA,NA,NA,12.0047956340015,8,8,"default",0.806613464767113,1,"WG","Fall"
"110","Bas","PFOA",380.769271138154,0.0324437612858698,0.302150802431605,0.127648567690502,0.00121163853221365,0.00058658281622033,0.00156587887650758,0.00819202496493466,0.0169950337123451,NA,0.00331311972690707,0.00291054418104145,0.000247522691669475,0.511980249047779,0.449769781204156,0.0382499697480654,152.184563328385,0.0478825915972799,1.06953069537397,2.58066189267037,NA,NA,NA,NA,0.0907286492466228,1.95774444521978,NA,NA,NA,NA,NA,NA,12.0047956340015,8,8,"default",0.806613464767113,1,"WG","Fall"
"111","Bas","PFDA",0,0,0,6.98082673933043,0.00911501856590332,0.00295107044519372,0.00156587887650758,0.0385856248348371,0.0152456666156446,NA,0,0,0,NA,NA,NA,152.184563328385,0.0478825915972799,NA,-Inf,NA,NA,NA,NA,0,-Inf,NA,NA,NA,NA,NA,NA,12.0047956340015,8,8,"default",0.806613464767113,1,"WG","Fall"
"112","Bas","PFHxS",678.507699907,0.0810608817735348,0.608777266766592,0.149050084434352,0.000443240694737468,0.00221777159075015,0.00156587887650758,0.033124274858214,0.0663681452704209,NA,0.0111155607708549,0.0318992062724911,0.00201653055118089,0.246840783291262,0.708378571715155,0.0447806449935828,152.184563328385,0.0478825915972799,0.922743456875906,2.83155478052655,NA,NA,NA,NA,4.06649556062708,3.60922030251931,NA,NA,NA,NA,NA,NA,12.0047956340015,8,8,"default",0.806613464767113,1,"WG","Fall"
"113","Bas","PFOS",558704.574768809,0.513307705727036,5.32468954873205,12.7648567690502,0.0121365615696019,0.00319995997673078,0.00156587887650758,0.0428003623167963,0.020102588299402,NA,2.62091973682215,8.58769844655666,0.022789864191019,0.233356292080337,0.764614588855117,0.00202911906454598,152.184563328385,0.0478825915972799,3.03680444355473,5.74718222745237,NA,NA,NA,NA,2022.7364055887,6.30593929104709,NA,NA,NA,NA,NA,NA,12.0047956340015,8,8,"default",0.806613464767113,1,"WG","Fall"
"114","Bas","PFUA",0,0,0,28.9043961206871,0.0122682251834728,0.00360828089591048,0.00156587887650758,0.0445218748094275,0.0175898450406092,NA,0,0,0,NA,NA,NA,152.184563328385,0.0478825915972799,NA,-Inf,NA,NA,NA,NA,0,-Inf,NA,NA,NA,NA,NA,NA,12.0047956340015,8,8,"default",0.806613464767113,1,"WG","Fall"
"115","Bgl","PFDA",0,0,0,14.9501457952068,0.0195207332275578,0.00378915562609105,0.00241964489214288,0.0534774435905797,0.0291854326177427,NA,0,0,0,NA,NA,NA,36.9948977974121,0.00753278218321741,NA,-Inf,NA,NA,NA,NA,0,-Inf,NA,NA,NA,NA,NA,NA,12.0047956340015,8,8,"default",0.0915583859351464,1,"WG","Fall"
"116","Bgl","PFHxS",821.621478751658,0.0810608817735348,0.608777266766592,0.319205815627388,0.000949244732197647,0.00249297107079432,0.00241964489214288,0.0459083284977592,0.138943635033379,NA,0.0238050964914367,0.0875591837133502,0.00279479467446887,0.208525660501497,0.76699275818379,0.0244815813147126,36.9948977974121,0.00753278218321741,1.0058604603726,2.91467178402325,NA,NA,NA,NA,5.74087593825654,3.75897816175827,NA,NA,NA,NA,NA,NA,12.0047956340015,8,8,"default",0.0915583859351464,1,"WG","Fall"
"117","Bgl","PFOS",404318.994205936,0.513307705727036,5.32468954873205,27.3372305141234,0.0259916728624403,0.00422423893381989,0.00241964489214288,0.0593188258904738,0.039489082368549,NA,5.61296443045433,10.3216362016866,0.0315854332262062,0.351553239294237,0.646468490310009,0.0019782703957534,36.9948977974121,0.00753278218321741,2.8963463603177,5.60672414421535,NA,NA,NA,NA,970.74563852418,5.98710544797509,NA,NA,NA,NA,NA,NA,12.0047956340015,8,8,"default",0.0915583859351464,1,"WG","Fall"
"118","Bgl","PFUA",0,0,0,61.9016847520454,0.0262736437946514,0.00483875787153472,0.00241964489214288,0.061704742604515,0.0338478472289131,NA,0,0,0,NA,NA,NA,36.9948977974121,0.00753278218321741,NA,-Inf,NA,NA,NA,NA,0,-Inf,NA,NA,NA,NA,NA,NA,12.0047956340015,8,8,"default",0.0915583859351464,1,"WG","Fall"
"119","Bgl","PFNA",1468.36313764525,0.00557896330692945,0.138624908716884,1.96008533114995,0.00863143830622523,0.00294547996520328,0.00241964489214288,0.0429465008527425,0.0208500888437173,NA,0.00656114648456173,0.0234590099141392,0.000595345476042098,0.214307983955491,0.76624613276362,0.0194458832808892,36.9948977974121,0.00753278218321741,2.42027996822542,3.16683347327256,NA,NA,NA,NA,0.0858916765540679,1.93395107999209,NA,NA,NA,NA,NA,NA,12.0047956340015,8,8,"default",0.0915583859351464,1,"WG","Fall"
"120","Bgl","PFOA",377.695833467421,0.0324437612858698,0.302150802431605,0.273372305141234,0.00259484633899133,0.000696144006681139,0.00241964489214288,0.0113536726392308,0.0349026565514678,NA,0.00709538064813612,0.00574415517844871,0.000343052129848933,0.538238824697029,0.435738050634077,0.0260231246688938,36.9948977974121,0.00753278218321741,1.06601099665983,2.57714219395623,NA,NA,NA,NA,0.196799408708087,2.29402378924166,NA,NA,NA,NA,NA,NA,12.0047956340015,8,8,"default",0.0915583859351464,1,"WG","Fall"
"121","Phy","PFDA",0,0,0,5292.89323402379,8.68254649532456,0,0.8,0,9.48254649532456,NA,0,0,0,NA,NA,NA,NA,NA,NA,-Inf,NA,NA,NA,NA,NA,NA,NA,NA,NA,NA,NA,NA,12.0047956340015,8,8,"default",NA,1,"WG","Fall"
"122","Phy","PFHxS",5377.13792480912,0.0810608817735348,0.608777266766592,1120.50004663518,14.7403162856192,0,0.8,0,15.5403162856192,NA,83.5624240629321,0,0,1,0,0,NA,NA,1.82173985272145,3.7305511763721,NA,NA,NA,NA,NA,NA,NA,NA,NA,NA,NA,NA,12.0047956340015,8,8,"default",NA,1,"WG","Fall"
"123","Phy","PFNA",494.97132605547,0.00557896330692945,0.138624908716884,1780.60787864424,11.2418442395256,0,0.8,0,12.0418442395256,NA,5.96036761139143,0,0,1,0,0,NA,NA,1.94802653571152,2.69458004075866,NA,NA,NA,NA,NA,NA,NA,NA,NA,NA,NA,NA,12.0047956340015,8,8,"default",NA,1,"WG","Fall"
"124","Phy","PFOA",1090.92171929304,0.0324437612858698,0.302150802431605,568.290798312902,12.7206702188445,0,0.8,0,13.5206702188445,NA,14.7499928011361,0,0,1,0,0,NA,NA,1.52666239096491,3.03779358826131,NA,NA,NA,NA,NA,NA,NA,NA,NA,NA,NA,NA,12.0047956340015,8,8,"default",NA,1,"WG","Fall"
"125","Phy","PFOS",171158.378376732,0.513307705727036,5.32468954873205,7546.93510900909,8.25336912587369,0,0.8,0,9.05336912587369,NA,1549.55997843051,0,0,1,0,0,NA,NA,2.52302037925327,5.23339816315092,NA,NA,NA,NA,NA,NA,NA,NA,NA,NA,NA,NA,12.0047956340015,8,8,"default",NA,1,"WG","Fall"
"126","Phy","PFUA",0,0,0,10736.4360669518,4.33922214091689,0,0.8,0,5.13922214091689,NA,0,0,0,NA,NA,NA,NA,NA,NA,-Inf,NA,NA,NA,NA,NA,NA,NA,NA,NA,NA,NA,NA,12.0047956340015,8,8,"default",NA,1,"WG","Fall"
"127","Pry","PFDA",0,0,0,59.2784445618744,0.0774011650647529,0.00173642632601118,0.00531630097590499,0.0965081705894713,0.0981567894820989,NA,0,0,0,NA,NA,NA,2.86486110055277,0.000265496757690389,NA,-Inf,NA,NA,NA,NA,0,-Inf,NA,NA,NA,NA,NA,NA,12.0047956340015,8,8,"default",0.00178816872648895,1,"WG","Fall"
"128","Pry","PFHxS",490.200067766222,0.0810608817735348,0.608777266766592,1.26567489740218,0.00376382625320419,0.000451629146501901,0.00531630097590499,0.0828485525983461,0.537210930235895,NA,0.0943889853642851,0.133646428257633,0.0353054207844726,0.358428975046927,0.507503625705797,0.134067399247277,2.86486110055277,0.000265496757690389,0.781562043303139,2.69037336695379,NA,NA,NA,NA,16.3855033480124,4.21445978706149,NA,NA,NA,NA,NA,NA,12.0047956340015,8,8,"default",0.00178816872648895,1,"WG","Fall"
"129","Pry","PFNA",662.910971868352,0.00557896330692945,0.138624908716884,7.77188471809872,0.0342242974840323,0.00123462340928667,0.00531630097590499,0.0775034846887754,0.0679499630155055,NA,0.0260154358007751,0.0115086007770969,0.00752073944315531,0.577546124075095,0.25549246313767,0.166961412787236,2.86486110055277,0.000265496757690389,2.07490170205675,2.82145520710389,NA,NA,NA,NA,0.176701122927974,2.24723930943813,NA,NA,NA,NA,NA,NA,12.0047956340015,8,8,"default",0.00178816872648895,1,"WG","Fall"
"130","Pry","PFOA",297.7545710152,0.0324437612858698,0.302150802431605,1.08394160545659,0.0102887595184387,0.00020793589675291,0.00531630097590499,0.0204894269866878,0.131561540973532,NA,0.0281337141562047,0.006705708274694,0.00433362776377404,0.718190542130178,0.171181673149515,0.110627784720307,2.86486110055277,0.000265496757690389,0.962727240033696,2.4738584373301,NA,NA,NA,NA,0.13437335395683,2.12831315728317,NA,NA,NA,NA,NA,NA,12.0047956340015,8,8,"default",0.00178816872648895,1,"WG","Fall"
"131","Pry","PFOS",204425.320249735,0.513307705727036,5.32468954873205,108.394160545659,0.10305892396986,0.00216081654500205,0.00531630097590499,0.107049832300014,0.137710782637049,NA,22.25582314556,5.49674271059142,0.399004986268981,0.79057127114284,0.195255275144668,0.0141734537124918,2.86486110055277,0.000265496757690389,2.60015690288645,5.3105346867841,NA,NA,NA,NA,1335.08172345813,6.12550785068982,NA,NA,NA,NA,NA,NA,12.0047956340015,8,8,"default",0.00178816872648895,1,"WG","Fall"
"132","Pry","PFUA",0,0,0,245.444802888626,0.104176959773798,0.00261820451286198,0.00531630097590499,0.11135558144939,0.113363638505573,NA,0,0,0,NA,NA,NA,2.86486110055277,0.000265496757690389,NA,-Inf,NA,NA,NA,NA,0,-Inf,NA,NA,NA,NA,NA,NA,12.0047956340015,8,8,"default",0.00178816872648895,1,"WG","Fall"
