SppAlias,PFAA,k1,k2,ke,kg,kd,RMR,G_V,G_D,Total Elimination,C_B_re,C_WTO,C_s,kr_est,Gill_uptake,Dietary_uptake,Sediment_uptake,Gill_up%,Diet_up%,Sed_up%,log_BAF_re,log_ngkg_re,C_B_re_max,C_WTO_max,C_s_max,kr_est.x,Gill_uptake_max,Dietary_uptake_max,Sediment_uptake_max,Gill_up%.x,Diet_up%.x,Sed_up%.x,log_BAF_re_max,log_ngkg_re_max,C_B_re_min,C_WTO_min,C_s_min,kr_est.y,Gill_uptake_min,Dietary_uptake_min,Sediment_uptake_min,Gill_up%.y,Diet_up%.y,Sed_up%.y,log_BAF_re_min,log_ngkg_re_min,logngkg_re_Up,logngkg_re_Lo,Obs_ngg,Obs_logngkg,Obs_ngg_max,Obs_logngkg_max,Obs_ngg_min,Obs_logngkg_min,Obs_logngkg_Up,Obs_logngkg_Lo,temperature,pH,env_DO,runID,WB,System
Chu,PFOA,0.4503194071115611,0.004274425912736425,5.220009129895141e-4,0.003477131693653123,0.016136726519957838,NA,9.94398476757915,0.0017469760449867397,0.05636085003766384,2564.9458436557625,0.276,0.1205,0.04808729151828478,0.0994305250902327,0.044159765185951425,9.722377728274597e-4,0.6878028935446009,0.30547172757645585,0.006725378878943223,0.9681691177725746,3.409078199837792,3215.0779401037194,0.343,0.332,0.04808729151828478,0.12356764531141239,0.054958183727861515,0.002678696602313001,0.681923615725927,0.30329365965486943,0.014782724619203625,0.9718973855368099,3.5071915055795806,1695.2575483965193,0.183,0.044,0.04808729151828478,0.06592676120113254,0.029264387275822274,3.5500798343907243e-4,0.689999091993415,0.3062853427071454,0.0037155652994396646,0.9667845970862964,3.229235686816726,0.09811330574178845,0.17984251302106635,4.8549999999999995,3.6861892342440234,8.62,3.9355072658247128,1.09,3.037426497940624,0.24931803158068933,0.6487627363033996,13,8,9.16,default,0.01494,JBA-spring
Chu,PFOS,45.03194071115611,0.04281543701804309,0.003285539258020534,0.003477131693653123,0.08430854942673623,NA,9.94398476757915,0.0017469760449867397,0.06086775056651418,420160.13925918425,0.7025,1.02,0.011289642596797433,12.653975339834869,12.877229854377383,0.04299736020763548,0.4947945224453512,0.5035241989256811,0.001681278628967628,2.7767685197762066,5.623414848353324,528614.5768105249,0.881,3.22,0.011289642596797433,15.869255906611416,16.17058753593802,0.13573676457704534,0.49320807284452883,0.5025733003676012,0.004218626787870056,2.778163226435647,5.7231391348476945,316887.3743410768,0.53,0.653,0.011289642596797433,9.546771430765096,9.713923486917341,0.02752674138782938,0.49495342803029935,0.5036194449968578,0.0014271269728427741,2.7766290664552953,5.500904936056084,0.0997242864943706,0.12250991229723951,1935,6.28668096935493,2820,6.450249108319361,1050,6.021189299069938,0.1635681389644308,0.2654916702849919,13,8,9.16,default,0.01494,JBA-spring
Chu,PFDA,24.627003775129086,0.032156018909359624,0.002920646351347026,0.003477131693653123,0.0760063205650188,NA,9.94398476757915,0.0017469760449867397,0.04424661331427046,905.5193690690883,0.002,0.02,0.0056928163599106905,0.01723890264259036,0.02206719952354156,7.60063205650188e-4,0.4302608568258796,0.550768942292718,0.018970200881402218,2.6558677486491096,2.956897744313091,905.5193690690883,0.002,0.02,0.0056928163599106905,0.01723890264259036,0.02206719952354156,7.60063205650188e-4,0.4302608568258796,0.550768942292718,0.018970200881402218,2.6558677486491096,2.956897744313091,905.5193690690883,0.002,0.02,0.0056928163599106905,0.01723890264259036,0.02206719952354156,7.60063205650188e-4,0.4302608568258796,0.550768942292718,0.018970200881402218,2.6558677486491096,2.956897744313091,0,0,8.185,3.91301868374796,8.83,3.9459607035775686,7.54,3.877371345869774,0.03294201982960843,0.0356473378781863,13,8,9.16,default,0.01494,JBA-spring
Chu,PFHxS,0.5258198103338373,0.0015636672660976902,0.0018308837315586558,0.003477131693653123,0.06524850288504691,NA,9.94398476757915,0.0017469760449867397,0.22609398352529916,4778.699063021454,0.691,0.2825,0.2192223008339897,0.334274169825427,0.7369445863691954,0.009216351032512875,0.3093884746889791,0.6820813035782541,0.008530221732766557,0.8398316344576768,3.6793096818318753,5685.910394978593,0.815,0.66,0.2192223008339897,0.3942596937883112,0.8697584314282406,0.021532005952065482,0.30668558481644986,0.6765651609693314,0.01674925421421879,0.8436424025636238,3.7548000113036,3384.3796360628617,0.492,0.082,0.2192223008339897,0.2380070789495081,0.5245056061115595,0.0026751886182869236,0.3110439764355739,0.6854599035783323,0.003496119986093688,0.8375139704529614,3.5294790732203216,0.07549032947172485,0.14983060861155373,48,4.681241237375588,66.6,4.823474229170301,29.4,4.468347330412158,0.14223299179471383,0.2128939069634299,13,8,9.16,default,0.01494,JBA-spring
Chu,PFNA,3.2287998733284113,0.014218353898619114,0.0022552305216847093,0.003477131693653123,0.06103892205375356,NA,9.94398476757915,0.0017469760449867397,0.031240358710754382,2107.7266310953187,0.0114,0.0445,0.011289642596797437,0.022084991133566333,0.042403028870365275,0.0013581160156960167,0.3354029935330323,0.643971407186682,0.02062559928028556,2.2669094315296703,3.3238142828661426,2495.927206917337,0.0134,0.066,0.011289642596797437,0.025959550981560428,0.04999982585069458,0.0020142844277738674,0.3329271777426194,0.6412399397785579,0.025832882478822844,2.270127116742086,3.3972319151068935,1578.9660963729937,0.00864,0.02,0.011289642596797437,0.016738098543334485,0.03197897947893987,6.103892205375356e-4,0.3393261296174414,0.6482996445271557,0.01237422585540276,2.2618590624399753,3.1983728049188684,0.07341763224075093,0.12544147794727412,2.6685000000000003,3.4262672071396065,4.4,3.6434526764861874,0.937,2.971739590887778,0.2171854693465809,0.45452761625182836,13,8,9.16,default,0.01494,JBA-spring
Dac,PFNA,4.435604111742758,0.019532641070725748,0.001485469921572294,0.004168960656741118,0.06993778089915675,NA,5.513645185283206,8.079019517661212e-4,0.04069635902733666,1479.0076446228647,0.0114,0.0445,0.015509287378297501,0.030339532124320463,0.028294578360420954,0.0015561156250062378,0.5040607767281182,0.4700859290481834,0.025853294223698368,2.1130655674264416,3.1699704187629143,1750.2485481937656,0.0134,0.066,0.015509287378297501,0.03566225705841177,0.03325853947628428,0.002307946769672173,0.5006722764435565,0.4669258214224965,0.032401902133947016,2.11599492771824,3.2430997260830474,1109.1375892982335,0.00864,0.02,0.015509287378297501,0.02299417171527446,0.021444312020529568,6.993778089915676e-4,0.5094209368437768,0.47508480212887044,0.015494261027352678,2.1084716815481377,3.044985424027031,0.07312930732013312,0.12498499473588343,3.755,3.5746099413401873,34.8,4.541579243946581,0.86,2.934498451243568,0.9669693026063935,0.6401114900966194,13,8,9.16,default,0.006030000000000001,JBA-spring
Dac,PFOA,0.6186319041577948,0.005872045929662682,2.501835927605433e-4,0.004168960656741118,0.01848929839862765,NA,5.513645185283206,8.079019517661212e-4,0.07635170688786952,2702.5446067069674,0.276,0.1205,0.06606051670870518,0.1365939244380411,0.06863598899612457,0.0011139802285173158,0.6619722154770211,0.3326291259596275,0.005398658563351408,0.9908637888438733,3.431772870909091,3380.6636755377313,0.343,0.332,0.06606051670870518,0.1697525945008989,0.08529762400605337,0.00306922353417219,0.6576513305567014,0.33045795904232367,0.011890710400974716,0.9937078471964045,3.529001967239175,1787.5582062857602,0.183,0.044,0.06606051670870518,0.09056771076870115,0.045508644877865205,4.067645647698083e-4,0.6635817720789378,0.33343789918780953,0.002980328733252559,0.9898091024250119,3.2522601921554415,0.09722909633008392,0.17951267875364962,1.2145,3.0843975191411492,6.35,3.8027737252919755,0.615,2.788875115775417,0.7183762061508263,0.29552240336573243,13,8,9.16,default,0.006030000000000001,JBA-spring
Dac,PFDA,33.83165370737622,0.04417473218759817,0.0020892274185909045,0.004168960656741118,0.0870872750659998,NA,5.513645185283206,8.079019517661212e-4,0.05825349776666572,655.1322257011443,0.002,0.02,0.007820577503735531,0.02368215759516335,0.013610713300928994,8.70872750659998e-4,0.6205407366312884,0.3566398890766901,0.022819374292021466,2.5152989670712125,2.8163289627351937,655.1322257011443,0.002,0.02,0.007820577503735531,0.02368215759516335,0.013610713300928994,8.70872750659998e-4,0.6205407366312884,0.3566398890766901,0.022819374292021466,2.5152989670712125,2.8163289627351937,655.1322257011443,0.002,0.02,0.007820577503735531,0.02368215759516335,0.013610713300928994,8.70872750659998e-4,0.6205407366312884,0.3566398890766901,0.022819374292021466,2.5152989670712125,2.8163289627351937,0,0,9.165,3.9621324692982354,33.5,4.525044807036846,4.62,3.6646419755561257,0.5629123377386103,0.2974904937421097,13,8,9.16,default,0.006030000000000001,JBA-spring
Dac,PFHxS,0.7223515251034381,0.002148107416688755,5.433895937722068e-4,0.004168960656741118,0.07476107613358136,NA,5.513645185283206,8.079019517661212e-4,0.30801982867602534,5975.290978625364,0.691,0.2825,0.3011593710088233,0.45921331153875766,1.3707347899829585,0.010560002003868366,0.24950355320854703,0.7447588996523558,0.005737547139097165,0.9368810115906411,3.7763590589648395,7087.217680953198,0.815,0.66,0.3011593710088233,0.541619173522558,1.6167132472302623,0.024671155124081853,0.24810732309725703,0.7405912042910129,0.01130147261173018,0.9393181634013809,3.8504757721413574,4240.017417397205,0.492,0.082,0.3011593710088233,0.32696519432282023,0.9759790400457534,0.003065204121476836,0.25035438848041003,0.7472986115430655,0.0023469999765244327,0.9354025378498908,3.6273676406172513,0.07411671317651791,0.14899141834758822,43.05,4.633973155789674,92.9,4.968015713993641,16.7,4.222716471147583,0.33404255820396767,0.4112566846420904,13,8,9.16,default,0.006030000000000001,JBA-spring
Dac,PFOS,61.86319041577948,0.058818240812033906,0.002599843773811848,0.004168960656741118,0.09659988511167053,NA,5.513645185283206,8.079019517661212e-4,0.08109633262088436,326574.1143464317,0.7025,1.02,0.0155092873782975,17.383556506834037,9.051140554167958,0.04926594140695197,0.6563804860040339,0.34175929611986994,0.0018602178760962174,2.667335429159608,5.513981757736725,410710.08722753794,0.881,3.22,0.0155092873782975,21.80058830252069,11.350967727006365,0.15552581502978957,0.654533123143702,0.340797425003517,0.004669451852780855,2.6685594610436483,5.613535369455696,246313.909414358,0.53,0.653,0.0155092873782975,13.11499636814525,6.828618496382943,0.03153986248896043,0.6565654457938552,0.34185559960379075,0.0015789546023541722,2.6672130676599,5.391488937260689,0.09955361171897081,0.12249282047603582,1545,6.188928483760853,4420,6.645422269349092,899,5.953759691733229,0.45649378558823894,0.23516879202762464,13,8,9.16,default,0.006030000000000001,JBA-spring
Dar,PFHxS,0.8545973900987947,0.002541376224949755,0.0013841634745623563,0.004589332171921534,0.08034647282273463,NA,4.034997803884182,5.370830530982082e-4,0.3648095615394322,6734.590547943436,0.691,0.2825,0.3562946896679986,0.5432846528336057,1.9044792206802752,0.009079151428969012,0.221131202652332,0.7751733429222961,0.0036954544253718475,0.988833149095448,3.8283111964696466,7972.33037579601,0.815,0.66,0.3562946896679986,0.6407771230960763,2.246393756920361,0.021211468825201946,0.22032079906938207,0.7723859821302597,0.007293218800358256,0.9904276789568358,3.9015852876968125,4784.454787413119,0.492,0.082,0.3562946896679986,0.3868249626543184,1.3559545262385135,0.0026353643085856963,0.22162350798425315,0.7768666135454496,0.0015098784702971587,0.9878673521336466,3.679832454901007,0.07327409122716588,0.14847874156863972,31.35,4.496237545166736,79.5,4.9003671286564705,11.5,4.060697840353612,0.40412958348973493,0.43553970481312376,13,8,9.16,default,0.00373,JBA-spring
Dar,PFOS,73.18891043379382,0.06958650095044609,0.004375513209944443,0.004589332171921534,0.10381685825303166,NA,4.034997803884182,5.370830530982082e-4,0.09690002568740483,377922.2286711469,0.7025,1.02,0.018348679355092753,20.566083831896066,16.012232556012123,0.042357278167236924,0.5615976379743125,0.4372457126818368,0.0011566493438507047,2.7307561084716907,5.577402437048808,474841.22053733113,0.881,3.22,0.018348679355092753,25.791772036868945,20.086638317207203,0.1337161134299048,0.5605429267669947,0.43655096730624837,0.002906105926756844,2.7315725042185672,5.676548412630615,285069.2731778891,0.53,0.653,0.018348679355092753,15.516049011964292,12.080053918287295,0.027116963375691874,0.5617031277205982,0.43731519948817343,9.816727912283607e-4,2.7306745388400424,5.454950408440832,0.09914597558180738,0.12245202860797644,635.5,5.803115554890027,1070,6.02938377768521,351,5.545307116465824,0.22626822279518244,0.2578084384242034,13,8,9.16,default,0.00373,JBA-spring
Dar,PFDA,40.025447384373926,0.05226210442405962,0.003631242975704191,0.004589332171921534,0.09359356153185934,NA,4.034997803884182,5.370830530982082e-4,0.06973502402101794,774.376704332887,0.002,0.02,0.009252344449332595,0.02801781316906175,0.02523461641665396,7.487484922548747e-4,0.5188370729358481,0.467297516735996,0.013865410328155815,2.587922283899972,2.888952279563953,774.376704332887,0.002,0.02,0.009252344449332595,0.02801781316906175,0.02523461641665396,7.487484922548747e-4,0.5188370729358481,0.467297516735996,0.013865410328155815,2.587922283899972,2.888952279563953,774.376704332887,0.002,0.02,0.009252344449332595,0.02801781316906175,0.02523461641665396,7.487484922548747e-4,0.5188370729358481,0.467297516735996,0.013865410328155815,2.587922283899972,2.888952279563953,0,0,3.39,3.530199698203082,6.92,3.840106094456758,1.84,3.2648178230095364,0.3099063962536759,0.2653818751935457,13,8,9.16,default,0.00373,JBA-spring
Dar,PFNA,5.24766068274589,0.02310861609711205,0.002655177563198373,0.004589332171921534,0.07516282941481628,NA,4.034997803884182,5.370830530982082e-4,0.04870180518732471,1815.3520510084857,0.0114,0.0445,0.018348679355092753,0.035893999069981884,0.051179024501060016,0.0013378983635837297,0.40599055280209906,0.5788767199928502,0.015132727205050775,2.2020560088808576,3.2589608602173303,2143.172999073453,0.0134,0.066,0.018348679355092753,0.042191191889276954,0.06020090329778166,0.00198429869655115,0.4042215899538013,0.5767674189329799,0.019010991113218988,2.2039524307780507,3.3310572291428584,1366.484900716149,0.00864,0.02,0.018348679355092753,0.027203872979354695,0.038745105811425415,6.013026353185303e-4,0.40877171961419095,0.5821929671995492,0.009035313186259808,2.199091094741234,3.1356048372201273,0.07209636892552806,0.12335602299720305,1.6400000000000001,3.214843848047698,2.86,3.456366033129043,0.512,2.709269960975831,0.24152218508134515,0.5055738870718671,13,8,9.16,default,0.00373,JBA-spring
Dar,PFOA,0.7318891043379382,0.006947081790007135,5.055435827651304e-4,0.004589332171921534,0.01987063306368706,NA,4.034997803884182,5.370830530982082e-4,0.09019662768227407,2892.718104036382,0.276,0.1205,0.07815467013758028,0.16160111423781676,0.09835453906805681,9.577645136697163e-4,0.6193668213322232,0.37696236510182934,0.0036708135659475334,1.0203970315597826,3.461306113625,3611.23451277029,0.343,0.332,0.07815467013758028,0.20083037023033026,0.1222519845205324,0.002638820070857642,0.6165714290458777,0.3753271017379991,0.008101469216123175,1.0223615722874129,3.5576556923301834,1914.7875978856212,0.183,0.044,0.07815467013758028,0.10714856487507415,0.06520909604013025,3.497231419208923e-4,0.6204052331638196,0.3775698207469894,0.0020249460891910483,1.0196695161552691,3.2821206058856984,0.09634957870518335,0.17918550773930164,2.2169999999999996,3.345765693114488,5.74,3.7589118923979736,0.483,2.683947130751512,0.4131461992834855,0.661818562362976,13,8,9.16,default,0.00373,JBA-spring
Kil,PFDA,32.522053925100145,0.04246475903182632,0.0030812646872381325,0.004075965548029614,0.08562621218441994,NA,5.933077405254757,8.891952803766686e-4,0.05713983765552383,761.7101982531768,0.002,0.02,0.0075178483884297586,0.022765437747570103,0.020073549623697937,6.850096974753596e-4,0.5230548497559526,0.461206483218741,0.015738667025306293,2.5807597745748416,2.881789770238823,761.7101982531768,0.002,0.02,0.0075178483884297586,0.022765437747570103,0.020073549623697937,6.850096974753596e-4,0.5230548497559526,0.461206483218741,0.015738667025306293,2.5807597745748416,2.881789770238823,761.7101982531768,0.002,0.02,0.0075178483884297586,0.022765437747570103,0.020073549623697937,6.850096974753596e-4,0.5230548497559526,0.461206483218741,0.015738667025306293,2.5807597745748416,2.881789770238823,0,0,6.11,3.786041210242554,6.11,3.786041210242554,6.11,3.786041210242554,0,0,13,8,9.16,default,0.00675,JBA-spring
Kil,PFOA,0.5946850934579252,0.005644743116223068,3.68979395368722e-4,0.004075965548029614,0.018179103509923,NA,5.933077405254757,8.891952803766686e-4,0.07359304811713092,3171.6233027748126,0.276,0.1205,0.06350336005750952,0.1313064686355099,0.1012267249058323,8.762327891782887e-4,0.5625585508683474,0.43368738999636514,0.003754059135287429,1.060372518004941,3.5012816000701585,3959.554077273785,0.343,0.332,0.06350336005750952,0.16318158964485469,0.12579987914021915,0.0024141849461177746,0.5600000808364404,0.43171501540742874,0.008284903756130921,1.0623521586393123,3.597646278682083,2099.3772323797775,0.183,0.044,0.06350336005750952,0.08706189768224025,0.06711771977451923,3.1995222177464485e-4,0.5635089978786942,0.4344201081865178,0.002070893934788081,1.0596393932640404,3.32209048299447,0.09636467861192433,0.17919111707568858,1.83,3.2624510897304293,1.83,3.2624510897304293,1.83,3.2624510897304293,0,0,13,8,9.16,default,0.00675,JBA-spring
Kil,PFOS,59.46850934579252,0.056541427623191566,0.003834339307103926,0.004075965548029614,0.09497922920764118,NA,5.933077405254757,8.891952803766686e-4,0.07936066613021144,379260.1363467142,0.7025,1.02,0.014908933651886334,16.7106511261677,13.348934405425632,0.0387515255167176,0.5552018071450292,0.44351069562736023,0.0012874972276105676,2.7322908682662694,5.578937196843387,476556.4184623674,0.881,3.22,0.014908933651886334,20.956702693457288,16.740798877124533,0.12233324721944186,0.5541193607644542,0.4426460072545022,0.0032346319810434847,2.7331384147709943,5.678114323183042,286076.41351703013,0.53,0.653,0.014908933651886334,12.607323981308015,10.07108218487628,0.024808574669035882,0.5553100794409415,0.44359718655851227,0.0010927340005463658,2.732206182885816,5.456482052486606,0.09917712633965525,0.12245514435678118,1670,6.222716471147583,1670,6.222716471147583,1670,6.222716471147583,0,0,13,8,9.16,default,0.00675,JBA-spring
Kil,PFHxS,0.6943898000224086,0.0020649556727765778,8.014097229454501e-4,0.004075965548029614,0.07350680984447128,NA,5.933077405254757,8.891952803766686e-4,0.2964440321822804,8336.651952309754,0.691,0.2825,0.28950170123852875,0.44143748367024555,2.021606966460313,0.008306269512425253,0.1786219495928188,0.818017026232666,0.003361024174515057,1.0815136230988986,3.920991670473097,9865.078852153802,0.815,0.66,0.28950170123852875,0.520653472056802,2.3843844828728726,0.01940579779894042,0.17803504395357678,0.815329233345026,0.006635722701397176,1.0829429522033698,3.9941005609433464,5923.975512807823,0.492,0.082,0.28950170123852875,0.31430859908214304,1.4394075651208014,0.002411023362898658,0.1789782661003069,0.819648813202394,0.0013729206972990166,1.0806481518970672,3.7726132546644275,0.07310889047024949,0.1483784158086694,35.1,4.545307116465824,35.1,4.545307116465824,35.1,4.545307116465824,0,0,13,8,9.16,default,0.00675,JBA-spring
Kil,PFNA,4.263904961909752,0.018776546121458695,0.0021908222975468065,0.004075965548029614,0.06876443501579571,NA,5.933077405254757,8.891952803766686e-4,0.03995226761892145,1805.1275101939123,0.0114,0.0445,0.014908933651886334,0.029165109939462704,0.04172982049080067,0.0012240069432811636,0.4044029349517478,0.5786250048951562,0.016972060153096033,2.199603033585372,3.2565078849218447,2131.24369860255,0.0134,0.066,0.014908933651886334,0.03428179589375441,0.049050841629537635,0.001815381084417007,0.40261413541160945,0.5760655671334285,0.02132029745496213,2.2015283139055195,3.328633112270327,1358.646538908911,0.00864,0.02,0.014908933651886334,0.022104083322540154,0.03162681131934367,5.501154801263657e-4,0.40721576980339314,0.5826496457647798,0.010134584431826953,2.1965927442995654,3.1331064867784586,0.07212522734848248,0.12340139814338613,4.39,3.6424645202421213,4.39,3.6424645202421213,4.39,3.6424645202421213,0,0,13,8,9.16,default,0.00675,JBA-spring
Mad,PFHxS,0.6363973918315291,0.0018924995792857647,0.002244280611201049,0.0038778203076068763,0.0708101406680976,NA,6.976204320583596,0.0010989530791858874,0.27333838202979927,6802.847267447269,0.691,0.2825,0.26532378153170555,0.40457054993513963,1.4489075559231168,0.006001159421621271,0.21757196086520822,0.7792007057981558,0.003227333336636057,0.993212673233663,3.8326907206078613,8051.276483365893,0.815,0.66,0.26532378153170555,0.47717076439528056,1.7095317149902416,0.014020407852283326,0.21682455667746162,0.776804624018759,0.006370819303779208,0.9947071319674784,3.905864740707455,4833.622829786355,0.492,0.082,0.26532378153170555,0.28805891543862333,1.0314137987370435,0.001741929460435201,0.21802582708730744,0.7806557425813111,0.001318430331381473,0.9923076563921541,3.6842727591595144,0.07317402009959384,0.14841796144834696,25.05,4.398807730203265,30.6,4.48572142648158,19.7,4.294466226161593,0.08691369627831502,0.1043415040416713,13,8,9.16,default,0.00866,JBA-spring
Mad,PFNA,3.9078022123730984,0.017208410865071914,0.0031509446533088954,0.0038778203076068763,0.06624174449596228,NA,6.976204320583596,0.0010989530791858874,0.03790098035010886,2296.265244509951,0.0114,0.0445,0.013663804524121168,0.026729367132631993,0.059417009489156486,8.843272890210963e-4,0.3071257146216428,0.6827131899340716,0.010161095444285602,2.30411720119332,3.3610220525297927,2710.813021055548,0.0134,0.066,0.013663804524121168,0.03141872978747971,0.07001215471534579,0.0013115865410200532,0.30580079949675054,0.6814334325818187,0.01276576792143077,2.3059947646880965,3.433099563052904,1728.6046506464797,0.00864,0.02,0.013663804524121168,0.020258046668942143,0.04486031376134111,3.974504669757737e-4,0.3092085161047694,0.6847250022088626,0.0060664816863680426,2.3011819346147515,3.237695677093645,0.07207751052311151,0.12332637543614755,0.503,2.7015679850559273,0.605,2.781755374652469,0.405,2.6074550232146687,0.0801873895965417,0.09411296184125861,13,8,9.16,default,0.00866,JBA-spring
Mad,PFDA,29.805953794641233,0.03891828752630948,0.004159004266994418,0.0038778203076068763,0.08248493088577677,NA,6.976204320583596,0.0010989530791858874,0.05384510257373622,961.1449154076134,0.002,0.02,0.0068899904728254475,0.020864167656248864,0.03039386931678444,4.949095853146606e-4,0.40314936720996014,0.5872877070393934,0.009562925750646553,2.6817588771420104,2.9827888728059917,961.1449154076134,0.002,0.02,0.0068899904728254475,0.020864167656248864,0.03039386931678444,4.949095853146606e-4,0.40314936720996014,0.5872877070393934,0.009562925750646553,2.6817588771420104,2.9827888728059917,961.1449154076134,0.002,0.02,0.0068899904728254475,0.020864167656248864,0.03039386931678444,4.949095853146606e-4,0.40314936720996014,0.5872877070393934,0.009562925750646553,2.6817588771420104,2.9827888728059917,0,0,3.765,3.5757649805367193,5.47,3.737987326333431,3.6,3.5563025007672873,0.16222234579671158,0.01946247976943205,13,8,9.16,default,0.00866,JBA-spring
Mad,PFOA,0.545019587594028,0.005173318785223245,6.849761224780624e-4,0.0038778203076068763,0.017512185326518763,NA,6.976204320583596,0.0010989530791858874,0.06793595154906969,2964.5806979654826,0.276,0.1205,0.0581998363337615,0.1203403249407614,0.08042822021997516,6.330654995536531e-4,0.5975142132489835,0.3993424876608147,0.0031432990902017293,1.0310541945770089,3.4719632766422266,3699.5907096858464,0.343,0.332,0.0581998363337615,0.1495533748358013,0.10003762671028342,0.0017442136585212689,0.5950354975686692,0.3980247122507094,0.006939790180621312,1.0328595601439374,3.568153680186708,1962.6229965046723,0.183,0.044,0.0581998363337615,0.07979086762376571,0.053310632329555636,2.3116084631004765e-4,0.5984345256836446,0.3998317592241661,0.0017337150921890752,1.0303857935362568,3.2928368832666863,0.09619040354448138,0.17912639337554026,0.7525,2.876506504265881,1.43,3.155336037465062,0.687,2.8369567370595505,0.2788295331991808,0.03954976720633052,13,8,9.16,default,0.00866,JBA-spring
Mad,PFOS,54.501958759402804,0.051819334138648185,0.004796815616782364,0.0038778203076068763,0.09149482333637701,NA,6.976204320583596,0.0010989530791858874,0.07415777458715858,453146.14193445083,0.7025,1.02,0.013663804524121165,15.315050411392189,18.261261621282454,0.027997415940931365,0.45574661889155815,0.5434202315392254,8.331495692164803e-4,2.8095919582042077,5.656238286781325,569317.9959896844,0.881,3.22,0.013663804524121165,19.20649026681355,22.92448134885938,0.0883839993429402,0.4549214450819924,0.542985107539301,0.0020934473787066815,2.8103790035489657,5.755354911961014,341813.4861025152,0.53,0.653,0.013663804524121165,11.554415256993396,13.775788360356191,0.017923835891596254,0.45582914470930547,0.5434637483880382,7.071069026562114e-4,2.809513324021968,5.533789193622757,0.09911662517968889,0.12244909315856845,600,5.778151250383644,822,5.9148718175400505,391,5.592176757395867,0.13672056715640668,0.18597449298777669,13,8,9.16,default,0.00866,JBA-spring
Min,PFDA,41.6465283345157,0.05437878537162196,0.0034257679158164397,0.004694641270848819,0.09519971837187592,NA,3.748187550106413,4.877154802743797e-4,0.072126270592427,724.1751975207198,0.002,0.02,0.00962707603413978,0.02915256983416099,0.022317888671567716,7.615977469750074e-4,0.5581355957559483,0.4272833633734736,0.014581040870578103,2.5588136507983066,2.859843646462288,724.1751975207198,0.002,0.02,0.00962707603413978,0.02915256983416099,0.022317888671567716,7.615977469750074e-4,0.5581355957559483,0.4272833633734736,0.014581040870578103,2.5588136507983066,2.859843646462288,724.1751975207198,0.002,0.02,0.00962707603413978,0.02915256983416099,0.022317888671567716,7.615977469750074e-4,0.5581355957559483,0.4272833633734736,0.014581040870578103,2.5588136507983066,2.859843646462288,0,0,3.4,3.531478917042255,7.19,3.8567288903828825,3.18,3.5024271199844326,0.32524997334062755,0.02905179705782235,13,8,9.16,default,0.00333,JBA-spring
Min,PFHxS,0.8892096590342541,0.0026443051577820617,8.910119690985463e-4,0.004694641270848819,0.08172529669462579,NA,3.748187550106413,4.877154802743797e-4,0.37895503102961603,7447.209878980361,0.691,0.2825,0.3707250726318866,0.565288364441256,2.2476343278053172,0.009234958526492714,0.20030360964647317,0.7964240860852082,0.0032723042683186062,1.0325155460285413,3.8719935934027396,8811.803717620058,0.815,0.66,0.3707250726318866,0.6667294023438838,2.6509724705663293,0.02157547832738121,0.19966278095971343,0.7938760970495107,0.006461121990775928,1.0339072059639118,3.9450648147038887,5292.221896516164,0.492,0.082,0.3707250726318866,0.4024918600652648,1.6003416632130476,0.002680589731583726,0.2006926091690279,0.7979707810738057,0.0013366097571662905,1.031672942576559,3.7236380453439195,0.07307122130114907,0.14835554805882012,26.2,4.418301291319746,45.3,4.656098202012832,21.3,4.328379603438738,0.23779691069308662,0.08992168788100763,13,8,9.16,default,0.00333,JBA-spring
Min,PFOS,76.1531533397251,0.07240484174235515,0.00426304063751317,0.004694641270848819,0.10559845684018851,NA,3.748187550106413,4.877154802743797e-4,0.10045434759273118,361194.35020381276,0.7025,1.02,0.019091823942014044,21.399036088462754,14.841422545050936,0.043084170390796914,0.5897725093746908,0.4090400605382406,0.0011874300870685817,2.7110946198902144,5.557740948467332,453787.22017433576,0.881,3.22,0.019091823942014044,26.836371236919128,18.612517099202673,0.13601081241016283,0.5887118703383899,0.4083044483340067,0.0029836813276034853,2.71187635244952,5.656852260861568,272453.49706138374,0.53,0.653,0.019091823942014044,16.14446850802172,11.197087471711027,0.027582316926657243,0.5898785826951762,0.40911362828977743,0.0010077890150463327,2.7110165170372644,5.435292386638054,0.09911131239423554,0.12244856182927855,960,5.982271233039568,2790,6.445604203273597,595,5.77451696572855,0.4633329702340294,0.2077542673110182,13,8,9.16,default,0.00333,JBA-spring
Min,PFNA,5.460197539209072,0.024044544107595517,0.0024357689124456156,0.004694641270848819,0.07645269690787573,NA,3.748187550106413,4.877154802743797e-4,0.050266778232904,1693.0479363984384,0.0114,0.0445,0.019091823942014044,0.03734775116819005,0.046395455983465825,0.001360858004960188,0.4388480279932504,0.5451614549561737,0.01599051705057586,2.171764403416643,3.2286692547531155,1998.404365860651,0.0134,0.066,0.019091823942014044,0.043899988215240944,0.05453500966477562,0.0020183511983679196,0.43701866207552187,0.5428889147560582,0.020092423168420054,2.173578571457846,3.3006833698226536,1274.8013653247242,0.00864,0.02,0.019091823942014044,0.02830566404325983,0.03516287190325831,6.116215752630059e-4,0.4417227600234691,0.5487326071460776,0.009544632830453216,2.1689287774566863,3.10544251993558,0.07201411506953814,0.12322673481753554,2.2,3.342422680822206,3.93,3.5943925503754266,1.44,3.1583624920952498,0.2519698695532204,0.1840601887269564,13,8,9.16,default,0.00333,JBA-spring
Min,PFOA,0.7615315333972509,0.007228447338297147,4.1023342768534675e-4,0.004694641270848819,0.020211632515875197,NA,3.748187550106413,4.877154802743797e-4,0.09365335459267421,3007.525178449759,0.276,0.1205,0.0813200325558429,0.16814616257411302,0.11254445872237291,9.742006872651845e-4,0.5969725341981583,0.3995687424852276,0.0034587233166141883,1.0373001897957157,3.4782092718609334,3753.3454400876,0.343,0.332,0.0813200325558429,0.20896425276420566,0.13986503384700694,0.0026841047981082263,0.5944702474247322,0.3978938989671113,0.007635853608156602,1.0391244166111784,3.574418536653949,1991.0211588565107,0.183,0.044,0.0813200325558429,0.11148821648935753,0.07462186937026899,3.557247322794035e-4,0.5979016535817263,0.4001906254738806,0.0019077209443930346,1.0366247856288728,3.299075875359302,0.0962092647930155,0.1791333965016313,3.36,3.526339277389844,5.32,3.7259116322950483,2.85,3.45484486000851,0.1995723549052042,0.07149441738133389,13,8,9.16,default,0.00333,JBA-spring
Phy,PFOA,568.2907983129024,12.720670218844543,0,0.8,0,NA,NA,NA,13.520670218844543,9280.502093202602,0.276,0.1205,0,125.47860826748887,0,0,1,0,0,1.5266623909649104,3.9675714730301284,11533.377601335118,0.343,0.332,0,155.93899505706045,0,0,1,0,0,1.5266623909649104,4.061956511007681,6153.376387884333,0.183,0.044,0,83.19777287300892,0,0,1,0,0,1.5266623909649104,3.78911348069534,0.0943850379775526,0.17845799233478843,NA,NA,NA,NA,NA,NA,NA,NA,13,8,9.16,default,NA,JBA-spring
Phy,PFOS,7546.935109009093,8.253369125873688,0,0.8,0,NA,NA,NA,9.053369125873688,234243.04655499174,0.7025,1.02,0,2120.6887656315553,0,0,1,0,0,2.5230203792532704,5.369666707830388,293762.4541138046,0.881,3.22,0,2659.5399324148048,0,0,1,0,0,2.5230203792532704,5.4679962876653185,176724.29135109697,0.53,0.653,0,1599.950243109928,0,0,1,0,0,2.5230203792532704,5.2472962488540595,0.09832957983493085,0.12237045897632814,NA,NA,NA,NA,NA,NA,NA,NA,13,8,9.16,default,NA,JBA-spring
Phy,PFHxS,1120.5000466351844,14.74031628561924,0,0.8,0,NA,NA,NA,15.540316285619241,45837.18095275145,0.691,0.2825,0,712.3242896469194,0,0,1,0,0,1.8217398527214477,4.661217900095646,54062.6663914507,0.815,0.66,0,840.1509349670613,0,0,1,0,0,1.821739852721448,4.732897461461424,32636.603514838946,0.492,0.082,0,507.1831411089498,0,0,1,0,0,1.8217398527214477,4.513704955488808,0.07167956136577835,0.14751294460683795,NA,NA,NA,NA,NA,NA,NA,NA,13,8,9.16,default,NA,JBA-spring
Phy,PFNA,1780.6078786442436,11.241844239525637,0,0.8,0,NA,NA,NA,12.041844239525638,1011.4196503181481,0.0114,0.0445,0,12.179357889926626,0,0,1,0,0,1.9480265357115236,3.0049313870479963,1188.8616942336128,0.0134,0.066,0,14.316087344299719,0,0,1,0,0,1.9480265357115236,3.0751313340763313,766.549629714807,0.00864,0.02,0,9.23067124289176,0,0,1,0,0,1.9480265357115236,2.884540278190417,0.07019994702833499,0.12039110885757953,NA,NA,NA,NA,NA,NA,NA,NA,13,8,9.16,default,NA,JBA-spring
Phy,PFDA,5292.893234023786,8.682546495324564,0,0.8,0,NA,NA,NA,9.482546495324565,390.72049534831586,0.002,0.02,0,3.7050252638166503,0,0,1,0,0,2.2908361971917772,2.5918661928557585,390.72049534831586,0.002,0.02,0,3.7050252638166503,0,0,1,0,0,2.2908361971917772,2.5918661928557585,390.72049534831586,0.002,0.02,0,3.7050252638166503,0,0,1,0,0,2.2908361971917772,2.5918661928557585,0,0,NA,NA,NA,NA,NA,NA,NA,NA,13,8,9.16,default,NA,JBA-spring
Pum,PFDA,25.001174667746508,0.032644582049569514,0.0033983864521666476,0.0035072226104982244,0.07649910489751273,NA,9.669373229606826,0.0016841572170513954,0.045329501395577454,958.7208634040826,0.002,0.02,0.005779310283343067,0.017500822267422556,0.025345523609041923,6.119928391801018e-4,0.4027034347063624,0.5832142773538138,0.014082287939823857,2.680662182800113,2.9816921784640944,958.7208634040826,0.002,0.02,0.005779310283343067,0.017500822267422556,0.025345523609041923,6.119928391801018e-4,0.4027034347063624,0.5832142773538138,0.014082287939823857,2.680662182800113,2.9816921784640944,958.7208634040826,0.002,0.02,0.005779310283343067,0.017500822267422556,0.025345523609041923,6.119928391801018e-4,0.4027034347063624,0.5832142773538138,0.014082287939823857,2.680662182800113,2.9816921784640944,0,0,3.075,3.4878451201114355,9.29,3.968015713993642,1.2,3.0791812460476247,0.4801705938822063,0.4086638740638109,13,8,9.16,default,0.01431,JBA-spring
Pum,PFHxS,0.5338088645275607,0.001587424877135347,0.0019620851193678486,0.0035072226104982244,0.06567153928124939,NA,9.669373229606826,0.0016841572170513954,0.22960979201534676,6065.634299671188,0.691,0.2825,0.22255305940834533,0.33935297135746084,1.0459551746924132,0.00742088393878118,0.24366044223277597,0.7510112535680635,0.005328304199160427,0.9433981755436613,3.7828762229178596,7194.368874831533,0.815,0.66,0.22255305940834533,0.400249886622765,1.2343103680387377,0.017337286370249838,0.2422970412394793,0.7472075824193093,0.010495376341211336,0.9458350927709873,3.856992701510964,4304.125712960721,0.492,0.082,0.22255305940834533,0.24162324443975508,0.7444921388326372,0.00215402648842498,0.24449127136114954,0.753329134221427,0.0021795944174233836,0.9419198447533847,3.633884947520745,0.07411647859310433,0.14899127539711454,8.6,3.934498451243568,46.2,4.664641975556125,3.78,3.5774917998372255,0.7301435243125574,0.35700665140634236,13,8,9.16,default,0.01431,JBA-spring
Pum,PFNA,3.2778567111686034,0.0144343807534641,0.0025960684290602166,0.0035072226104982244,0.061434665779233295,NA,9.669373229606826,0.0016841572170513954,0.03199884380875975,2272.960354973581,0.0114,0.0445,0.011461172015737205,0.022420539904393248,0.04921802642703913,0.0010935370508703527,0.3082619484623435,0.6767029157445613,0.015035135793095096,2.2996870094802877,3.35659186081676,2687.9092326834975,0.0134,0.066,0.011461172015737205,0.02635396795779557,0.058034144574395194,0.0016218751765717592,0.30640590307991267,0.6747372731978984,0.018856823722188786,2.3023098006857805,3.429414599050588,1706.4413898584328,0.00864,0.02,0.011461172015737205,0.01699240919069804,0.03712026498595099,4.914773262338663e-4,0.31119262405901327,0.6798066440789063,0.009000731862080454,2.295577633934071,3.232091376412965,0.07282273823382823,0.12450048440379513,0.167718865,2.2245819147504617,3.67,3.5646660642520893,0,-Inf,1.3400841495016276,Inf,13,8,9.16,default,0.01431,JBA-spring
Pum,PFOA,0.4571613443630609,0.004339369491492474,5.803267843259836e-4,0.0035072226104982244,0.01624134842439501,NA,9.669373229606826,0.0016841572170513954,0.05724482566560701,2818.9008101922304,0.276,0.1205,0.048817906779290335,0.10094122483536386,0.05964342761867289,7.828329940558395e-4,0.6255363312817676,0.36961242503749936,0.004851243680733037,1.0091707123789064,3.4500797944441244,3525.4653213774354,0.343,0.332,0.048817906779290335,0.12544507289322393,0.0742127237484109,0.0021568510707596577,0.6215855703001071,0.3677271426510689,0.01068728704882403,1.011922327006458,3.5472164470492284,1864.6681230817,0.183,0.044,0.048817906779290335,0.06692842081475212,0.0395283330830051,2.8584773226935224e-4,0.6270075845324462,0.3703144993599803,0.002677916107573526,1.0081504567949795,3.270601546525409,0.09713665260510407,0.17947824791871536,0.369,2.56702636615906,2.84,3.4533183400470375,0.088880111,1.9488045883119447,0.8862919738879773,0.6182217778471155,13,8,9.16,default,0.01431,JBA-spring
Pum,PFOS,45.71613443630609,0.043465954248361846,0.003877778888475795,0.0035072226104982244,0.08485516097093333,NA,9.669373229606826,0.0016841572170513954,0.062312127763073065,447716.4153958608,0.7025,1.02,0.011461172015737204,12.846233776602013,15.017307795493817,0.034620905676140803,0.4604688135585032,0.5382902120331025,0.0012409744083942882,2.804356689382708,5.651003017959826,562930.0676949939,0.881,3.22,0.011461172015737204,16.110365775354268,18.857711077201,0.10929344733056215,0.45928088786652005,0.5376033298956385,0.0031157822378411835,2.805478537770404,5.750454446182452,337691.73146786063,0.53,0.653,0.011461172015737204,9.691820500496892,11.32830564721619,0.02216416804560779,0.4605877190677591,0.5383589655510245,0.0010533153812163174,2.804244557271387,5.528520426872176,0.09945142822262643,0.1224825910876497,595,5.77451696572855,3330,6.52244423350632,115,5.060697840353612,0.7479272677777704,0.713819125374938,13,8,9.16,default,0.01431,JBA-spring
Swa,PFDA,48.61714653574533,0.06348047442544967,0.004270800612132291,0.005128714269782777,0.10172793591440416,NA,2.8119106374728378,3.3491966593357677e-4,0.08411840424805582,742.5890137450899,0.002,0.02,0.01123841494069108,0.03403200257502173,0.0278230326578664,6.10367615486425e-4,0.5448136251939227,0.4454150840170304,0.009771290789046878,2.5697185240912566,2.870748519755238,742.5890137450899,0.002,0.02,0.01123841494069108,0.03403200257502173,0.0278230326578664,6.10367615486425e-4,0.5448136251939227,0.4454150840170304,0.009771290789046878,2.5697185240912566,2.870748519755238,742.5890137450899,0.002,0.02,0.01123841494069108,0.03403200257502173,0.0278230326578664,6.10367615486425e-4,0.5448136251939227,0.4454150840170304,0.009771290789046878,2.5697185240912566,2.870748519755238,0,0,13.5,4.1303337684950066,32.1,4.506505032404872,7.9,3.8976270912904414,0.37617126390986577,0.23270667720456517,13,8,9.16,default,0.00214,JBA-spring
Swa,PFHxS,1.0380417773848327,0.003086897671481809,0.001110797507757139,0.005128714269782777,0.08732952036959618,NA,2.8119106374728378,3.3491966593357677e-4,0.44210186280371866,7847.427723912202,0.691,0.2825,0.4327754533546969,0.6599039187190858,2.8020573193887213,0.0074011768513232755,0.1902089893732995,0.8076577146587121,0.0021332959679885343,1.0552492770933701,3.894727324467569,9275.01560798366,0.815,0.66,0.4327754533546969,0.7783237246831476,3.3048867081068134,0.017291245033180046,0.1898118293409262,0.8059713097986828,0.0042168608603910035,1.0561570403778857,3.967314649117862,5580.398989231096,0.492,0.082,0.4327754533546969,0.46985923011547065,1.9950972520104933,0.002148306201092066,0.19044964459498384,0.8086795751239123,8.707802811038411e-4,1.0547001486122762,3.7466652513796364,0.07258732465029327,0.1480620730879325,58.75,4.769007870943774,143,5.155336037465061,30.7,4.487138375477186,0.3863281665212872,0.2818694954665881,13,8,9.16,default,0.00214,JBA-spring
Swa,PFNA,6.374102103916232,0.02806901729898435,0.003036598980992657,0.005128714269782777,0.08169535776510611,NA,2.8119106374728378,3.3491966593357677e-4,0.0585216625157783,1751.9887531849856,0.0114,0.0445,0.02228733196601852,0.043598858390787025,0.05783980312837973,0.0010906330261641665,0.42523318417558037,0.5641295337578591,0.010637282066560682,2.1866264625701457,3.2435313139066184,2065.089760175621,0.0134,0.066,0.02228733196601852,0.051247780915486506,0.06798713701055163,0.0016175680837491012,0.42405235181787,0.5625629993663986,0.013384648815731457,2.1878341348681745,3.314938933232982,1322.0745361329207,0.00864,0.02,0.02228733196601852,0.03304334530670175,0.04383648237098254,4.901721465906366e-4,0.4270821427135943,0.5665824282091932,0.006335429077212491,2.1847421980857917,3.1212559405646854,0.07140761932636375,0.12227537334193306,5.75,3.7596678446896306,16.1,4.20682587603185,1.04,3.0170333392987803,0.44715803134221943,0.7426345053908503,13,8,9.16,default,0.00214,JBA-spring
Swa,PFOA,0.8889934318986381,0.00843831400901324,5.11425530604912e-4,0.005128714269782777,0.021597623317211965,NA,2.8119106374728378,3.3491966593357677e-4,0.10900948641079988,3094.9256513075593,0.276,0.1205,0.09493103260139896,0.1962897497632193,0.14030575188251088,7.807540829172124e-4,0.5818125799614531,0.41587322610918764,0.0023141939293593173,1.0497411384590292,3.490650220524247,3857.062502955602,0.343,0.332,0.09493103260139896,0.24393979771298632,0.17436548150616388,0.002151123282394312,0.5801785779967764,0.4147052594960149,0.005116162507208842,1.050962556538797,3.5862566765815673,2049.9366446312815,0.183,0.044,0.09493103260139896,0.13014863842996063,0.09302881374818654,2.850886277871979e-4,0.582418144717096,0.4163060771289504,0.0012757781539536983,1.0492893492218045,3.311740438952234,0.09560645605732043,0.17890978157201287,2.76,3.4409090820652177,8.3,3.9190780923760737,0.898,2.9532763366673045,0.478169010310856,0.48763274539791324,13,8,9.16,default,0.00214,JBA-spring
Swa,PFOS,88.8993431898638,0.08452365519188154,0.005314603035476507,0.005128714269782777,0.11283975660659291,NA,2.8119106374728378,3.3491966593357677e-4,0.11725430446315935,371138.5646194575,0.7025,1.02,0.02228733196601852,24.98071543635173,18.502349852036456,0.03452896552161743,0.5740371420947139,0.4251694095055387,7.934483997473091e-4,2.7228897552010447,5.5695360837781624,466002.42669818405,0.881,3.22,0.02228733196601852,31.328128540108008,23.20365867564999,0.10900320488196875,0.5733469135225786,0.4246581811321136,0.0019949053453076323,2.7234122698635455,5.668388178275594,279971.25078385463,0.53,0.653,0.02228733196601852,18.846660756251126,13.959068215771277,0.02210530831923155,0.5741061257744047,0.42522050332544836,6.733709001470415e-4,2.722837567930857,5.447113437531646,0.09885209449743115,0.12242264624651611,1170,6.068185861746161,4620,6.664641975556125,680,5.832508912706237,0.596456113809964,0.23567694903992464,13,8,9.16,default,0.00214,JBA-spring
Bas,PFOA,0.6426742398573978,0.006100255465148306,1.944280296382153e-4,0.00348227471044227,0.028737598795928142,NA,14.087088162865184,0.0030882506532145964,0.07840483218814724,2755.541697412268,0.3,0.16649999999999998,0.06862787398291845,0.15424181756577546,0.05797811864765818,0.003827848159617628,0.713924551521644,0.26835784877824503,0.017717599700111043,0.963085732523171,3.440206987242833,6689.634179830651,0.729,0.383,0.06862787398291845,0.3748076166848344,0.14088682831380941,0.008805200271072382,0.71460032445226,0.26861186577420937,0.016787809773530806,0.9626748408661695,3.825402369184144,1995.258382504145,0.219,0.066,0.06862787398291845,0.1125965268230161,0.042324026612790486,0.0015173452164250062,0.7197522326308103,0.27054842194523904,0.009699345423950831,0.9595550292075566,3.299999144047675,0.385195381941311,0.14020784319515833,0.7455,2.8724476477890133,0.957,2.9809119377768436,0.534,2.727541257028556,0.10846428998783031,0.14490639076045708,20.2,8,6.4350000000000005,default,0.01483,JBA-summer
Bas,PFOS,64.26742398573978,0.06110413632010377,0.0020204462520179286,0.00348227471044227,0.15014354153524775,NA,14.087088162865184,0.0030882506532145964,0.08271889322766596,407467.9262470106,0.9395,1.22,0.01611203594510199,24.15169793384101,9.407057854545524,0.1465400965384018,0.7165549893494073,0.2790973230634932,0.004347687587099434,2.6371966445850954,5.6100934290216395,827610.8002902344,1.91,1.95,0.01611203594510199,49.100311925105196,19.124513573370884,0.2342239247949865,0.7172216432852584,0.27935698398508507,0.0034213727296565047,2.6367927823098243,5.917826149557552,313965.136260583,0.725,0.616,0.01611203594510199,18.637552955864535,7.259304890415651,0.0739907372685701,0.7176335765813405,0.27951743151796976,0.0028489919006897436,2.636543418666944,5.496881425237937,0.3077327205359124,0.11321200378370211,1680,6.225309281725863,1690,6.227886704613674,1670,6.222716471147583,0.0025774228878105987,0.0025928105782799804,20.2,8,6.4350000000000005,default,0.01483,JBA-summer
Bas,PFDA,35.14647754726984,0.045891526509966946,0.0016236251385659502,0.00348227471044227,0.13535825519821226,NA,14.087088162865184,0.0030882506532145964,0.05912194057927165,631.672690450551,0.002,0.02,0.008124514220296487,0.024602534283088888,0.01057744890410585,0.002165732083171396,0.6587779643522058,0.28323058823562197,0.057991447412172256,2.499462105477641,2.8004921011416224,631.672690450551,0.002,0.02,0.008124514220296487,0.024602534283088888,0.01057744890410585,0.002165732083171396,0.6587779643522058,0.28323058823562197,0.057991447412172256,2.499462105477641,2.8004921011416224,631.672690450551,0.002,0.02,0.008124514220296487,0.024602534283088888,0.01057744890410585,0.002165732083171396,0.6587779643522058,0.28323058823562197,0.057991447412172256,2.499462105477641,2.8004921011416224,0,0,10.015,4.000650953629595,10.1,4.004321373782642,9.93,3.996949248495381,0.0036704201530470826,0.003701705134214084,20.2,8,6.4350000000000005,default,0.01483,JBA-summer
Bas,PFHxS,0.75042479087414,0.002231590856976479,4.2229055421776074e-4,0.00348227471044227,0.11619985600092685,NA,14.087088162865184,0.0030882506532145964,0.31899969991594324,6114.21018046777,0.8585,0.3685,0.3128635437943067,0.5927005083282133,1.3234749869149374,0.034255717549073236,0.3038817798038144,0.6785550693788681,0.017563150817317463,0.8526000643416833,3.786340363838619,14997.750805168629,2.12,0.564,0.3128635437943067,1.463628512120923,3.268220119114347,0.05242937502761819,0.3059246369472993,0.6831166823575185,0.010958680695182263,0.849690272383859,4.17602613331261,4734.538338945587,0.67,0.16,0.3128635437943067,0.46256184109481996,1.0328808867012322,0.014873581568118636,0.3062681891381774,0.6838838197649242,0.009847991096898288,0.8492028349946924,3.675277637695519,0.38968576947399125,0.11106272614309987,36.55,4.562887381293879,42.9,4.632457292184724,30.2,4.480006942957151,0.06956991089084497,0.08288043833672809,20.2,8,6.4350000000000005,default,0.01483,JBA-summer
Bas,PFNA,4.60798817788665,0.02029175211974539,0.0011544201869967106,0.00348227471044227,0.10870309109764123,NA,14.087088162865184,0.0030882506532145964,0.041040482962286365,1528.949881606851,0.012600000000000002,0.041499999999999995,0.016112035945101993,0.03483639062482308,0.02430350831701095,0.003608942624441689,0.5551718526632666,0.3873140556920312,0.05751409164470234,2.084022704520836,3.184393249638399,2885.4802168770116,0.0241,0.061,0.016112035945101993,0.06663150905224095,0.04648528178094951,0.005304710845564892,0.5626639428453942,0.3925408909865978,0.04479516616800807,2.078201058516321,3.4602181010911894,1115.1335307596698,0.009380000000000001,0.02,0.016112035945101993,0.025933757465146066,0.01809261174710815,0.0017392494575622598,0.5666646320734653,0.39533196038799895,0.03800340753853584,2.0751240363592562,3.047326874738321,0.27582485145279056,0.137066374900078,1.4849999999999999,3.171726453653231,1.8,3.255272505103306,1.17,3.0681858617461617,0.08354605145007499,0.10354059190706932,20.2,8,6.4350000000000005,default,0.01483,JBA-summer
Dac,PFNA,6.313929085246878,0.027804039193138747,0.0026425151387602253,0.004168960656741118,0.12441291615094016,NA,7.848483278507251,0.0014371836865712054,0.05669244931423529,1868.7955829575885,0.012600000000000002,0.041499999999999995,0.022076934325595196,0.0477333038844664,0.05563172697089148,0.002581568010132008,0.450541163148321,0.5250921461058101,0.024366690745868815,2.1711912538274714,3.2715617989450343,3554.2779827925506,0.0241,0.061,0.022076934325595196,0.09129941457266985,0.10640671587289557,0.003794593942603675,0.45309720275144777,0.5280711332228993,0.018831664025652856,2.168734348725504,3.550751391300373,1379.2604319879856,0.009380000000000001,0.02,0.022076934325595196,0.03553479289176943,0.04141473007833032,0.0012441291615094016,0.4544460058210375,0.5296431225468845,0.01591087163207808,2.167443439034243,3.139646277413308,0.2791895923553387,0.13191552153172648,2.06,3.3138672203691533,9.73,3.988112840268352,0.1235,2.0916669575956846,0.6742456198991986,1.2222002627734687,20.2,8,6.4350000000000005,default,0.006030000000000001,JBA-summer
Dac,PFOA,0.8806011254211965,0.008358654345875705,4.450537313063892e-4,0.004168960656741118,0.03289077093645545,NA,7.848483278507251,0.0014371836865712054,0.1070075301250249,3240.862741514126,0.3,0.16649999999999998,0.09403486139110168,0.21134427010108717,0.13271429066209653,0.0027381566804599157,0.6094183118542112,0.38268612125391105,0.00789556689187775,1.03353938326555,3.5106606379852123,7871.977647784923,0.729,0.383,0.09403486139110168,0.5135665763456418,0.32249572630889467,0.006298582634331218,0.6096752417101209,0.38284746115473106,0.00747729713514804,1.0333563239425247,3.8960838522604995,2357.293402654064,0.219,0.066,0.09403486139110168,0.15428131717379365,0.0968814321833305,0.0010853954409030299,0.6116251808207562,0.38407193147407526,0.00430288770516864,1.0319695259037165,3.3724136407438348,0.38542321427528714,0.13824699724137757,2.09,3.3201462861110542,5.39,3.7315887651867388,1.17,3.0681858617461617,0.41144247907568454,0.2519604243648925,20.2,8,6.4350000000000005,default,0.006030000000000001,JBA-summer
Dac,PFDA,48.15818927110585,0.06288120385989109,0.0037165445101008244,0.004168960656741118,0.15492029788910172,NA,7.848483278507251,0.0014371836865712054,0.08189903069483209,726.1642680798327,0.002,0.02,0.01113232166809906,0.03371073248977409,0.024212214212295396,0.0015492029788910172,0.5668322512405548,0.40711853097932876,0.02604921778011635,2.5600048793761987,2.86103487504018,726.1642680798327,0.002,0.02,0.01113232166809906,0.03371073248977409,0.024212214212295396,0.0015492029788910172,0.5668322512405548,0.40711853097932876,0.02604921778011635,2.5600048793761987,2.86103487504018,726.1642680798327,0.002,0.02,0.01113232166809906,0.03371073248977409,0.024212214212295396,0.0015492029788910172,0.5668322512405548,0.40711853097932876,0.02604921778011635,2.5600048793761987,2.86103487504018,0,0,6.13,3.787460474518415,11.1,4.045322978786658,4.53,3.656098202012832,0.25786250426824253,0.1313622725055832,20.2,8,6.4350000000000005,default,0.006030000000000001,JBA-summer
Dac,PFHxS,1.02824241957226,0.003057756633546075,9.666403923332105e-4,0.004168960656741118,0.1329931172647981,NA,7.848483278507251,0.0014371836865712054,0.43688330926627555,8849.317047890332,0.8585,0.3685,0.42868995158365514,0.8121264278265624,3.0294885069461954,0.02450398185603905,0.2100624541923624,0.7835994112638078,0.00633813454382986,1.0131694555198074,3.9469097550167427,21800.04985416242,2.12,0.564,0.42868995158365514,2.005484015133736,7.481089848253855,0.03750405906867306,0.21056988733839765,0.7854922974343408,0.00393781522726147,1.0121216258576369,4.338457486786388,6886.861343327796,0.67,0.16,0.42868995158365514,0.6338086274243411,2.3643066973255107,0.010639449381183847,0.21065479741777648,0.7858090388932913,0.003536163688932292,1.0119465365014515,3.838021339202278,0.3915477317696454,0.10888841581446451,49.1,4.691081492122969,90.1,4.954724790979063,19.9,4.298853076409706,0.2636432988560946,0.3922284157132623,20.2,8,6.4350000000000005,default,0.006030000000000001,JBA-summer
Dac,PFOS,88.06011254211965,0.08372573206499309,0.004624884308285183,0.004168960656741118,0.1718423611969882,NA,7.848483278507251,0.0014371836865712054,0.11459651135561459,477597.0454994646,0.9395,1.22,0.022076934325595196,33.09299029332857,21.53314111432864,0.1048238403301628,0.6046485054642912,0.39343623762387153,0.0019152569118372458,2.7061648470699273,5.679061631506472,970555.4439207476,1.91,1.95,0.022076934325595196,67.27792598217941,43.77679566617105,0.16754630216706348,0.6048961887030677,0.3935974016070884,0.0015064096898438032,2.7059869826786684,5.987020349926396,368311.44428110844,0.725,0.616,0.022076934325595196,25.5374326372147,16.616846522499483,0.05292744724867236,0.6050491063059794,0.39369690293027426,0.0012539907637465165,2.7058772070189625,5.566215213589956,0.3079587184199237,0.11284641791651584,708,5.850033257689769,1020,6.008600171761918,560,5.748188027006201,0.15856691407214907,0.10184523068356821,20.2,8,6.4350000000000005,default,0.006030000000000001,JBA-summer
Dar,PFHxS,1.2164898357894263,0.003617561184233062,0.0019428712077473513,0.004589332171921534,0.14292902716962244,NA,5.7436798575880506,9.554216332306301e-4,0.517322935870641,6883.797369183072,0.8585,0.3685,0.5071731713067391,0.9608080021032047,2.589804393558776,0.010533869302401175,0.2698030158311441,0.7272389845477686,0.0029579996210873224,0.9040877784948971,3.8378280779918326,16979.18213874117,2.12,0.564,0.5071731713067391,2.372641775723697,6.3949561827075,0.01612239426473341,0.2701180912476884,0.7280464229197298,0.0018354858325817563,0.9035809061814157,4.229916767110167,5365.016642741754,0.67,0.16,0.5071731713067391,0.7498443347806024,2.0210280969679846,0.0045737288694279185,0.2701707370225596,0.7281813373450406,0.0016479256323997564,0.903496270821963,3.7295710735227896,0.39208868911833417,0.10825700446904296,44.4,4.64738297011462,44.4,4.64738297011462,44.4,4.64738297011462,0,0,20.2,8,6.4350000000000005,default,0.00373,JBA-summer
Dar,PFOS,104.18188338361325,0.09905397804290382,0.0052984332384953745,0.004589332171921534,0.18468069639659096,NA,5.7436798575880506,9.554216332306301e-4,0.1350604540815491,489345.368386935,0.9395,1.22,0.026118710628228372,39.15155177556186,26.894593791559725,0.04506208992076819,0.5923866905069342,0.40693149278070384,6.818167123621413e-4,2.716718697676762,5.6896154821133065,994665.878769501,1.91,1.95,0.026118710628228372,79.59495890508053,54.673040869356655,0.07202547159467047,0.5924887892443776,0.40697506770024666,5.361430553758064e-4,2.7166438528189714,5.9976772200666995,377516.2713743075,0.725,0.616,0.026118710628228372,30.21274618124784,20.752020191943387,0.022752661796060007,0.5925517999908185,0.40700196017977447,4.4623982940702187e-4,2.716597668376423,5.576935674947417,0.308061737953393,0.11267980716588966,662,5.8208579894397,662,5.8208579894397,662,5.8208579894397,0,0,20.2,8,6.4350000000000005,default,0.00373,JBA-summer
Dar,PFDA,56.97484041039085,0.0743932986051882,0.004462545470199483,0.004589332171921534,0.16649438648791143,NA,5.7436798575880506,9.554216332306301e-4,0.0966155686569264,755.9697573805192,0.002,0.02,0.013170392409617182,0.03988238828727359,0.03249008216353231,6.659775459516458e-4,0.5460464916922129,0.444835330632637,0.009118177675150094,2.5774744262056477,2.878504421869629,755.9697573805192,0.002,0.02,0.013170392409617182,0.03988238828727359,0.03249008216353231,6.659775459516458e-4,0.5460464916922129,0.444835330632637,0.009118177675150094,2.5774744262056477,2.878504421869629,755.9697573805192,0.002,0.02,0.013170392409617182,0.03988238828727359,0.03249008216353231,6.659775459516458e-4,0.5460464916922129,0.444835330632637,0.009118177675150094,2.5774744262056477,2.878504421869629,0,0,3.97,3.598790506763115,3.97,3.598790506763115,3.97,3.598790506763115,0,0,20.2,8,6.4350000000000005,default,0.00373,JBA-summer
Dar,PFNA,7.469863535967731,0.0328943159983755,0.003303349395212082,0.004589332171921534,0.13370779961029194,NA,5.7436798575880506,9.554216332306301e-4,0.06690570819373749,1942.8175305515724,0.012600000000000002,0.041499999999999995,0.02611871062822838,0.05647216833191605,0.07240363970407972,0.0011097747367654232,0.43444947606720224,0.5570128483453018,0.00853767558749584,2.1880614684540056,3.2884320135715686,3706.7128052141193,0.0241,0.061,0.02611871062822838,0.10801422673009338,0.13835478341830706,0.0016312351552455618,0.4355408060094583,0.5578816393867212,0.006577554603820305,2.186971895776648,3.5689889383515165,1440.7997489380323,0.009380000000000001,0.02,0.02611871062822838,0.04204039198042639,0.05382250438919067,5.348311984411678e-4,0.4361139317391611,0.5583378959964713,0.005548172264367633,2.1864007857558185,3.1586036241348827,0.280556924779948,0.12982838943668584,2.69,3.429752280002408,2.69,3.429752280002408,2.69,3.429752280002408,0,0,20.2,8,6.4350000000000005,default,0.00373,JBA-summer
Dar,PFOA,1.0418188338361327,0.009888930722061439,6.601639619717464e-4,0.004589332171921534,0.03534803897743351,NA,5.7436798575880506,9.554216332306301e-4,0.1263888974791459,2932.3372879394733,0.3,0.16649999999999998,0.11125047062319118,0.25003652012067185,0.1194012670410384,0.0011770896979485356,0.6746532201818587,0.3221707343557399,0.0031760454624012993,0.9900926682296952,3.4672139229493575,7124.326202233143,0.729,0.383,0.11125047062319118,0.6075887438932327,0.2901393303031333,0.0027076597856714067,0.6747719142667358,0.3222210307225782,0.003007055010685994,0.990016268013168,3.8527437963311426,2137.382301818717,0.219,0.066,0.11125047062319118,0.18252665968809048,0.08714813881571414,4.665941145021224e-4,0.6756708326664678,0.32260194548878013,0.0017272218447522086,0.9894380941376282,3.3298822089777467,0.3855298733817851,0.1373317139716108,3.7,3.568201724066995,3.7,3.568201724066995,3.7,3.568201724066995,0,0,20.2,8,6.4350000000000005,default,0.00373,JBA-summer
Fal,PFDA,53.14681213395151,0.06939495813442983,0.0071791102170256065,0.004410511712518779,0.16160478312079737,NA,6.535621492148091,0.0011312334818455816,0.09327007952448149,1010.1070699648071,0.002,0.02,0.012285499460507282,0.03720276849376605,0.05636357911760932,6.464191324831895e-4,0.3948803307614484,0.5982584002744351,0.00686126896411656,2.7033374151784075,3.004367410842389,1010.1070699648071,0.002,0.02,0.012285499460507282,0.03720276849376605,0.05636357911760932,6.464191324831895e-4,0.3948803307614484,0.5982584002744351,0.00686126896411656,2.7033374151784075,3.004367410842389,1010.1070699648071,0.002,0.02,0.012285499460507282,0.03720276849376605,0.05636357911760932,6.464191324831895e-4,0.3948803307614484,0.5982584002744351,0.00686126896411656,2.7033374151784075,3.004367410842389,0,0,8.43,3.9258275746247424,13,4.113943352306837,4.62,3.6646419755561257,0.18811577768209453,0.2611855990686167,20.2,8,6.4350000000000005,default,0.00455,JBA-summer
Fal,PFOA,0.9718210606765181,0.009224512776260628,0.001225943548566143,0.004410511712518779,0.03430993857026159,NA,6.535621492148091,0.0011312334818455816,0.11863673677027761,3151.846659694918,0.3,0.16649999999999998,0.10377576873293207,0.23323705456236432,0.13954522698975075,0.0011425209543897109,0.6237539018511802,0.373190614942755,0.0030554832060647693,1.021443825776702,3.4985650804963644,7657.526988974516,0.729,0.383,0.10377576873293207,0.5667660425865454,0.3390698298212388,0.0026281412944820382,0.6238728601662513,0.37323418947485487,0.0028929503588937615,1.0213610078354054,3.88408853615338,2297.0917481064243,0.219,0.066,0.10377576873293207,0.17026304983052598,0.10180352803762528,4.528911891274531e-4,0.6247738938414699,0.3735642388772892,0.0016618672812409726,1.0207342268505961,3.3611783416907146,0.38552345565701573,0.13738673880564978,1.955,3.2911467617318855,2.14,3.330413773349191,1.69,3.2278867046136734,0.0392670116173055,0.06326005711821203,20.2,8,6.4350000000000005,default,0.00455,JBA-summer
Fal,PFOS,97.1821060676518,0.09239873467388712,0.008191829395939937,0.004410511712518779,0.1792569978924537,NA,6.535621492148091,0.0011312334818455816,0.12936492124361954,624644.3804201566,0.9395,1.22,0.024363845461273723,36.52103546022355,44.242296910613774,0.0437387074857587,0.4519534611621446,0.5475052655692899,5.412732685653772e-4,2.8227360527852947,5.795632837221839,1269632.146629906,1.91,1.95,0.024363845461273723,74.24712903568597,89.92882339228134,0.06991022917805695,0.45204870207703773,0.5475256541469361,4.2564377602613275e-4,2.822644542818561,6.103677910066289,481865.773310335,0.725,0.616,0.024363845461273723,28.18281075961902,34.13163259252793,0.022084462140350297,0.4521074841316334,0.5475382378404638,3.542780279027447e-4,2.822588073101556,5.68292607967255,0.3080450728444504,0.11270675754928927,758.5,5.879955585122749,844,5.926342446625655,556,5.7450747915820575,0.046386861502905496,0.1348807935406917,20.2,8,6.4350000000000005,default,0.00455,JBA-summer
Fal,PFHxS,1.134756259076262,0.0033745043120199025,0.004144915690252666,0.004410511712518779,0.138731490740623,NA,6.535621492148091,0.0011312334818455816,0.48502712796255465,7623.263730019639,0.8585,0.3685,0.4730971962477633,0.8962531885436135,2.79101201326134,0.010224510867583915,0.24239504587987176,0.7548396966989809,0.002765257421147404,0.9484006451335188,3.882140944630454,18801.962093479455,2.12,0.564,0.4730971962477633,2.2132286077023418,6.890584154403277,0.015648912155542274,0.24269290082647915,0.755591108393088,0.001715990780432784,0.9478673118406413,4.2742031727693925,5940.911155360515,0.67,0.16,0.4730971962477633,0.699463758094608,2.177599909366905,0.004439407703699936,0.2427426727818098,0.75571667028051,0.0015406569376801376,0.947778254973759,3.7738530576745855,0.39206222813893854,0.10828788695586855,17,4.230448921378274,29.3,4.466867620354109,13.8,4.139879086401237,0.236418698975835,0.09056983497703719,20.2,8,6.4350000000000005,default,0.00455,JBA-summer
Fal,PFNA,6.967977990859426,0.03068421113684529,0.005484208946066585,0.004410511712518779,0.12978107198316344,NA,6.535621492148091,0.0011312334818455816,0.06494277725670439,2715.287911596429,0.012600000000000002,0.041499999999999995,0.024363845461273726,0.05267791361089726,0.12258324152227139,0.0010771828974602566,0.29873205225370464,0.6951593334228852,0.006108614323410241,2.3334453410313314,3.4338158861488943,5177.349725044765,0.0241,0.061,0.024363845461273726,0.10075696174782729,0.23389117914762,0.001583329078194594,0.29966547080118916,0.6956254843306469,0.004709044868163934,2.3320904595766248,3.714107502151493,2011.7906840385617,0.009380000000000001,0.02,0.024363845461273726,0.03921578013255685,0.09091636986013978,5.191242879326538e-4,0.30015612437368394,0.6958705176105526,0.003973358015763499,2.3313799543587326,3.303582792737797,0.2802916160025988,0.13023309341109712,0.11649999999999999,2.0663259253620376,2.46,3.3909351071033793,0.1065,2.0273496077747564,1.3246091817413417,0.03897631758728126,20.2,8,6.4350000000000005,default,0.00455,JBA-summer
Mad,PFHxS,0.9058896828557584,0.0026939077150361463,0.0037634809918827006,0.0038778203076068763,0.12596476439935947,NA,9.930385637380844,0.0019549370245491985,0.3880144380480024,8399.025892140804,0.8585,0.3685,0.37767922903347667,0.7154897893131352,2.5341699192402682,0.009283603136232794,0.21954655877158583,0.7776047868492684,0.00284865437914586,0.9904886205888216,3.9242289200857567,20714.528543428176,2.12,0.564,0.37767922903347667,1.7668472374418713,6.256480089341471,0.014208825424247748,0.2198244840188481,0.778407707394643,0.0017678085865088335,0.9899391924034796,4.316275053332231,6545.189857104763,0.67,0.16,0.37767922903347667,0.5583904005122896,1.9772068913489205,0.004030872460779503,0.21987092770384536,0.7785418822825113,0.0015871900136434477,0.9898474460006254,3.815922248701452,0.3920461332464744,0.10830667138430483,42.6,4.629409599102719,62.6,4.79657433321043,21.6,4.334453751150931,0.16716473410771027,0.29495584795178864,20.2,8,6.4350000000000005,default,0.00866,JBA-summer
Mad,PFNA,5.56262133105479,0.024495577859216577,0.004979526163239402,0.0038778203076068763,0.1178380054058524,NA,9.930385637380844,0.0019549370245491985,0.05280287762313976,2922.8336204314137,0.012600000000000002,0.041499999999999995,0.019449953293076902,0.042053417262774215,0.11130255326479564,9.78055444868575e-4,0.2724831222266196,0.7211796139152911,0.006337263858089466,2.36543354913652,3.465804094254083,5572.433750854763,0.0241,0.061,0.019449953293076902,0.08043550444705226,0.21236740929643405,0.0014376236659513993,0.2733664951648919,0.7217476258239813,0.004885879011126655,2.364027871399437,3.746044913974306,2165.177478252336,0.009380000000000001,0.02,0.019449953293076902,0.03130643285117636,0.08254981654373669,4.7135202162340963e-4,0.2738309250197229,0.7220462558553826,0.004122819124894479,2.363290662618195,3.3354935009972597,0.28024081972022286,0.13031059325682337,0.25,2.3979400086720375,0.617,2.7902851640332416,0.2225,2.3473300153169503,0.39234515536120407,0.0506099933550872,20.2,8,6.4350000000000005,default,0.00866,JBA-summer
Mad,PFDA,42.42774464007982,0.055398836634187223,0.00651845462235681,0.0038778203076068763,0.1467331484938775,NA,9.930385637380844,0.0019549370245491985,0.07560277477022412,1077.5145584540644,0.002,0.02,0.009807663206073208,0.029699421248055875,0.05117673663240875,5.8693259397551e-4,0.3645751846030733,0.6282199255436542,0.0072048898532724595,2.7313931510235925,3.0324231466875737,1077.5145584540644,0.002,0.02,0.009807663206073208,0.029699421248055875,0.05117673663240875,5.8693259397551e-4,0.3645751846030733,0.6282199255436542,0.0072048898532724595,2.7313931510235925,3.0324231466875737,1077.5145584540644,0.002,0.02,0.009807663206073208,0.029699421248055875,0.05117673663240875,5.8693259397551e-4,0.3645751846030733,0.6282199255436542,0.0072048898532724595,2.7313931510235925,3.0324231466875737,0,0,5.78,3.761927838420529,7.47,3.873320601815399,3.96,3.597695185925512,0.11139276339486992,0.16423265249501684,20.2,8,6.4350000000000005,default,0.00866,JBA-summer
Mad,PFOA,0.7758165380514834,0.0073640404153294346,0.0011131264389767736,0.0038778203076068763,0.031152576141777067,NA,9.930385637380844,0.0019549370245491985,0.09520044183436924,3297.64190867452,0.3,0.16649999999999998,0.08284545467245615,0.186195969132356,0.12670361679946981,0.0010373807855211762,0.5930998540225989,0.4035957221742139,0.0033044238031871586,1.0410822390599785,3.518203493779641,8011.617403330074,0.729,0.383,0.08284545467245615,0.4524562049916252,0.30786702428085977,0.002386287332460123,0.5932221837294585,0.40364911880380183,0.003128697466739661,1.0409926729638266,3.9037202012818013,2403.028327616549,0.219,0.066,0.08284545467245615,0.13592305746661992,0.09243508705790952,4.1121400507145733e-4,0.5941488770185652,0.40405361824690855,0.0017975047345261037,1.0403147755871858,3.380758890427304,0.3855167075021604,0.13744460335233688,0.823,2.91539983521227,1.31,3.1172712956557644,0.684,2.835056101720116,0.20187146044349458,0.08034373349215373,20.2,8,6.4350000000000005,default,0.00866,JBA-summer
Mad,PFOS,77.58165380514835,0.07376303041336711,0.007437978604212955,0.0038778203076068763,0.16276092317551644,NA,9.930385637380844,0.0019549370245491985,0.10452878261826384,663604.8888402387,0.9395,1.22,0.019449953293076902,29.155185499974753,40.17091200476887,0.03971366525482601,0.42031059693834766,0.5791168780008915,5.725250607608067e-4,2.849012792416257,5.821909576852802,1348805.6159933938,1.91,1.95,0.019449953293076902,59.27238350713334,81.65314876129514,0.06347676003845142,0.4204042848131923,0.5791454903042028,4.502248826051037e-4,2.848915998299446,6.129949365547174,511910.7783550998,0.725,0.616,0.019449953293076902,22.49867960349302,30.990678721398226,0.020052145735223625,0.42046210947966767,0.5791631499735975,3.747405467348791e-4,2.848856267208328,5.709194273779322,0.308039788694372,0.11271530307347977,493,5.69284691927723,792,5.898725181589493,342,5.534026106056135,0.2058782623122637,0.15882081322109443,20.2,8,6.4350000000000005,default,0.00866,JBA-summer
Min,PFDA,59.282393091556145,0.07740632074655122,0.006094127823094693,0.004694641270848819,0.16935159261731908,NA,5.335415378240053,8.676012360241116e-4,0.10189889970416534,810.1556644672224,0.002,0.02,0.01370380986367061,0.0414976751640893,0.03970148289327906,0.0013548127409385526,0.5026732786176334,0.48091548485628133,0.01641123652608529,2.607538477194843,2.9085684728588244,810.1556644672224,0.002,0.02,0.01370380986367061,0.0414976751640893,0.03970148289327906,0.0013548127409385526,0.5026732786176334,0.48091548485628133,0.01641123652608529,2.607538477194843,2.9085684728588244,810.1556644672224,0.002,0.02,0.01370380986367061,0.0414976751640893,0.03970148289327906,0.0013548127409385526,0.5026732786176334,0.48091548485628133,0.01641123652608529,2.607538477194843,2.9085684728588244,0,0,4.58,3.660865478003869,5.78,3.761927838420529,1.61,3.2068258760318495,0.10106236041665984,0.45403960197201965,20.2,8,6.4350000000000005,default,0.00333,JBA-summer
Min,PFHxS,1.2657592038467393,0.003764076961194046,0.0015850288066872034,0.004694641270848819,0.14538182873917546,NA,5.335415378240053,8.676012360241116e-4,0.5377580695419284,11136.407529028167,0.8585,0.3685,0.5277143225031983,0.9997219343822318,4.967541798503998,0.021429281556154464,0.16693491083468356,0.8294867989600119,0.003578290205304466,1.1130048157625239,4.046745115259459,27463.09121173789,2.12,0.564,0.5277143225031983,2.4687367511826808,12.266964021931829,0.03279814056355798,0.1671623342096212,0.8306168483088416,0.002220817481537104,1.1124135583755708,4.438749419304322,8677.400135526519,0.67,0.16,0.5277143225031983,0.7802139732511302,3.876823535233172,0.00930443703930723,0.16720034287234012,0.8308057104456699,0.0019939466819899284,1.1123148215626075,3.9383896242634338,0.3920043040448631,0.1083554909960256,108,5.033423755486949,298,5.474216264076255,56.2,4.749736315569061,0.44079250858930585,0.28368743991788836,20.2,8,6.4350000000000005,default,0.00333,JBA-summer
Min,PFOS,108.40138066695908,0.10306578871172851,0.007583559423306942,0.004694641270848819,0.1878499973493647,NA,5.335415378240053,8.676012360241116e-4,0.1425205406582306,534220.7999924556,0.9395,1.22,0.027176551252346328,40.73723885464322,35.30852759244755,0.09167079870648998,0.535048726727296,0.46374725587965016,0.0012040173930539034,2.7548240089195093,5.727720793356053,1085789.333736362,1.91,1.95,0.027176551252346328,82.81865482955675,71.782105057557,0.14652299793250448,0.5351864878369363,0.46386665871788013,9.468534451835826e-4,2.754712203796198,6.035745571043926,412079.693777667,0.725,0.616,0.027176551252346328,31.436400393418133,27.247134118706192,0.04628623934688346,0.5352715194968586,0.4639403589193423,7.881215837990442e-4,2.754643207571188,5.6149812141421815,0.30802477768787284,0.1127395792138719,792,5.898725181589493,3680,6.565847818673518,368,5.565847818673518,0.6671226370840246,0.33287736291597536,20.2,8,6.4350000000000005,default,0.00333,JBA-summer
Min,PFNA,7.772402402355104,0.034226577160151504,0.004333010135167397,0.004694641270848819,0.13600235591729315,NA,5.335415378240053,8.676012360241116e-4,0.07043077981851406,2161.5263636859895,0.012600000000000002,0.041499999999999995,0.02717655125234633,0.05875936216180459,0.09122098612264964,0.0022576391082270663,0.38597043463430203,0.5991998954068872,0.01482966995881082,2.234389991783578,3.334760536901141,4120.153608007218,0.0241,0.061,0.02717655125234633,0.1123889387380548,0.1744782353615759,0.003318457484381953,0.38730015033675674,0.6012642128735519,0.01143563678969134,2.232896365173395,3.614913407748263,1600.7213918978546,0.009380000000000001,0.02,0.02717655125234633,0.043743080720454526,0.0679089563357503,0.0010880188473383452,0.3879994591973568,0.6023498550847894,0.00965068571785364,2.2321129104729596,3.204315748852024,0.28015287084712215,0.13044478804911686,1.97,3.294466226161593,5.29,3.7234556720351857,1.83,3.2624510897304293,0.4289894458735928,0.032015136431163604,20.2,8,6.4350000000000005,default,0.00333,JBA-summer
Min,PFOA,1.0840138066695908,0.01028944485140666,7.297677504884229e-4,0.004694641270848819,0.03595464581721544,NA,5.335415378240053,8.676012360241116e-4,0.13147010845106882,3652.3392393973745,0.3,0.16649999999999998,0.11575625457832493,0.2601633136007018,0.2176155428915387,0.002394579411426548,0.5418111335357086,0.4532019612496785,0.004986905214612812,1.0854498544919724,3.562571109211635,8872.822018318328,0.729,0.383,0.11575625457832493,0.6321968520497054,0.5288057692264392,0.005508251739197406,0.5419553873643069,0.45332262343986257,0.004721989195830635,1.0853342416899243,3.948061770007899,2660.131432226463,0.219,0.066,0.11575625457832493,0.18991921892851232,0.1588593463108233,9.492026495744877e-4,0.5430487263706197,0.45423715500132794,0.0027141186280524314,1.0844589800167221,3.4249030948568406,0.3854906607962638,0.13766801435479437,16.3,4.212187604403958,17.3,4.238046103128795,3.73,3.571708831808688,0.02585849872483692,0.6404787725952703,20.2,8,6.4350000000000005,default,0.00333,JBA-summer
Phy,PFOA,568.2907983129024,12.720670218844543,0,0.8,0,NA,NA,NA,13.520670218844543,10087.502275220217,0.3,0.16649999999999998,0,136.38979159509657,0,0,1,0,0,1.5266623909649104,4.003783645684573,24512.630528785136,0.729,0.383,0,331.42719357608473,0,0,1,0,0,1.5266623909649106,4.389389919282885,7363.876660910761,0.219,0.066,0,99.56454786442052,0,0,1,0,0,1.5266623909649104,3.8671065058050287,0.3856062735983121,0.1366771398795441,NA,NA,NA,NA,NA,NA,NA,NA,20.2,8,6.4350000000000005,default,NA,JBA-summer
Phy,PFOS,7546.935109009093,8.253369125873688,0,0.8,0,NA,NA,NA,9.053369125873688,313268.8145742559,0.9395,1.22,0,2836.1382139656175,0,0,1,0,0,2.5230203792532704,5.495917163689815,636874.332982255,1.91,1.95,0,5765.858423282947,0,0,1,0,0,2.5230203792532704,5.804053746500998,241745.4928859345,0.725,0.616,0,2188.6111816126368,0,0,1,0,0,2.5230203792532704,5.383358385824264,0.3081365828111826,0.11255877786555057,NA,NA,NA,NA,NA,NA,NA,NA,20.2,8,6.4350000000000005,default,NA,JBA-summer
Phy,PFHxS,1120.5000466351844,14.74031628561924,0,0.8,0,NA,NA,NA,15.540316285619241,56948.21975099439,0.8585,0.3685,0,884.9933468334015,0,0,1,0,0,1.8217398527214477,4.755480152218383,140629.26717776133,2.12,0.564,0,2185.423290957264,0,0,1,0,0,1.8217398527214477,5.148075713650199,44444.15519297174,0.67,0.16,0,690.6762287459277,0,0,1,0,0,1.8217398527214477,4.647814655422274,0.39259556143181573,0.10766549679610904,NA,NA,NA,NA,NA,NA,NA,NA,20.2,8,6.4350000000000005,default,NA,JBA-summer
Phy,PFNA,1780.6078786442436,11.241844239525637,0,0.8,0,NA,NA,NA,12.041844239525638,1117.884876667427,0.012600000000000002,0.041499999999999995,0,13.461395562550482,0,0,1,0,0,1.9480265357115238,3.0483970808290866,2138.176629181348,0.0241,0.061,0,25.74758992519576,0,0,1,0,0,1.9480265357115236,3.330043578286392,832.2031859635289,0.009380000000000001,0.02,0,10.021261141009804,0,0,1,0,0,1.9480265357115236,2.9202293740905882,0.2816464974573054,0.1281677067384983,NA,NA,NA,NA,NA,NA,NA,NA,20.2,8,6.4350000000000005,default,NA,JBA-summer
Phy,PFDA,5292.893234023786,8.682546495324564,0,0.8,0,NA,NA,NA,9.482546495324565,390.72049534831586,0.002,0.02,0,3.7050252638166503,0,0,1,0,0,2.2908361971917772,2.5918661928557585,390.72049534831586,0.002,0.02,0,3.7050252638166503,0,0,1,0,0,2.2908361971917772,2.5918661928557585,390.72049534831586,0.002,0.02,0,3.7050252638166503,0,0,1,0,0,2.2908361971917772,2.5918661928557585,0,0,NA,NA,NA,NA,NA,NA,NA,NA,20.2,8,6.4350000000000005,default,NA,JBA-summer
Pum,PFDA,35.588307685556806,0.04646843381104224,0.005229248005327941,0.0035072226104982244,0.13608491148667512,NA,13.764018458927511,0.0029959616667297245,0.06343155278668541,1034.0830922421517,0.002,0.02,0.008226648359817016,0.024911815379889766,0.04013734122554047,5.443396459467004e-4,0.37979093665657165,0.6119103801346449,0.008298683208783427,2.7135254415972088,3.01455543726119,1034.0830922421517,0.002,0.02,0.008226648359817016,0.024911815379889766,0.04013734122554047,5.443396459467004e-4,0.37979093665657165,0.6119103801346449,0.008298683208783427,2.7135254415972088,3.01455543726119,1034.0830922421517,0.002,0.02,0.008226648359817016,0.024911815379889766,0.04013734122554047,5.443396459467004e-4,0.37979093665657165,0.6119103801346449,0.008298683208783427,2.7135254415972088,3.01455543726119,0,0,3.745,3.5734518220354854,9.65,3.9845273133437926,0.8799999999999999,2.9444826721501687,0.41107549130830723,0.6289691498853167,20.2,8,6.4350000000000005,default,0.01431,JBA-summer
Pum,PFHxS,0.759858461394321,0.0022596444249510144,0.0032780911995130145,0.0035072226104982244,0.11682366247625342,NA,13.764018458927511,0.0029959616667297245,0.32584154318918807,6887.550953064228,0.8585,0.3685,0.3167965849542258,0.6001514099784627,1.6354889174376486,0.008609903924499878,0.267417332344424,0.7287462398792683,0.0038364277763076,0.9043245252199339,3.838064824716869,16976.626371633156,2.12,0.564,0.3167965849542258,1.4820279431034837,4.036484482848408,0.013177709127321385,0.267915936524572,0.7297018423448995,0.0023822211305284335,0.9035155297051762,4.229851390633928,5363.585338496674,0.67,0.16,0.3167965849542258,0.46837675560345954,1.2755638109199603,0.0037383571992401095,0.26799931568997193,0.7298616431231737,0.002139041186854383,0.9033803922498362,3.729455194950663,0.39178656591705874,0.10860962976620625,10.850000000000001,4.035429738184549,54.1,4.733197265106569,5.15,3.711807229041191,0.6977675269220205,0.32362250914335755,20.2,8,6.4350000000000005,default,0.01431,JBA-summer
Pum,PFNA,4.665915691422597,0.020546841911690938,0.004037859531208001,0.0035072226104982244,0.10928665199391449,NA,13.764018458927511,0.0029959616667297245,0.044406506130188594,2733.1761058471106,0.012600000000000002,0.041499999999999995,0.016314582076791425,0.03527432262715484,0.08518939966048036,9.070792115494903e-4,0.29063269082384524,0.7018936894888399,0.007473619687314857,2.336297070231744,3.436667615349307,5200.657108474217,0.0241,0.061,0.016314582076791425,0.06746914089797075,0.1621405737161727,0.0013332971543257568,0.2921462761800804,0.7020804503871542,0.005773273432765515,2.3340411780896737,3.716058220664542,2018.6412440292095,0.009380000000000001,0.02,0.016314582076791425,0.02625977351132638,0.06294388465833259,4.3714660797565796e-4,0.2929444194133138,0.7021789330704121,0.00487664751627404,2.3328563039510732,3.305059142330138,0.2793906053152351,0.13160847301916911,0.1795,2.254064452914338,3.99,3.6009728956867484,0.0459,1.6618126855372612,1.3469084427724103,0.5922517673770769,20.2,8,6.4350000000000005,default,0.01431,JBA-summer
Pum,PFOA,0.6507533666457869,0.0061769424307802755,9.346123784452143e-4,0.0035072226104982244,0.028891873515632566,NA,13.764018458927511,0.0029959616667297245,0.08010937976600181,3037.213672762347,0.3,0.16649999999999998,0.0694906023462781,0.15618080799498885,0.08616639615875261,9.620993880705644e-4,0.6419023264687846,0.35414344993982183,0.003954223591393538,1.0053540915737558,3.4824753462934184,7378.438288737204,0.729,0.383,0.0694906023462781,0.37951936342782294,0.20934963401333684,0.0022131175112974546,0.6420755320237509,0.3541802885207845,0.003744179455464429,1.0052369209906098,3.8679644493085843,2212.045048293982,0.219,0.066,0.0694906023462781,0.11401198983634188,0.0628121942665382,3.813727304063499e-4,0.6433883444389018,0.35445950673900933,0.002152148822088815,1.0043498522890528,3.344793967129171,0.3854891030151659,0.13768137916424728,0.6005,2.7785130117389247,3.58,3.5538830266438746,0.04425,1.6459132750338443,0.7753700149049498,1.1325997367050804,20.2,8,6.4350000000000005,default,0.01431,JBA-summer
Pum,PFOS,65.07533666457869,0.06187228297047312,0.005882567604772332,0.0035072226104982244,0.15094957104906578,NA,13.764018458927511,0.0029959616667297245,0.08757665526253511,632289.0447059963,0.9395,1.22,0.01631458207679142,24.455311518548672,30.88161648061004,0.03683169533597205,0.44164079978445175,0.557694053121705,6.651470938433299e-4,2.828018872681195,5.80091565711774,1285009.0520564497,1.91,1.95,0.01631458207679142,49.71755721173812,62.76036721673747,0.05887033270913566,0.441789348250447,0.5576875309974998,5.231207520532718e-4,2.8278728197536864,6.108906187001414,487663.9922023009,0.725,0.616,0.01631458207679142,18.871847632727818,23.817536709171453,0.018596987153244905,0.44188104999217237,0.5576835047684482,4.354452393795097e-4,2.8277826830678037,5.688120689638797,0.30799052988367404,0.11279496747894235,724.5,5.860038389807193,1530,6.184691430817598,174,5.2405492482825995,0.3246530410104054,0.6194891415245936,20.2,8,6.4350000000000005,default,0.01431,JBA-summer
Swa,PFDA,69.20482708118526,0.0903622604098087,0.006512026035836562,0.005128714269782777,0.18096469459584433,NA,4.002657566317201,5.957914560540106e-4,0.118000495798059,779.260591833414,0.002,0.02,0.01599749508263097,0.04844337895682968,0.04242396906782699,0.001085788167575066,0.5268268268257522,0.4613651129760052,0.011808060198242527,2.5906527183244124,2.8916827139883936,779.260591833414,0.002,0.02,0.01599749508263097,0.04844337895682968,0.04242396906782699,0.001085788167575066,0.5268268268257522,0.4613651129760052,0.011808060198242527,2.5906527183244124,2.8916827139883936,779.260591833414,0.002,0.02,0.01599749508263097,0.04844337895682968,0.04242396906782699,0.001085788167575066,0.5268268268257522,0.4613651129760052,0.011808060198242527,2.5906527183244124,2.8916827139883936,0,0,4.76,3.677606952720493,9.51,3.978180516937414,2.41,3.3820170425748683,0.3005735642169207,0.29558991014562475,20.2,8,6.4350000000000005,default,0.00214,JBA-summer
Swa,PFHxS,1.4776165782199016,0.004394092101130282,0.0016937204397948582,0.005128714269782777,0.155351230129971,NA,4.002657566317201,5.957914560540106e-4,0.6272574207856921,10350.472683743717,0.8585,0.3685,0.6160408939749842,1.1670511258096428,5.308185595217334,0.017174078490868296,0.17975620487482294,0.8175985406856175,0.0026452544395594497,1.0812198840403562,4.0149601835372914,25533.992999622358,2.12,0.564,0.6160408939749842,2.8819433741600964,13.108157789004949,0.026285428137991094,0.1799371760747211,0.8184216654787,0.0016411584465789674,1.0807828740518854,4.407118734980637,8068.349706107975,0.67,0.16,0.6160408939749842,0.9108028588147474,4.1426725087893,0.007456859046238609,0.17996740877472425,0.8185591751208331,0.0014734161044425073,1.0807099108534821,3.9067847135543086,0.39215855144334544,0.10817546998298289,34.400000000000006,4.53655844257153,92.1,4.964259630196849,30.1,4.478566495593843,0.4277011876253187,0.05799194697768684,20.2,8,6.4350000000000005,default,0.00214,JBA-summer
Swa,PFNA,9.073313950562964,0.039955275595757046,0.004630141610555344,0.005128714269782777,0.14532857012158576,NA,4.002657566317201,5.957914560540106e-4,0.08143937791101818,2061.4101541845175,0.012600000000000002,0.041499999999999995,0.03172524643492301,0.06859425346625601,0.09747636641197344,0.0018093406980137423,0.40859107442489373,0.5806313396631055,0.010777585912000643,2.2137938658644907,3.3141644109820536,3933.0178113605307,0.0241,0.061,0.03172524643492301,0.13120011972514045,0.18644289131179043,0.0026595128332250195,0.4096131311732227,0.5820837408929396,0.008303127933837735,2.2127088706180156,3.594725913192884,1528.7729961610898,0.009380000000000001,0.02,0.03172524643492301,0.05106461091376836,0.07256573944002467,8.719714207295146e-4,0.4101498685803459,0.582846475517488,0.007003655902166074,2.2121401644736185,3.184343002852683,0.2805615022108303,0.12982140812937049,2.075,3.3170181010481117,8.3,3.9190780923760737,1.03,3.012837224705172,0.6020599913279621,0.30418087634293967,20.2,8,6.4350000000000005,default,0.00214,JBA-summer
Swa,PFOA,1.2654514119955746,0.012011648224174245,7.79810783306021e-4,0.005128714269782777,0.03842019669881003,NA,4.002657566317201,5.957914560540106e-4,0.15305121579922332,3516.245969442127,0.3,0.16649999999999998,0.13513104252196026,0.3037083388789379,0.23253829296819264,0.0019190888251055607,0.564339806889908,0.4320942119422309,0.0035659811678610434,1.0689579926363049,3.546079247355967,8542.85141847175,0.729,0.383,0.13513104252196026,0.7380112634758192,0.5650680519127083,0.004414480600693272,0.5644472392447998,0.43217646894086426,0.0033762918143358175,1.0688753246446618,3.9316028529626363,2562.6765465069384,0.219,0.066,0.13513104252196026,0.2217070873816247,0.1697529538667807,7.607198946364386e-4,0.5652609686838294,0.43279951161196245,0.001939519704208126,1.0682496794315515,3.4086937942716697,0.3855236056066693,0.13738545308429728,2.01,3.3031960574204886,8.29,3.9185545305502734,1.1,3.041392685158225,0.6153584731297848,0.2618033722622637,20.2,8,6.4350000000000005,default,0.00214,JBA-summer
Swa,PFOS,126.54514119955748,0.12031650063055709,0.00810359379429793,0.005128714269782777,0.20073160739015963,NA,4.002657566317201,5.957914560540106e-4,0.16527405512956084,516468.86367618025,0.9395,1.22,0.03172524643492301,47.5556640627937,37.729771616820145,0.07346776830479843,0.5571259955536986,0.4420133119427993,8.606925035022793e-4,2.7401473599259227,5.713044144362467,1049786.0712004208,1.91,1.95,0.03172524643492301,96.68048787646191,76.70448513903828,0.11742799032324337,0.5572285300721397,0.44209466090595356,6.768090219068612e-4,2.7400674389049815,6.021100806152709,398433.75850545906,0.725,0.616,0.03172524643492301,36.69809094787166,29.115576819792018,0.0370952010457015,0.5572918109591178,0.4421448667743912,5.63322266491099e-4,2.740018121653349,5.600356128224343,0.3080566617902418,0.11268801613812407,460.5,5.663229634532867,1010,6.004321373782642,330,5.518513939877887,0.34109173924977476,0.14471569465498035,20.2,8,6.4350000000000005,default,0.00214,JBA-summer
Bas,PFNA,1.0850524615629928,0.004778140641205746,0.0030732283817199715,0.0017258177196864419,0.04069607559602116,NA,110.9433149732518,0.03866906799928447,0.013371121012435361,1846.2478620364332,0.0036655,0.125,0.0037939342698232034,0.0023863558787154903,0.02179134675857346,5.087009449502646e-4,0.09666680975888965,0.8827266671704006,0.020606523070709766,2.7021567815631724,3.2662900054052777,3833.418293345193,0.006086,0.45,0.0037939342698232034,0.003962177568643425,0.045463598921137646,0.0018313234018209525,0.07730007310250865,0.886971736935636,0.03572818996185535,2.7992542629827875,3.5835862110049357,1448.4102411412057,0.00266,0.125,0.0037939342698232034,0.0017317437286545367,0.01712642393634494,5.087009449502646e-4,0.08941784877731096,0.8843155949096607,0.026266556313028277,2.7360099502508515,3.1608915868819185,0.317296205599658,0.10539841852335918,0.17925,2.2534591643398376,11.65,4.066325925362038,0.09075,1.9578466337081502,1.8128667610222,0.29561253063168746,14.5,8,8,default,0.496,Willow Grove
Bas,PFOA,0.15133182617239527,0.0014364397114529862,7.703696841007934e-4,0.0017258177196864419,0.01075873262883318,NA,110.9433149732518,0.03866906799928447,0.020092573869086316,408.22468001559065,0.033495,0.125,0.016159946753846095,0.004055087614115504,0.004012712766421461,1.3448415786041474e-4,0.4943851429601607,0.4892189179291131,0.016395939110726242,1.0859192751627245,2.6108992572898435,836.7066583725264,0.06314,0.8301,0.016159946753846095,0.00764407320362003,0.00827443474096688,8.930823955194423e-4,0.45469066572387534,0.4921863175090034,0.05312301676712118,1.1222686474865722,2.922573225042771,128.3846225903167,0.009711000000000001,0.125,0.016159946753846095,0.0011756666911681044,0.0012694266640221866,1.3448415786041474e-4,0.45575939673071375,0.4921064234743288,0.05213417979495747,1.1212490546253397,2.1085130087475754,0.31167396775292744,0.5023862485422681,0.11925,2.0764583877121514,0.2395,2.379305517750582,0.082,1.9138138523837167,0.30284713003843056,0.1626445353284347,14.5,8,8,default,0.496,Willow Grove
Bas,PFHxS,0.1767040702194938,5.254772927117871e-4,0.0029126390213452175,0.0017258177196864419,0.04350270149919504,NA,110.9433149732518,0.03866906799928447,0.07883455670513788,749.1313813804466,0.08046500000000001,0.3167,0.07367062267139443,0.013081013569394645,0.04459869623916093,0.0013777305564795068,0.2214964530894104,0.7551748935188454,0.023328653391744204,0.9689509745830823,2.874557990202637,13628.838887794342,1.493,3.5425,0.07367062267139443,0.24271364269068793,0.8162989974282333,0.015410832006089843,0.2259012847240252,0.759755365185521,0.014343350090453686,0.9603990498628652,4.134458857587891,165.13962107466037,0.016640000000000002,0.1535,0.07367062267139443,0.0027051272701761873,0.009645815083686464,6.677664680126438e-4,0.20778767750230118,0.7409194886883583,0.05129283380934044,0.9966979617848244,2.2178512837395297,1.2599008673852539,0.6567067064631074,2.29,3.359835482339888,312.5,5.494850021680094,0.209,2.3201462861110542,2.135014539340206,1.0396891962288337,14.5,8,8,default,0.496,Willow Grove
Bas,PFOS,15.133182617239527,0.014388316759140827,0.004202564562483398,0.0017258177196864419,0.056210479894121174,NA,110.9433149732518,0.03866906799928447,0.02411063331113387,443914.3698408377,0.35679999999999995,3.3716999999999997,0.0037939342698232034,2.159807823132425,8.524296282137179,0.018952487505900836,0.20179355349669753,0.796435691827606,0.0017707546756964402,3.094874357986683,5.6472992036907685,1097260.0331491774,0.8241,50.925,0.0037939342698232034,4.988502317946838,21.180880119414766,0.2862518688608121,0.18856105509341473,0.8006188728740093,0.010820072032575878,3.1243296465058843,6.040309560646109,128443.34669916163,0.1031,1.0768,0.0037939342698232034,0.624092451134958,2.4667052379083665,0.006052744474998968,0.20152489263936724,0.7965206234083283,0.001954483952304555,3.095452947665471,5.108711612948987,0.39301035695534026,0.5385875907417814,1782.5,6.251029538523903,17525,7.2436580266386965,682.5,5.834102655712794,0.9926284881147938,0.4169268828111088,14.5,8,8,default,0.496,Willow Grove
Bgl,PFHxS,0.27110756757574467,8.06211596973526e-4,0.0028379929264392705,0.0022040461704756474,0.052261942814995535,NA,50.10342388108699,0.013674271775966572,0.11887713163264166,1032.9796882918886,0.08046500000000001,0.3167,0.11302888093875321,0.02006949679098371,0.10107302985898534,0.0016551357289509084,0.1634354954498624,0.8230859439905431,0.013478560559594472,1.1084847663555573,3.014091781975112,18974.09285314943,1.493,3.5425,0.11302888093875321,0.3723825105193399,1.864689429952258,0.018513793242212168,0.1650934854540927,0.826698538690461,0.008207975855446338,1.1041012138233037,4.278161021548329,220.87681112190015,0.016640000000000002,0.1535,0.11302888093875321,0.0041503315305035605,0.02130464939762251,8.022208222101815e-4,0.15806450245408998,0.8113830864459759,0.030552411099934066,1.1229968016558596,2.344150123610565,1.2640692395732174,0.669941658364547,3.875,3.588271706842329,557.5,5.746244871720198,0.107,2.0293837776852097,2.1579731648778693,1.5588879291571192,14.5,8,8,default,0.146,Willow Grove
Bgl,PFOS,23.218029578736562,0.022075221885011573,0.004808864552908929,0.0022040461704756474,0.06752842431830068,NA,50.10342388108699,0.013674271775966572,0.03490896225966786,339968.19490149344,0.35679999999999995,3.3716999999999997,0.005820829651271709,3.313677181477282,8.53149114499896,0.02276855882740144,0.2792125719492737,0.7188689346303918,0.0019184934203346081,2.9790134436179576,5.531438289322042,830140.8200462227,0.8241,50.925,0.005820829651271709,7.653591270334721,20.981874786027646,0.34388850084094624,0.2641049597991233,0.7240283680097437,0.011866672191132941,3.0031718555630063,5.919151769703231,98343.07767284875,0.1031,1.0768,0.005820829651271709,0.9575115398270958,2.4682717864233714,0.007271460730594617,0.2789094841883098,0.7189724427887458,0.0021180730229443698,2.9794851302449623,4.992743795528479,0.3877134803811888,0.5386944937935638,810,5.9084850188786495,11700,7.068185861746161,212.5,5.32735893438633,1.1597008428675117,0.5811260844923192,14.5,8,8,default,0.146,Willow Grove
Bgl,PFNA,1.664737734569541,0.007330844644172735,0.0033531280824498507,0.0022040461704756474,0.04889020456886679,NA,50.10342388108699,0.013674271775966572,0.01870884854836994,1315.2535699890327,0.0036655,0.125,0.00582082965127171,0.0036612576996387916,0.020334494586878065,6.111275571108348e-4,0.14879000193870281,0.826374360183011,0.024835637878286104,2.5548762654329713,3.119009489275076,2652.946960064731,0.006086,0.45,0.00582082965127171,0.006078956311554137,0.041354567365556344,0.0022000592055990056,0.12247667725135798,0.8331973023846068,0.044326020364035115,2.6393966192683327,3.423728567290481,1020.8125583851597,0.00266,0.125,0.00582082965127171,0.0026569214243729877,0.01583017856961818,6.111275571108348e-4,0.13911874372968597,0.8288820796202498,0.03199917665006414,2.584064367618108,3.008946004249175,0.30471907801540477,0.11006348502590102,0.161875,2.209179781425327,8.7,3.9395192526186187,0.07875,1.8962505624616381,1.7303394711932918,0.31292921896368875,14.5,8,8,default,0.146,Willow Grove
Bgl,PFOA,0.23218029578736563,0.0022038523258547,7.924888458953018e-4,0.0022040461704756474,0.012924996610160186,NA,50.10342388108699,0.013674271775966572,0.029993726008091026,438.38387067964015,0.033495,0.125,0.024793338665865375,0.006221503205918249,0.006765700039986285,1.6156245762700234e-4,0.47316252690146104,0.5145502013294778,0.012287271769061137,1.1168745847823787,2.641854566909498,874.5983320934293,0.06314,0.8301,0.024793338665865375,0.011727891100811412,0.013431667670522915,0.001072903968609397,0.4470754887589548,0.5120246544778558,0.04089985676318923,1.1415040672302401,2.9418086447864384,134.29756933267353,0.009711000000000001,0.125,0.024793338665865375,0.0018037622819128863,0.0020627597585769295,1.6156245762700234e-4,0.44779653524055135,0.5120944606651863,0.04010900409426239,1.1408041982712742,2.1280681523935097,0.2999540778769405,0.5137864145159883,0.16375,2.2141813086638207,15.649999999999999,4.194514341882467,0.07875,1.8962505624616381,1.9803330332186464,0.31793074620218253,14.5,8,8,default,0.146,Willow Grove
Phy,PFHxS,1120.5000466351844,14.74031628561924,0,0.8,0,NA,NA,NA,15.540316285619241,5337.610369555927,0.08046500000000001,0.3167,0,82.94815335230011,0,0,1,0,0,1.8217398527214477,3.7273468683410025,99037.49806433852,1.493,3.5425,0,1539.074044056224,0,0,1,0,0,1.8217398527214477,4.995799660446473,1103.8070782254476,0.016640000000000002,0.1535,0,17.153511113928715,0,0,1,0,0,1.821739852721448,3.042893174676153,1.268452792105471,0.6844536936648495,NA,NA,NA,NA,NA,NA,NA,NA,14.5,8,8,default,NA,Willow Grove
Phy,PFNA,1780.6078786442436,11.241844239525637,0,0.8,0,NA,NA,NA,12.041844239525638,325.20690598606774,0.0036655,0.125,0,3.916090907502285,0,0,1,0,0,1.9480265357115238,2.512159759553629,539.9561396347586,0.006086,0.45,0,6.50206772965732,0,0,1,0,0,1.9480265357115236,2.732358483733672,235.99791840756788,0.00266,0.125,0,2.8418501743162126,0,0,1,0,0,1.9480265357115236,2.3729081723425907,0.22019872418004294,0.13925158721103825,NA,NA,NA,NA,NA,NA,NA,NA,14.5,8,8,default,NA,Willow Grove
Phy,PFOA,568.2907983129024,12.720670218844543,0,0.8,0,NA,NA,NA,13.520670218844543,1126.2696290283377,0.033495,0.125,0,15.227920231592535,0,0,1,0,0,1.5266623909649106,3.05164237309203,2123.0829788580154,0.06314,0.8301,0,28.705504804381327,0,0,1,0,0,1.5266623909649104,3.326966968521109,326.5324486488785,0.009711000000000001,0.125,0,4.414937553933277,0,0,1,0,0,1.5266623909649104,2.513926345087146,0.2753245954290793,0.5377160280048838,NA,NA,NA,NA,NA,NA,NA,NA,14.5,8,8,default,NA,Willow Grove
Phy,PFOS,7546.935109009093,8.253369125873688,0,0.8,0,NA,NA,NA,9.053369125873688,118972.12670579508,0.35679999999999995,3.3716999999999997,0,1077.0985787577777,0,0,1,0,0,2.5230203792532704,5.075445224957356,274789.6009479982,0.8241,50.925,0,2487.771689333758,0,0,1,0,0,2.5230203792532704,5.4390002933934944,34377.87629867565,0.1031,1.0768,0,311.235603895535,0,0,1,0,0,2.5230203792532704,4.536279044536787,0.3635550684361384,0.539166180420569,NA,NA,NA,NA,NA,NA,NA,NA,14.5,8,8,default,NA,Willow Grove
Pry,PFHxS,1.056021355435863,0.003140364804336304,5.102315704911431e-4,0.0047936575775709145,0.09359880209811555,NA,4.0102076788703664,5.032193661189008e-4,0.44871566769297105,554.4781585393214,0.08046500000000001,0.3167,0.4402714137405727,0.07817493769593499,0.14987818099707437,0.020749918437131233,0.3142041134129897,0.6023969109294999,0.08339897565751032,0.8382774278995805,2.743884443519135,9947.385389748366,1.493,3.5425,0.4402714137405727,1.4505086929724842,2.7809373544849567,0.232101629502802,0.3249676709984886,0.6230329674396635,0.051999361561847916,0.8236491363350094,3.997708944060035,127.51530916341167,0.016640000000000002,0.1535,0.4402714137405727,0.016166419726096542,0.030994506080796846,0.010057191285442515,0.282540225852031,0.5416904235205673,0.17576935062740168,0.8844090062353799,2.1055623281900853,1.2538245005408997,0.6383221153290499,8.47,3.9278834103307068,25.1,4.399673721481038,5.27,3.7218106152125467,0.47179031115033165,0.20607279511816,14.5,8,8,default,0.003,Willow Grove
Pry,PFNA,6.484505816733383,0.028555191457228967,0.001394825480075201,0.0047936575775709145,0.08756016970468875,NA,4.0102076788703664,5.032193661189008e-4,0.05741703798113032,530.5992981577574,0.0036655,0.125,0.02267336346625524,0.014261373642741729,0.008542551563183055,0.007661514849160265,0.4681164498840493,0.28040138424841826,0.25148216586753247,2.16063344734809,2.7247666711901952,1139.7987873341817,0.006086,0.45,0.02267336346625524,0.02367882144038362,0.014183595365852423,0.027581453456976955,0.3618187821891984,0.21672916514268625,0.4214520526681154,2.2724962425570974,3.056828190579246,421.65169642396313,0.00266,0.125,0.02267336346625524,0.010349271283506479,0.0061992053357159795,0.007661514849160265,0.4274793445103941,0.25605979018257374,0.31646086530703227,2.2000722153250325,2.6249538519560995,0.3320615193890508,0.09981281923409568,0.159,2.2013971243204513,0.589,2.7701152947871015,0.0403,1.6053050461411096,0.5687181704666502,0.5960920781793417,14.5,8,8,default,0.003,Willow Grove
Pry,PFOA,0.9043913928900956,0.008584471253017796,2.349172102453643e-4,0.0047936575775709145,0.023148090841469435,NA,4.0102076788703664,5.032193661189008e-4,0.11018834763728427,309.29610933198626,0.033495,0.125,0.0965753015964502,0.024234071763883,0.00782129750542081,0.0020254579486285755,0.7110763952094362,0.22949259580487708,0.05943100898568669,0.965394474874842,2.4903744570019613,670.4599539297784,0.06314,0.8301,0.0965753015964502,0.04568261803766451,0.01474359529757486,0.013450661145252644,0.618361542213423,0.19956983022431554,0.18206862756226153,1.026068265322384,2.8263728428785826,102.72478787118722,0.009711000000000001,0.125,0.0965753015964502,0.007026035853084576,0.0022675808352035083,0.0020254579486285755,0.6207252870450621,0.2003327045664929,0.17894200838844496,1.0244112989855068,2.011675253107742,0.33599838587662134,0.47869920389421905,0.098,1.9912260756924949,0.91,2.9590413923210934,0.0806,1.9063350418050906,0.9678153166285985,0.08489103388740427,14.5,8,8,default,0.003,Willow Grove
Pry,PFOS,90.43913928900957,0.08598766144749627,0.0024411994394941037,0.0047936575775709145,0.12094038765724248,NA,4.0102076788703664,5.032193661189008e-4,0.11589588193081651,151079.3696758442,0.35679999999999995,3.3716999999999997,0.022673363466255238,12.907473959327445,4.316560537261628,0.2854422935447471,0.7371707398247619,0.24652710009552706,0.01630216007971107,2.626780318518163,5.179205164222249,380458.11351097916,0.8241,50.925,0.022673363466255238,29.81235787522912,9.969948258848959,4.31122246901155,0.676116401197707,0.22610910432217854,0.09777449448011431,2.66432693600084,5.580306850141064,43730.39104032244,0.1031,1.0768,0.022673363466255238,3.729710104278755,1.2473021059183684,0.0911600266005231,0.735908317637483,0.24610491665265177,0.017986765709865276,2.6275246955714007,4.640783360854917,0.4011016859188157,0.5384218033673314,1115,6.047274867384179,1590,6.201397124320452,705,5.848189116991398,0.15412225693627235,0.19908575039278098,14.5,8,8,default,0.003,Willow Grove
